Date,Trap_Type,Trap_Number
4/13/21,Minnow,1106-Y
4/13/21,Fukui,1357-G
4/13/21,Minnow,142-P
4/13/21,Fukui,1431-R
4/13/21,Minnow,668-P
4/13/21,Fukui,1495-R
4/13/21,Minnow,1481-R
4/13/21,Fukui,1122-B
4/13/21,Fukui,1452-R
4/13/21,Minnow,1084-Y
4/13/21,Fukui,1429-R
4/13/21,Minnow,688-P
4/13/21,Fukui,121-Y
4/13/21,Minnow,183-P
4/13/21,Minnow,1426-R
4/13/21,Fukui,1309-G
4/13/21,Minnow,1320-G
4/13/21,Fukui,22-P
4/13/21,Minnow,174-P
4/13/21,Fukui,611-P
4/13/21,Minnow,1178-B
4/13/21,Fukui,1187-Y
4/13/21,Fukui,1194-Y
4/13/21,Minnow,1131-Y
4/13/21,Minnow,57-P
4/13/21,Fukui,1121-B
4/13/21,Fukui,1311-G
4/13/21,Minnow,678-P
4/13/21,Minnow,1389-G
4/13/21,Fukui,1124-B
4/13/21,Minnow,1151-Y
4/13/21,Fukui,1408-R
4/13/21,Minnow,1399-G
4/13/21,Fukui,1406-R
4/13/21,Minnow,160-P
4/13/21,Fukui,1316-G
4/13/21,Minnow,1107-Y
4/13/21,Fukui,1314-G
4/13/21,Minnow,161-P
4/13/21,Fukui,1141-B
4/13/21,Minnow,158-P
4/13/21,Fukui,176-Y
4/13/21,Minnow,1323-G
4/13/21,Fukui,1436-R
4/13/21,Fukui,1358-G
4/13/21,Minnow,196-P
4/13/21,Fukui,1432-R
4/13/21,Minnow,1154-Y
4/13/21,Fukui,871-R
4/13/21,Minnow,1388-P
4/13/21,Minnow,1383-P
4/13/21,Fukui,164-Y
4/13/21,Minnow,658-P
4/13/21,Fukui,1394-G
4/13/21,Minnow,1182-B
4/13/21,Fukui,1101-Y
4/13/21,Minnow,1404-R
4/13/21,Fukui,177-Y
4/13/21,Minnow,141-P
4/13/21,Fukui,149-Y
4/13/21,Minnow,51-P
4/13/21,Fukui,1172-Y
4/13/21,Minnow,1378-P
4/13/21,Fukui,1304-G
4/13/21,Minnow,147-Y
4/13/21,Fukui,104-Y
4/13/21,Minnow,168-P
4/13/21,Fukui,1312-G
4/13/21,Minnow,1351-G
4/13/21,Fukui,581-P
4/13/21,Fukui,1361-G
4/13/21,Minnow,172-P
4/13/21,Fukui,12-P
4/13/21,Minnow,1427-R
4/13/21,Fukui,145-Y
4/13/21,Minnow,684-P
4/13/21,Fukui,367-R
4/13/21,Minnow,630-P
4/13/21,Fukui,20-P
4/13/21,Minnow,1425-R
4/13/21,Fukui,1136-B
4/13/21,Minnow,1467-R
4/13/21,Fukui,1489-R
4/13/21,Minnow,1413-R
4/13/21,Fukui,1356-G
4/13/21,Minnow,1397-P
4/13/21,Fukui,128-Y
4/13/21,Minnow,637-P
4/13/21,Fukui,573-P
4/13/21,Minnow,1148-B
4/13/21,Fukui,23-P
4/13/21,Minnow,1092-Y
4/13/21,Fukui,1190-Y
4/13/21,Minnow,173-Y
4/13/21,Fukui,1100-Y
4/13/21,Minnow,1142-B
4/13/21,Fukui,123-Y
4/13/21,Minnow,681-P
4/13/21,Fukui,115-Y
4/13/21,Minnow,166-P
4/14/21,Minnow,1106-Y
4/14/21,Fukui,1357-G
4/14/21,Minnow,142-P
4/14/21,Fukui,1431-R
4/14/21,Minnow,668-P
4/14/21,Fukui,1495-R
4/14/21,Minnow,1481-R
4/14/21,Fukui,1122-B
4/14/21,Fukui,1452-R
4/14/21,Minnow,1084-Y
4/14/21,Fukui,1429-R
4/14/21,Minnow,688-P
4/14/21,Fukui,121-Y
4/14/21,Minnow,183-P
4/14/21,Minnow,1426-R
4/14/21,Fukui,1309-G
4/14/21,Minnow,1320-G
4/14/21,Fukui,22-P
4/14/21,Minnow,174-P
4/14/21,Fukui,611-P
4/14/21,Minnow,1178-B
4/14/21,Fukui,1187-Y
4/14/21,Fukui,1194-Y
4/14/21,Minnow,1131-Y
4/14/21,Minnow,57-P
4/14/21,Fukui,1121-B
4/14/21,Fukui,1311-G
4/14/21,Minnow,678-P
4/14/21,Minnow,1389-G
4/14/21,Fukui,1124-B
4/14/21,Minnow,1151-Y
4/14/21,Fukui,1408-R
4/14/21,Minnow,1399-G
4/14/21,Fukui,1406-R
4/14/21,Minnow,160-P
4/14/21,Fukui,1316-G
4/14/21,Minnow,1107-Y
4/14/21,Fukui,1314-G
4/14/21,Minnow,161-P
4/14/21,Fukui,1141-B
4/14/21,Minnow,158-P
4/14/21,Fukui,176-Y
4/14/21,Minnow,1323-G
4/14/21,Fukui,1436-R
4/14/21,Fukui,1358-G
4/14/21,Minnow,196-P
4/14/21,Fukui,1432-R
4/14/21,Minnow,1154-Y
4/14/21,Fukui,871-R
4/14/21,Minnow,1388-P
4/14/21,Minnow,1383-P
4/14/21,Fukui,164-Y
4/14/21,Minnow,658-P
4/14/21,Fukui,1394-G
4/14/21,Minnow,1182-B
4/14/21,Fukui,1101-Y
4/14/21,Minnow,1404-R
4/14/21,Fukui,177-Y
4/14/21,Minnow,141-P
4/14/21,Fukui,149-Y
4/14/21,Minnow,51-P
4/14/21,Fukui,1172-Y
4/14/21,Minnow,1378-P
4/14/21,Fukui,1304-G
4/14/21,Minnow,147-Y
4/14/21,Fukui,104-Y
4/14/21,Minnow,168-P
4/14/21,Fukui,1312-G
4/14/21,Minnow,1351-G
4/14/21,Fukui,581-P
4/14/21,Fukui,1361-G
4/14/21,Minnow,172-P
4/14/21,Fukui,12-P
4/14/21,Minnow,1427-R
4/14/21,Fukui,145-Y
4/14/21,Minnow,684-P
4/14/21,Fukui,367-R
4/14/21,Minnow,630-P
4/14/21,Fukui,20-P
4/14/21,Minnow,1425-R
4/14/21,Fukui,1136-B
4/14/21,Minnow,1467-R
4/14/21,Fukui,1489-R
4/14/21,Minnow,1413-R
4/14/21,Fukui,1356-G
4/14/21,Minnow,1397-P
4/14/21,Fukui,128-Y
4/14/21,Minnow,637-P
4/14/21,Fukui,573-P
4/14/21,Minnow,1148-B
4/14/21,Fukui,23-P
4/14/21,Minnow,1092-Y
4/14/21,Fukui,1190-Y
4/14/21,Minnow,173-Y
4/14/21,Fukui,1100-Y
4/14/21,Minnow,1142-B
4/14/21,Fukui,123-Y
4/14/21,Minnow,681-P
4/14/21,Fukui,115-Y
4/14/21,Minnow,166-P
4/14/21,"Shrimp - 1/2""",107-Y
4/14/21,"Shrimp - 1/2""",106-Y
4/14/21,"Shrimp - 1/2""",105-Y
4/15/21,Minnow,1106-Y
4/15/21,Fukui,1357-G
4/15/21,Minnow,142-P
4/15/21,Fukui,1431-R
4/15/21,Minnow,668-P
4/15/21,Fukui,1495-R
4/15/21,Minnow,1481-R
4/15/21,Fukui,1122-B
4/15/21,Fukui,1452-R
4/15/21,Minnow,1084-Y
4/15/21,Fukui,1429-R
4/15/21,Minnow,688-P
4/15/21,Fukui,121-Y
4/15/21,Minnow,183-P
4/15/21,Minnow,1426-R
4/15/21,Fukui,1309-G
4/15/21,Minnow,1320-G
4/15/21,Fukui,22-P
4/15/21,Minnow,174-P
4/15/21,Fukui,611-P
4/15/21,Minnow,1178-B
4/15/21,Fukui,1187-Y
4/15/21,Fukui,1194-Y
4/15/21,Minnow,1131-Y
4/15/21,Minnow,57-P
4/15/21,Fukui,1121-B
4/15/21,Fukui,1311-G
4/15/21,Minnow,678-P
4/15/21,Minnow,1389-G
4/15/21,Fukui,1124-B
4/15/21,Minnow,1383-P
4/15/21,Fukui,164-Y
4/15/21,Minnow,658-P
4/15/21,Fukui,1394-G
4/15/21,Minnow,1182-B
4/15/21,Fukui,1101-Y
4/15/21,Minnow,1404-R
4/15/21,Fukui,177-Y
4/15/21,Minnow,141-P
4/15/21,Fukui,149-Y
4/15/21,Minnow,51-P
4/15/21,Fukui,1172-Y
4/15/21,Minnow,1378-P
4/15/21,Fukui,1304-G
4/15/21,Minnow,147-Y
4/15/21,Fukui,104-Y
4/15/21,Minnow,168-P
4/15/21,Fukui,1312-G
4/15/21,Minnow,1351-G
4/15/21,Fukui,581-P
4/15/21,Fukui,1361-G
4/15/21,Minnow,172-P
4/15/21,Fukui,12-P
4/15/21,Minnow,1427-R
4/15/21,Fukui,145-Y
4/15/21,Minnow,684-P
4/15/21,Fukui,367-R
4/15/21,Minnow,630-P
4/15/21,Fukui,20-P
4/15/21,Minnow,1425-R
4/15/21,Fukui,1136-B
4/15/21,Minnow,1467-R
4/15/21,Fukui,1489-R
4/15/21,Minnow,1413-R
4/15/21,Fukui,1356-G
4/15/21,Minnow,1397-P
4/15/21,Fukui,128-Y
4/15/21,Minnow,637-P
4/15/21,Fukui,573-P
4/15/21,Minnow,1148-B
4/15/21,Fukui,23-P
4/15/21,Minnow,1092-Y
4/15/21,Fukui,1190-Y
4/15/21,Minnow,173-Y
4/15/21,Fukui,1100-Y
4/15/21,Minnow,1142-B
4/15/21,Fukui,123-Y
4/15/21,Minnow,681-P
4/15/21,Fukui,115-Y
4/15/21,Minnow,166-P
4/16/21,Minnow,1106-Y
4/16/21,Fukui,1357-G
4/16/21,Minnow,142-P
4/16/21,Fukui,1431-R
4/16/21,Minnow,668-P
4/16/21,Fukui,1495-R
4/16/21,Minnow,1481-R
4/16/21,Fukui,1122-B
4/16/21,Fukui,1452-R
4/16/21,Minnow,1084-Y
4/16/21,Fukui,1429-R
4/16/21,Minnow,688-P
4/16/21,Fukui,121-Y
4/16/21,Minnow,183-P
4/16/21,Minnow,1426-R
4/16/21,Fukui,1309-G
4/16/21,Minnow,1320-G
4/16/21,Fukui,22-P
4/16/21,Minnow,174-P
4/16/21,Fukui,611-P
4/16/21,Minnow,1178-B
4/16/21,Fukui,1187-Y
4/16/21,Fukui,1194-Y
4/16/21,Minnow,1131-Y
4/16/21,Minnow,57-P
4/16/21,Fukui,1121-B
4/16/21,Fukui,1311-G
4/16/21,Minnow,678-P
4/16/21,Minnow,1389-G
4/16/21,Fukui,1124-B
4/16/21,Minnow,1383-P
4/16/21,Fukui,164-Y
4/16/21,Minnow,658-P
4/16/21,Fukui,1394-G
4/16/21,Minnow,1182-B
4/16/21,Fukui,1101-Y
4/16/21,Minnow,1404-R
4/16/21,Fukui,177-Y
4/16/21,Minnow,141-P
4/16/21,Fukui,149-Y
4/16/21,Minnow,51-P
4/16/21,Fukui,1172-Y
4/16/21,Minnow,1378-P
4/16/21,Fukui,1304-G
4/16/21,Minnow,147-Y
4/16/21,Fukui,104-Y
4/16/21,Minnow,168-P
4/16/21,Fukui,1312-G
4/16/21,Minnow,1351-G
4/16/21,Fukui,581-P
4/16/21,Fukui,1361-G
4/16/21,Minnow,172-P
4/16/21,Fukui,12-P
4/16/21,Minnow,1427-R
4/16/21,Fukui,145-Y
4/16/21,Minnow,684-P
4/16/21,Fukui,367-R
4/16/21,Minnow,630-P
4/16/21,Fukui,20-P
4/16/21,Minnow,1425-R
4/16/21,Fukui,1136-B
4/16/21,Minnow,1467-R
4/16/21,Fukui,1489-R
4/16/21,Minnow,1413-R
4/16/21,Fukui,1356-G
4/16/21,Minnow,1397-P
4/16/21,Fukui,128-Y
4/16/21,Minnow,637-P
4/16/21,Fukui,573-P
4/16/21,Minnow,1148-B
4/16/21,Fukui,23-P
4/16/21,Minnow,1092-Y
4/16/21,Fukui,1190-Y
4/16/21,Minnow,173-Y
4/16/21,Fukui,1100-Y
4/16/21,Minnow,1142-B
4/16/21,Fukui,123-Y
4/16/21,Minnow,681-P
4/16/21,Fukui,115-Y
4/16/21,Minnow,166-P
4/27/21,Minnow,154-P
4/27/21,Fukui,618-P
4/27/21,Minnow,1081-Y
4/27/21,Fukui,23-P
4/27/21,Minnow,73-P
4/27/21,Fukui,644-P
4/27/21,Minnow,1343-G
4/27/21,Fukui,176-P
4/27/21,Fukui,690-P
4/27/21,Minnow,75-P
4/27/21,Fukui,602-P
4/27/21,Minnow,1423-R
4/27/21,Fukui,19-P
4/27/21,Minnow,1388-P
4/27/21,Minnow,161-P
4/27/21,Fukui,619-P
4/27/21,Minnow,1323-G
4/27/21,Fukui,570-P
4/27/21,Minnow,160-P
4/27/21,Fukui,621-P
4/27/21,Minnow,1119-Y
4/27/21,Fukui,609-Y
4/27/21,Fukui,20-P
4/27/21,Minnow,139-Y
4/27/21,Minnow,1400-P
4/27/21,Fukui,574-P
4/27/21,Fukui,12-P
4/27/21,Minnow,185-Y
4/27/21,Minnow,158-P
4/27/21,Fukui,648-P
4/27/21,Minnow,668-P
4/27/21,Fukui,166-Y
4/27/21,Minnow,1320-G
4/27/21,Fukui,194-Y
4/27/21,Minnow,57-P
4/27/21,Fukui,115-Y
4/27/21,Minnow,1131-Y
4/27/21,Fukui,178-Y
4/27/21,Minnow,1404-R
4/27/21,Fukui,104-Y
4/27/21,Minnow,142-P
4/27/21,Fukui,184-Y
4/27/21,Minnow,1106-Y
4/27/21,Fukui,1156-Y
4/27/21,Minnow,1426-R
4/27/21,Fukui,1181-Y
4/27/21,Minnow,1178-B
4/27/21,Fukui,1100-Y
4/27/21,Minnow,141-P
4/27/21,Fukui,141-Y
4/27/21,Fukui,128-Y
4/27/21,Minnow,146-P
4/27/21,Fukui,176-Y
4/27/21,Minnow,184-P
4/27/21,Fukui,1172-Y
4/27/21,Minnow,1121-Y
4/27/21,Fukui,1175-Y
4/27/21,Minnow,1072-B
4/27/21,Fukui,148-Y
4/27/21,Minnow,182-Y
4/27/21,Fukui,1177-Y
4/27/21,Minnow,193-P
4/27/21,Fukui,145-Y
4/27/21,Minnow,192-P
4/27/21,Fukui,123-Y
4/27/21,Minnow,662-P
4/27/21,Fukui,121-Y
4/27/21,Minnow,157-P
4/27/21,Fukui,1190-Y
4/27/21,Minnow,35-P
4/27/21,Fukui,119-Y
4/27/21,Minnow,1399-G
4/27/21,Fukui,1167-Y
4/27/21,Minnow,1151-Y
4/27/21,Fukui,164-Y
4/27/21,Minnow,196-P
4/27/21,Fukui,1195-Y
4/27/21,Minnow,1107-Y
4/27/21,Fukui,1187-Y
4/27/21,Minnow,1154-Y
4/28/21,Minnow,154-P
4/28/21,Fukui,618-P
4/28/21,Minnow,1081-Y
4/28/21,Fukui,23-P
4/28/21,Minnow,73-P
4/28/21,Fukui,644-P
4/28/21,Minnow,1343-G
4/28/21,Fukui,176-P
4/28/21,Fukui,690-P
4/28/21,Minnow,75-P
4/28/21,Fukui,602-P
4/28/21,Minnow,1423-R
4/28/21,Fukui,19-P
4/28/21,Minnow,1388-P
4/28/21,Minnow,161-P
4/28/21,Fukui,619-P
4/28/21,Minnow,1323-G
4/28/21,Fukui,570-P
4/28/21,Minnow,160-P
4/28/21,Fukui,621-P
4/28/21,Minnow,1119-Y
4/28/21,Fukui,609-Y
4/28/21,Fukui,20-P
4/28/21,Minnow,139-Y
4/28/21,Minnow,1400-P
4/28/21,Fukui,574-P
4/28/21,Fukui,12-P
4/28/21,Minnow,185-Y
4/28/21,Minnow,158-P
4/28/21,Fukui,648-P
4/28/21,Minnow,668-P
4/28/21,Fukui,166-Y
4/28/21,Minnow,1320-G
4/28/21,Fukui,194-Y
4/28/21,Minnow,57-P
4/28/21,Fukui,115-Y
4/28/21,Minnow,1131-Y
4/28/21,Fukui,178-Y
4/28/21,Minnow,1404-R
4/28/21,Fukui,104-Y
4/28/21,Minnow,142-P
4/28/21,Fukui,184-Y
4/28/21,Minnow,1106-Y
4/28/21,Fukui,1156-Y
4/28/21,Minnow,1426-R
4/28/21,Fukui,1181-Y
4/28/21,Minnow,1178-B
4/28/21,Fukui,1100-Y
4/28/21,Minnow,141-P
4/28/21,Fukui,141-Y
4/28/21,Fukui,128-Y
4/28/21,Minnow,146-P
4/28/21,Fukui,176-Y
4/28/21,Minnow,184-P
4/28/21,Fukui,1172-Y
4/28/21,Minnow,1121-Y
4/28/21,Fukui,1175-Y
4/28/21,Minnow,1072-B
4/28/21,Fukui,148-Y
4/28/21,Minnow,182-Y
4/28/21,Fukui,1177-Y
4/28/21,Minnow,193-P
4/28/21,Fukui,145-Y
4/28/21,Minnow,192-P
4/28/21,Fukui,123-Y
4/28/21,Minnow,662-P
4/28/21,Fukui,121-Y
4/28/21,Minnow,157-P
4/28/21,Fukui,1190-Y
4/28/21,Minnow,35-P
4/28/21,Fukui,119-Y
4/28/21,Minnow,1399-G
4/28/21,Fukui,1167-Y
4/28/21,Minnow,1151-Y
4/28/21,Fukui,164-Y
4/28/21,Minnow,196-P
4/28/21,Fukui,1195-Y
4/28/21,Minnow,1107-Y
4/28/21,Fukui,1187-Y
4/28/21,Minnow,1154-Y
4/28/21,Fukui,1179-Y
4/28/21,Minnow,668-P
4/28/21,Fukui,1101-Y
4/28/21,Minnow,684-P
4/28/21,Minnow,168-P
4/28/21,Fukui,149-Y
4/28/21,Minnow,147-Y
4/28/21,Fukui,624-P
4/28/21,Minnow,678-P
4/28/21,Minnow,1084-Y
4/28/21,Fukui,187-Y
4/28/21,Fukui,1361-G
4/28/21,Minnow,1383-P
4/28/21,Fukui,133-Y
4/28/21,Minnow,174-P
4/28/21,Fukui,1188-Y
4/28/21,Fukui,177-Y
4/28/21,Minnow,630-P
4/28/21,Fukui,1194-Y
4/28/21,Minnow,172-P
4/28/21,Minnow,1092-Y
4/28/21,Fukui,581-P
4/28/21,Minnow,183-P
4/28/21,Fukui,22-P
4/28/21,Minnow,1378-P
4/28/21,Fukui,611-P
4/28/21,Minnow,1481-R
4/28/21,Fukui,572-P
4/28/21,Minnow,1351-G
4/28/21,Fukui,573-P
4/28/21,Minnow,1182-B
4/28/21,Fukui,1489-R
4/28/21,Minnow,1427-R
4/28/21,Fukui,1496-R
4/28/21,Minnow,1389-G
4/28/21,Fukui,1498-R
4/28/21,Minnow,1148-B
4/28/21,Fukui,1488-R
4/28/21,Minnow,658-P
4/28/21,Fukui,1461-R
4/29/21,Minnow,154-P
4/29/21,Fukui,618-P
4/29/21,Minnow,1081-Y
4/29/21,Fukui,23-P
4/29/21,Minnow,73-P
4/29/21,Fukui,644-P
4/29/21,Minnow,1343-G
4/29/21,Fukui,176-P
4/29/21,Fukui,690-P
4/29/21,Minnow,75-P
4/29/21,Fukui,602-P
4/29/21,Minnow,1423-R
4/29/21,Fukui,19-P
4/29/21,Minnow,1388-P
4/29/21,Minnow,161-P
4/29/21,Fukui,619-P
4/29/21,Minnow,1323-G
4/29/21,Fukui,570-P
4/29/21,Minnow,160-P
4/29/21,Fukui,621-P
4/29/21,Minnow,1119-Y
4/29/21,Fukui,609-Y
4/29/21,Fukui,20-P
4/29/21,Minnow,139-Y
4/29/21,Minnow,1400-P
4/29/21,Fukui,574-P
4/29/21,Fukui,12-P
4/29/21,Minnow,185-Y
4/29/21,Minnow,158-P
4/29/21,Fukui,648-P
4/28/21,Fukui,1179-Y
4/28/21,Minnow,668-P
4/28/21,Fukui,1101-Y
4/28/21,Minnow,684-P
4/28/21,Minnow,168-P
4/28/21,Fukui,149-Y
4/28/21,Minnow,147-Y
4/28/21,Fukui,624-P
4/28/21,Minnow,678-P
4/28/21,Minnow,1084-Y
4/28/21,Fukui,187-Y
4/28/21,Fukui,1361-G
4/28/21,Minnow,1383-P
4/28/21,Fukui,133-Y
4/28/21,Minnow,174-P
4/28/21,Fukui,1188-Y
4/28/21,Fukui,177-Y
4/28/21,Minnow,630-P
4/28/21,Fukui,1194-Y
4/28/21,Minnow,172-P
4/28/21,Minnow,668-P
4/28/21,Fukui,166-Y
4/28/21,Minnow,1320-G
4/28/21,Fukui,194-Y
4/28/21,Minnow,57-P
4/28/21,Fukui,115-Y
4/28/21,Minnow,1131-Y
4/28/21,Fukui,178-Y
4/28/21,Minnow,1404-R
4/28/21,Fukui,104-Y
4/28/21,Minnow,142-P
4/28/21,Fukui,184-Y
4/28/21,Minnow,1106-Y
4/28/21,Fukui,1156-Y
4/28/21,Minnow,1426-R
4/28/21,Fukui,1181-Y
4/28/21,Minnow,1178-B
4/28/21,Fukui,1100-Y
4/28/21,Minnow,141-P
4/28/21,Fukui,141-Y
4/28/21,Hand,N/A
4/29/21,Minnow,1121-Y
4/29/21,Fukui,148-Y
4/29/21,Minnow,146-P
4/29/21,Fukui,176-Y
4/29/21,Minnow,184-P
4/29/21,Fukui,128-Y
4/29/21,Fukui,1175-Y
4/29/21,Minnow,182-Y
4/29/21,Fukui,1190-Y
4/29/21,Minnow,1389-G
4/29/21,Fukui,1172-Y
4/29/21,Minnow,1072-B
4/29/21,Minnow,193-P
4/29/21,Fukui,1187-Y
4/29/21,Minnow,157-P
4/29/21,Fukui,1167-Y
4/29/21,Minnow,192-P
4/29/21,Fukui,1461-R
4/29/21,Minnow,183-P
4/29/21,Fukui,1489-R
4/29/21,Minnow,1092-Y
4/29/21,Fukui,1488-R
4/29/21,Minnow,1182-B
4/29/21,Fukui,1496-R
4/29/21,Minnow,658-P
4/29/21,Fukui,121-Y
4/29/21,Minnow,1481-R
4/29/21,Fukui,145-Y
4/29/21,Minnow,1378-P
4/29/21,Fukui,1195-Y
4/29/21,Minnow,662-P
4/29/21,Fukui,1498-R
4/29/21,Minnow,35-P
4/29/21,Fukui,119-Y
4/29/21,Minnow,1399-G
4/29/21,Fukui,123-Y
4/30/21,Minnow,668-P
4/30/21,Fukui,166-Y
4/30/21,Minnow,1320-G
4/30/21,Fukui,115-Y
4/30/21,Minnow,57-P
4/30/21,Fukui,178-Y
4/30/21,Minnow,1131-Y
4/30/21,Fukui,104-Y
4/30/21,Minnow,1404-R
4/30/21,Fukui,184-Y
4/30/21,Minnow,154-P
4/30/21,Fukui,618-P
4/30/21,Minnow,1081-Y
4/30/21,Fukui,23-P
4/30/21,Minnow,73-P
4/30/21,Fukui,644-P
4/30/21,Minnow,1343-G
4/30/21,Fukui,176-P
4/30/21,Fukui,690-P
4/30/21,Minnow,75-P
4/30/21,Fukui,602-P
4/30/21,Minnow,1423-R
4/30/21,Fukui,19-P
4/30/21,Minnow,1388-P
4/30/21,Minnow,161-P
4/30/21,Fukui,619-P
4/30/21,Minnow,1323-G
4/30/21,Fukui,570-P
4/30/21,Minnow,160-P
4/30/21,Fukui,621-P
4/30/21,Minnow,1119-Y
4/30/21,Fukui,609-Y
4/30/21,Fukui,20-P
4/30/21,Minnow,139-Y
4/30/21,Minnow,1400-P
4/30/21,Fukui,574-P
4/30/21,Fukui,12-P
4/30/21,Minnow,185-Y
4/30/21,Minnow,158-P
4/30/21,Fukui,648-P
5/11/21,Minnow,185-Y
5/11/21,Fukui,1496-R
5/11/21,Minnow,1423-R
5/11/21,Fukui,176-P
5/11/21,Minnow,1323-G
5/11/21,Fukui,624-P
5/11/21,Minnow,160-P
5/11/21,Fukui,119-Y
5/11/21,Fukui,1195-Y
5/11/21,Minnow,1072-B
5/11/21,Fukui,1167-Y
5/11/21,Minnow,161-P
5/11/21,Fukui,1179-Y
5/11/21,Minnow,158-P
5/11/21,Minnow,139-Y
5/11/21,Fukui,1361-G
5/11/21,Minnow,147-Y
5/11/21,Fukui,23-P
5/11/21,Minnow,172-P
5/11/21,Fukui,1190-Y
5/11/21,Minnow,1389-G
5/11/21,Fukui,128-Y
5/11/21,Fukui,133-Y
5/11/21,Minnow,1388-P
5/11/21,Minnow,75-P
5/11/21,Fukui,1101-Y
5/11/21,Fukui,187-Y
5/11/21,Minnow,1404-R
5/11/21,Minnow,684-P
5/11/21,Fukui,1172-Y
5/11/21,Fukui,619-P
5/11/21,Minnow,1119-Y
5/11/21,Fukui,1177-Y
5/11/21,Minnow,668-P
5/11/21,Fukui,644-P
5/11/21,Minnow,73-P
5/11/21,Fukui,115-Y
5/11/21,Minnow,168-P
5/11/21,Fukui,184-Y
5/11/21,Minnow,174-P
5/11/21,Fukui,166-Y
5/11/21,Minnow,1383-P
5/11/21,Fukui,178-Y
5/11/21,Minnow,1131-Y
5/11/21,Fukui,1461-R
5/11/21,Minnow,1343-G
5/11/21,Fukui,1489-R
5/11/21,Minnow,182-Y
5/11/21,Fukui,621-P
5/11/21,Minnow,193-P
5/11/21,Fukui,498-R
5/11/21,Minnow,1081-Y
5/11/21,Fukui,104-Y
5/11/21,Minnow,57-P
5/11/21,Fukui,1488-R
5/11/21,Minnow,1320-G
5/11/21,Fukui,12-P
5/11/21,Minnow,1400-P
5/11/21,Fukui,574-P
5/11/21,Minnow,154-P
5/11/21,Minnow,1107-Y
5/11/21,Fukui,148-Y
5/11/21,Minnow,1106-Y
5/11/21,Fukui,602-P
5/11/21,Minnow,658-P
5/11/21,Fukui,690-P
5/11/21,Minnow,141-P
5/11/21,Fukui,618-P
5/11/21,Minnow,1154-Y
5/11/21,Fukui,1175-Y
5/11/21,Minnow,1427-R
5/11/21,Fukui,609-P
5/11/21,Minnow,1351-G
5/11/21,Fukui,19-P
5/11/21,Minnow,196-P
5/11/21,Fukui,570-P
5/11/21,Minnow,1151-Y
5/11/21,Fukui,648-P
5/11/21,Minnow,1148-B
5/11/21,Fukui,20-P
5/12/21,Minnow,185-Y
5/12/21,Fukui,1496-R
5/12/21,Minnow,1423-R
5/12/21,Fukui,176-P
5/12/21,Minnow,1323-G
5/12/21,Fukui,624-P
5/12/21,Minnow,160-P
5/12/21,Fukui,119-Y
5/12/21,Fukui,1195-Y
5/12/21,Minnow,1072-B
5/12/21,Fukui,1167-Y
5/12/21,Minnow,161-P
5/12/21,Fukui,1179-Y
5/12/21,Minnow,158-P
5/12/21,Minnow,139-Y
5/12/21,Fukui,1361-G
5/12/21,Minnow,147-Y
5/12/21,Fukui,23-P
5/12/21,Minnow,172-P
5/12/21,Fukui,1190-Y
5/12/21,Minnow,1389-G
5/12/21,Fukui,128-Y
5/12/21,Fukui,133-Y
5/12/21,Minnow,1388-P
5/12/21,Minnow,75-P
5/12/21,Fukui,1101-Y
5/12/21,Fukui,187-Y
5/12/21,Minnow,1404-R
5/12/21,Minnow,684-P
5/12/21,Fukui,1172-Y
5/12/21,Minnow,1107-Y
5/12/21,Fukui,148-Y
5/12/21,Minnow,1106-Y
5/12/21,Fukui,602-P
5/12/21,Minnow,658-P
5/12/21,Fukui,690-P
5/12/21,Minnow,141-P
5/12/21,Fukui,618-P
5/12/21,Minnow,1154-Y
5/12/21,Fukui,1175-Y
5/12/21,Minnow,1427-R
5/12/21,Fukui,609-P
5/12/21,Minnow,1351-G
5/12/21,Fukui,19-P
5/12/21,Minnow,196-P
5/12/21,Fukui,570-P
5/12/21,Minnow,1151-Y
5/12/21,Fukui,648-P
5/12/21,Minnow,1148-B
5/12/21,Fukui,20-P
5/12/21,Fukui,619-P
5/12/21,Minnow,1119-Y
5/12/21,Fukui,1177-Y
5/12/21,Minnow,668-P
5/12/21,Fukui,644-P
5/12/21,Minnow,73-P
5/12/21,Fukui,115-Y
5/12/21,Minnow,168-P
5/12/21,Fukui,184-Y
5/12/21,Minnow,174-P
5/12/21,Fukui,166-Y
5/12/21,Minnow,1383-P
5/12/21,Fukui,178-Y
5/12/21,Minnow,1131-Y
5/12/21,Fukui,1461-R
5/12/21,Minnow,1343-G
5/12/21,Fukui,1489-R
5/12/21,Minnow,182-Y
5/12/21,Fukui,621-P
5/12/21,Minnow,193-P
5/12/21,Fukui,498-R
5/12/21,Minnow,1081-Y
5/12/21,Fukui,104-Y
5/12/21,Minnow,57-P
5/12/21,Fukui,1488-R
5/12/21,Minnow,1320-G
5/12/21,Fukui,12-P
5/12/21,Minnow,1400-P
5/12/21,Fukui,574-P
5/12/21,Minnow,154-P
5/12/21,Minnow,1182-B
5/12/21,Fukui,164-Y
5/12/21,Minnow,142-P
5/12/21,Fukui,177-Y
5/12/21,Fukui,141-Y
5/12/21,Fukui,194-Y
5/12/21,Minnow,184-Y
5/12/21,Minnow,1399-G
5/12/21,Minnow,1178-B
5/12/21,Fukui,1188-Y
5/13/21,Minnow,1131-Y
5/13/21,Fukui,574-P
5/13/21,Minnow,1343-G
5/13/21,Fukui,12-P
5/13/21,Minnow,168-P
5/13/21,Fukui,104-Y
5/13/21,Fukui,621-P
5/13/21,Minnow,174-P
5/13/21,Fukui,1498-R
5/13/21,Minnow,1383-P
5/13/21,Minnow,1182-B
5/13/21,Fukui,164-Y
5/13/21,Minnow,142-P
5/13/21,Fukui,177-Y
5/13/21,Fukui,141-Y
5/13/21,Fukui,194-Y
5/13/21,Minnow,184-Y
5/13/21,Minnow,1399-G
5/13/21,Minnow,1178-B
5/13/21,Fukui,1188-Y
5/13/21,Minnow,185-Y
5/13/21,Fukui,1496-R
5/13/21,Minnow,1423-R
5/13/21,Fukui,176-P
5/13/21,Minnow,1323-G
5/13/21,Fukui,624-P
5/13/21,Minnow,160-P
5/13/21,Fukui,119-Y
5/13/21,Fukui,1195-Y
5/13/21,Minnow,1072-B
5/13/21,Fukui,1167-Y
5/13/21,Minnow,161-P
5/13/21,Fukui,1179-Y
5/13/21,Minnow,158-P
5/13/21,Minnow,139-Y
5/13/21,Fukui,1361-G
5/13/21,Minnow,147-Y
5/13/21,Fukui,23-P
5/13/21,Minnow,172-P
5/13/21,Fukui,1190-Y
5/13/21,Minnow,1389-G
5/13/21,Fukui,128-Y
5/13/21,Fukui,133-Y
5/13/21,Minnow,1388-P
5/13/21,Minnow,75-P
5/13/21,Fukui,1101-Y
5/13/21,Fukui,187-Y
5/13/21,Minnow,1404-R
5/13/21,Minnow,684-P
5/13/21,Fukui,1172-Y
5/13/21,Minnow,1107-Y
5/13/21,Fukui,148-Y
5/13/21,Minnow,1106-Y
5/13/21,Fukui,602-P
5/13/21,Minnow,658-P
5/13/21,Fukui,690-P
5/13/21,Minnow,141-P
5/13/21,Fukui,618-P
5/13/21,Minnow,1154-Y
5/13/21,Fukui,1175-Y
5/13/21,Minnow,1427-R
5/13/21,Fukui,609-P
5/13/21,Minnow,1351-G
5/13/21,Fukui,19-P
5/13/21,Minnow,196-P
5/13/21,Fukui,570-P
5/13/21,Minnow,1151-Y
5/13/21,Fukui,648-P
5/13/21,Minnow,1148-B
5/13/21,Fukui,20-P
5/13/21,Fukui,644-P
5/13/21,Minnow,182-Y
5/13/21,Fukui,619-P
5/13/21,Minnow,193-P
5/13/21,Fukui,166-Y
5/13/21,Minnow,57-P
5/13/21,Minnow,1081-Y
5/13/21,Minnow,1320-G
5/13/21,Fukui,1489-R
5/13/21,Fukui,1177-Y
5/13/21,Minnow,154-P
5/13/21,Minnow,1400-P
5/13/21,Fukui,1461-R
5/13/21,Minnow,73-P
5/13/21,Fukui,184-Y
5/13/21,Minnow,668-P
5/13/21,Fukui,1488-R
5/13/21,Minnow,1119-Y
5/13/21,Fukui,115-Y
5/13/21,Fukui,178-Y
5/14/21,Minnow,1131-Y
5/14/21,Fukui,104-Y
5/14/21,Minnow,1343-G
5/14/21,Fukui,1188-Y
5/14/21,Minnow,174-P
5/14/21,Fukui,1461-R
5/14/21,Minnow,1320-G
5/14/21,Fukui,184-Y
5/14/21,Minnow,193-P
5/14/21,Fukui,164-Y
5/14/21,Minnow,168-P
5/14/21,Fukui,115-Y
5/14/21,Minnow,182-Y
5/14/21,Fukui,166-Y
5/14/21,Minnow,119-Y
5/14/21,Fukui,141-Y
5/14/21,Minnow,1400-P
5/14/21,Fukui,194-Y
5/14/21,Minnow,1383-P
5/14/21,Fukui,574-P
5/14/21,Minnow,73-P
5/14/21,Fukui,621-P
5/14/21,Minnow,57-P
5/14/21,Fukui,644-P
5/14/21,Minnow,1081-Y
5/14/21,Fukui,178-Y
5/14/21,Minnow,154-P
5/14/21,Fukui,177-Y
5/14/21,Minnow,668-P
5/14/21,Fukui,619-P
5/14/21,Minnow,1107-Y
5/14/21,Fukui,148-Y
5/14/21,Minnow,1106-Y
5/14/21,Fukui,602-P
5/14/21,Minnow,658-P
5/14/21,Fukui,690-P
5/14/21,Minnow,141-P
5/14/21,Fukui,618-P
5/14/21,Minnow,1154-Y
5/14/21,Fukui,1175-Y
5/14/21,Minnow,1427-R
5/14/21,Fukui,609-P
5/14/21,Minnow,1351-G
5/14/21,Fukui,19-P
5/14/21,Minnow,196-P
5/14/21,Fukui,570-P
5/14/21,Minnow,1151-Y
5/14/21,Fukui,648-P
5/14/21,Minnow,1148-B
5/14/21,Fukui,20-P
5/25/21,Fukui,602-P
5/25/21,Minnow,1131-Y
5/25/21,Fukui,1498-R
5/25/21,Minnow,668-P
5/25/21,Fukui,20-P
5/25/21,Minnow,168-P
5/25/21,Fukui,128-Y
5/25/21,Minnow,185-Y
5/25/21,Fukui,133-Y
5/25/21,Minnow,1148-B
5/25/21,Fukui,115-Y
5/25/21,Minnow,193-P
5/25/21,Fukui,1361-G
5/25/21,Minnow,1389-G
5/25/21,Fukui,570-P
5/25/21,Minnow,1151-Y
5/25/21,Fukui,1101-Y
5/25/21,Minnow,1154-Y
5/25/21,Fukui,1190-Y
5/25/21,Minnow,75-P
5/25/21,Fukui,164-Y
5/25/21,Minnow,158-P
5/25/21,Fukui,1177-Y
5/25/21,Minnow,1320-G
5/25/21,Fukui,574-P
5/25/21,Minnow,1107-Y
5/25/21,Fukui,1167-Y
5/25/21,Minnow,1343-G
5/25/21,Fukui,648-P
5/25/21,Minnow,1423-R
5/25/21,Minnow,57-P
5/25/21,Fukui,177-Y
5/25/21,Minnow,658-P
5/25/21,Fukui,1461-R
5/25/21,Minnow,174-P
5/25/21,Fukui,621-P
5/25/21,Minnow,196-P
5/25/21,Fukui,104-Y
5/25/21,Fukui,184-Y
5/25/21,Minnow,1351-G
5/25/21,Fukui,1195-Y
5/25/21,Minnow,182-Y
5/25/21,Fukui,1188-Y
5/25/21,Minnow,1427-R
5/25/21,Minnow,73-P
5/25/21,Fukui,609-P
5/25/21,Minnow,1400-P
5/25/21,Fukui,1172-Y
5/25/21,Minnow,141-P
5/25/21,Fukui,1175-Y
5/25/21,Minnow,1383-P
5/25/21,Fukui,194-Y
5/25/21,Fukui,19-P
5/25/21,Minnow,1106-Y
5/25/21,Minnow,154-P
5/25/21,Fukui,644-P
5/25/21,Fukui,690-P
5/25/21,Minnow,1119-Y
5/25/21,Minnow,1081-Y
5/25/21,Fukui,166-Y
5/25/21,Minnow,1182-B
5/25/21,Fukui,12-P
5/25/21,Minnow,1072-B
5/25/21,Fukui,1179-Y
5/25/21,Minnow,184-P
5/25/21,Fukui,176-P
5/25/21,Minnow,1178-B
5/25/21,Fukui,178-Y
5/25/21,Minnow,160-P
5/25/21,Fukui,618-P
5/25/21,Minnow,1404-R
5/25/21,Fukui,148-Y
5/25/21,Minnow,1323-G
5/25/21,Fukui,141-Y
5/25/21,Minnow,1399-G
5/25/21,Fukui,1489-R
5/25/21,Minnow,172-P
5/25/21,Fukui,619-P
5/25/21,Minnow,142-P
5/25/21,Fukui,624-P
5/26/21,Fukui,602-P
5/26/21,Minnow,1131-Y
5/26/21,Fukui,1498-R
5/26/21,Minnow,668-P
5/26/21,Fukui,20-P
5/26/21,Minnow,168-P
5/26/21,Fukui,128-Y
5/26/21,Minnow,185-Y
5/26/21,Fukui,133-Y
5/26/21,Minnow,1148-B
5/26/21,Fukui,115-Y
5/26/21,Minnow,193-P
5/26/21,Fukui,1361-G
5/26/21,Minnow,1389-G
5/26/21,Fukui,570-P
5/26/21,Minnow,1151-Y
5/26/21,Fukui,1101-Y
5/26/21,Minnow,1154-Y
5/26/21,Fukui,1190-Y
5/26/21,Minnow,75-P
5/26/21,Fukui,164-Y
5/26/21,Minnow,158-P
5/26/21,Fukui,1177-Y
5/26/21,Minnow,1320-G
5/26/21,Fukui,574-P
5/26/21,Minnow,1107-Y
5/26/21,Fukui,1167-Y
5/26/21,Minnow,1343-G
5/26/21,Fukui,648-P
5/26/21,Minnow,1423-R
5/26/21,Minnow,57-P
5/26/21,Fukui,177-Y
5/26/21,Minnow,658-P
5/26/21,Fukui,1461-R
5/26/21,Minnow,174-P
5/26/21,Fukui,621-P
5/26/21,Minnow,196-P
5/26/21,Fukui,104-Y
5/26/21,Fukui,184-Y
5/26/21,Minnow,1351-G
5/26/21,Fukui,1195-Y
5/26/21,Minnow,182-Y
5/26/21,Fukui,1188-Y
5/26/21,Minnow,1427-R
5/26/21,Minnow,73-P
5/26/21,Fukui,609-P
5/26/21,Minnow,1400-P
5/26/21,Fukui,1172-Y
5/26/21,Minnow,141-P
5/26/21,Fukui,1175-Y
5/26/21,Minnow,1383-P
5/26/21,Fukui,194-Y
5/26/21,Fukui,19-P
5/26/21,Minnow,1106-Y
5/26/21,Minnow,154-P
5/26/21,Fukui,644-P
5/26/21,Fukui,690-P
5/26/21,Minnow,1119-Y
5/26/21,Minnow,1081-Y
5/26/21,Fukui,166-Y
5/26/21,Minnow,1182-B
5/26/21,Fukui,12-P
5/26/21,Minnow,1072-B
5/26/21,Fukui,1179-Y
5/26/21,Minnow,184-P
5/26/21,Fukui,176-P
5/26/21,Minnow,1178-B
5/26/21,Fukui,178-Y
5/26/21,Minnow,160-P
5/26/21,Fukui,618-P
5/26/21,Minnow,1404-R
5/26/21,Fukui,148-Y
5/26/21,Minnow,1323-G
5/26/21,Fukui,141-Y
5/26/21,Minnow,1399-G
5/26/21,Fukui,1489-R
5/26/21,Minnow,172-P
5/26/21,Fukui,619-P
5/26/21,Minnow,142-P
5/26/21,Fukui,624-P
5/26/21,Fukui,1156-Y
5/26/21,Minnow,147-y
5/26/21,Fukui,149-Y
5/26/21,Minnow,139-Y
5/26/21,Fukui,1100-Y
5/26/21,Minnow,1121-Y
5/26/21,Fukui,176-Y
5/26/21,Minnow,161-P
5/26/21,Fukui,1187-Y
5/26/21,Minnow,183-P
5/26/21,Fukui,187-Y
5/26/21,Minnow,678-P
5/26/21,Fukui,23-P
5/26/21,Minnow,688-P
5/26/21,Fukui,1488-R
5/26/21,Minnow,1084-Y
5/26/21,Fukui,573-P
5/26/21,Minnow,157-P
5/26/21,Fukui,1181-Y
5/26/21,Minnow,684-P
5/26/21,Fukui,22-P
5/26/21,Minnow,35-P
5/26/21,Fukui,121-Y
5/26/21,Minnow,192-P
5/26/21,Fukui,1194-Y
5/26/21,Minnow,146-P
5/26/21,Fukui,123-Y
5/26/21,Minnow,1378-P
5/26/21,Fukui,1496-R
5/26/21,Minnow,630-P
5/26/21,Fukui,119-Y
5/26/21,Minnow,1481-R
5/26/21,Fukui,145-Y
5/26/21,Minnow,1388-P
5/26/21,Fukui,572-P
5/27/21,Fukui,602-P
5/27/21,Minnow,1131-Y
5/27/21,Fukui,1498-R
5/27/21,Minnow,668-P
5/27/21,Fukui,20-P
5/27/21,Minnow,168-P
5/27/21,Fukui,128-Y
5/27/21,Minnow,185-Y
5/27/21,Fukui,133-Y
5/27/21,Minnow,1148-B
5/27/21,Fukui,115-Y
5/27/21,Minnow,193-P
5/27/21,Fukui,1361-G
5/27/21,Minnow,1389-G
5/27/21,Fukui,570-P
5/27/21,Minnow,1151-Y
5/27/21,Fukui,1101-Y
5/27/21,Minnow,1154-Y
5/27/21,Fukui,1190-Y
5/27/21,Minnow,75-P
5/27/21,Fukui,164-Y
5/27/21,Minnow,158-P
5/27/21,Fukui,1177-Y
5/27/21,Minnow,1320-G
5/27/21,Fukui,574-P
5/27/21,Minnow,1107-Y
5/27/21,Fukui,1167-Y
5/27/21,Minnow,1343-G
5/27/21,Fukui,648-P
5/27/21,Minnow,1423-R
5/27/21,Minnow,57-P
5/27/21,Fukui,177-Y
5/27/21,Minnow,658-P
5/27/21,Fukui,1461-R
5/27/21,Minnow,174-P
5/27/21,Fukui,621-P
5/27/21,Minnow,196-P
5/27/21,Fukui,104-Y
5/27/21,Fukui,184-Y
5/27/21,Minnow,1351-G
5/27/21,Fukui,1195-Y
5/27/21,Minnow,182-Y
5/27/21,Fukui,1188-Y
5/27/21,Minnow,1427-R
5/27/21,Minnow,73-P
5/27/21,Fukui,609-P
5/27/21,Minnow,1400-P
5/27/21,Fukui,1172-Y
5/27/21,Minnow,141-P
5/27/21,Fukui,1175-Y
5/27/21,Minnow,1383-P
5/27/21,Fukui,194-Y
5/27/21,Fukui,19-P
5/27/21,Minnow,1106-Y
5/27/21,Minnow,154-P
5/27/21,Fukui,644-P
5/27/21,Fukui,690-P
5/27/21,Minnow,1119-Y
5/27/21,Minnow,1081-Y
5/27/21,Fukui,166-Y
5/27/21,Minnow,1182-B
5/27/21,Fukui,12-P
5/27/21,Minnow,1072-B
5/27/21,Fukui,1179-Y
5/27/21,Minnow,184-P
5/27/21,Fukui,176-P
5/27/21,Minnow,1178-B
5/27/21,Fukui,178-Y
5/27/21,Minnow,160-P
5/27/21,Fukui,618-P
5/27/21,Minnow,1404-R
5/27/21,Fukui,148-Y
5/27/21,Minnow,1323-G
5/27/21,Fukui,141-Y
5/27/21,Minnow,1399-G
5/27/21,Fukui,1489-R
5/27/21,Minnow,172-P
5/27/21,Fukui,619-P
5/27/21,Minnow,142-P
5/27/21,Fukui,624-P
5/27/21,Minnow,51-P
5/27/21,Fukui,581-P
5/27/21,Minnow,166-P
5/27/21,Fukui,1451-R
5/27/21,Minnow,1413-R
5/27/21,Fukui,611-P
5/27/21,Minnow,682-P
5/27/21,Fukui,1445-R
5/27/21,Minnow,1483-R
5/27/21,Fukui,1431-R
5/27/21,Minnow,135-P
5/27/21,Fukui,1453-R
5/27/21,Minnow,681-P
5/27/21,Fukui,1495-R
5/27/21,Minnow,637-P
5/27/21,Fukui,1406-R
5/27/21,Minnow,194-P
5/27/21,Fukui,1436-R
5/27/21,Minnow,1467-R
5/27/21,Fukui,1407-R
5/27/21,Minnow,1425-R
5/27/21,Fukui,1432-R
5/27/21,Minnow,1397-P
5/27/21,Fukui,1408-R
5/27/21,Minnow,1149-Y
5/27/21,Fukui,1443-R
5/27/21,Minnow,1071-B
5/27/21,Fukui,1452-R
5/27/21,Minnow,1148-Y
5/27/21,Fukui,367-R
5/27/21,Minnow,1138-Y
5/27/21,Fukui,1429-R
5/27/21,Minnow,1457-R
5/27/21,Fukui,871-R
5/27/21,Minnow,165-P
5/27/21,Fukui,1430-R
5/27/21,Fukui,187-Y
5/27/21,Minnow,678-P
5/27/21,Fukui,23-P
5/27/21,Minnow,688-P
5/27/21,Fukui,1488-R
5/27/21,Minnow,1084-Y
5/27/21,Fukui,573-P
5/27/21,Minnow,157-P
5/27/21,Fukui,1181-Y
5/27/21,Minnow,684-P
5/27/21,Fukui,22-P
5/27/21,Minnow,35-P
5/27/21,Fukui,121-Y
5/27/21,Minnow,192-P
5/27/21,Fukui,1194-Y
5/27/21,Minnow,146-P
5/27/21,Fukui,123-Y
5/27/21,Minnow,1378-P
5/27/21,Fukui,1496-R
5/27/21,Minnow,630-P
5/27/21,Fukui,119-Y
5/27/21,Minnow,1481-R
5/27/21,Fukui,145-Y
5/27/21,Minnow,1388-P
5/27/21,Fukui,572-P
5/28/21,Minnow,57-P
5/28/21,Fukui,177-Y
5/28/21,Minnow,658-P
5/28/21,Fukui,1461-R
5/28/21,Minnow,174-P
5/28/21,Fukui,621-P
5/28/21,Minnow,196-P
5/28/21,Fukui,104-Y
5/28/21,Fukui,184-Y
5/28/21,Minnow,1351-G
5/28/21,Fukui,1195-Y
5/28/21,Minnow,182-Y
5/28/21,Fukui,1188-Y
5/28/21,Minnow,1427-R
5/28/21,Minnow,73-P
5/28/21,Fukui,609-P
5/28/21,Minnow,1400-P
5/28/21,Fukui,1172-Y
5/28/21,Minnow,141-P
5/28/21,Fukui,1175-Y
5/28/21,Minnow,1383-P
5/28/21,Fukui,194-Y
5/28/21,Fukui,19-P
5/28/21,Minnow,1106-Y
5/28/21,Minnow,154-P
5/28/21,Fukui,644-P
5/28/21,Fukui,690-P
5/28/21,Minnow,1119-Y
5/28/21,Minnow,1081-Y
5/28/21,Fukui,166-Y
5/28/21,Minnow,1182-B
5/28/21,Fukui,12-P
5/28/21,Minnow,1072-B
5/28/21,Fukui,1179-Y
5/28/21,Minnow,184-P
5/28/21,Fukui,176-P
5/28/21,Minnow,1178-B
5/28/21,Fukui,178-Y
5/28/21,Minnow,160-P
5/28/21,Fukui,618-P
5/28/21,Minnow,1404-R
5/28/21,Fukui,148-Y
5/28/21,Minnow,1323-G
5/28/21,Fukui,141-Y
5/28/21,Minnow,1399-G
5/28/21,Fukui,1489-R
5/28/21,Minnow,172-P
5/28/21,Fukui,619-P
5/28/21,Minnow,142-P
5/28/21,Fukui,624-P
5/28/21,Fukui,1407-R
5/28/21,Minnow,682-P
5/28/21,Fukui,1429-R
5/28/21,Minnow,166-P
5/28/21,Fukui,1432-R
5/28/21,Minnow,194-P
5/28/21,Fukui,1408-R
5/28/21,Minnow,1457-R
5/28/21,Fukui,1445-R
5/28/21,Minnow,1397-P
5/28/21,Fukui,518-P
5/28/21,Minnow,1467-R
5/28/21,Fukui,1451-R
5/28/21,Minnow,1413-R
5/28/21,Fukui,611-P
5/28/21,Minnow,51-P
5/28/21,Fukui,1430-R
5/28/21,Minnow,681-P
5/28/21,Fukui,1453-R
5/28/21,Minnow,637-P
5/28/21,Fukui,367-R
5/28/21,Minnow,1483-R
5/28/21,Fukui,1452-R
5/28/21,Minnow,135-P
5/28/21,Fukui,871-R
5/28/21,Minnow,1149-Y
5/28/21,Fukui,1436-R
5/28/21,Minnow,1425-R
5/28/21,Fukui,1495-R
5/28/21,Minnow,1138-Y
5/28/21,Fukui,1406-R
5/28/21,Minnow,165-P
5/28/21,Fukui,1431-R
5/28/21,Minnow,1071-B
5/28/21,Fukui,1443-R
5/28/21,Minnow,1148-Y
6/9/21,Minnow,1425-R
6/9/21,Fukui,609-P
6/9/21,Minnow,682-P
6/9/21,Fukui,176-Y
6/9/21,Minnow,1343-G
6/9/21,Fukui,572-P
6/9/21,Minnow,1423-R
6/9/21,Fukui,1451-R
6/9/21,Fukui,1179-Y
6/9/21,Minnow,1397-P
6/9/21,Fukui,618-P
6/9/21,Minnow,1107-Y
6/9/21,Fukui,12-P
6/9/21,Minnow,1148-B
6/9/21,Minnow,158-P
6/9/21,Fukui,1172-Y
6/9/21,Minnow,135-P
6/9/21,Fukui,1489-R
6/9/21,Minnow,1154-Y
6/9/21,Fukui,1496-R
6/9/21,Minnow,193-P
6/9/21,Fukui,1100-Y
6/9/21,Fukui,1156-Y
6/9/21,Minnow,637-P
6/9/21,Minnow,1151-Y
6/9/21,Fukui,148-Y
6/9/21,Fukui,1488-R
6/9/21,Minnow,1149-Y
6/9/21,Minnow,1483-R
6/9/21,Fukui,187-Y
6/9/21,Minnow,668-P
6/9/21,Fukui,1407-R
6/9/21,Minnow,168-P
6/9/21,Fukui,1181-Y
6/9/21,Minnow,157-P
6/9/21,Fukui,1432-R
6/9/21,Minnow,35-P
6/9/21,Fukui,1177-Y
6/9/21,Minnow,1084-Y
6/9/21,Fukui,1361-G
6/9/21,Minnow,678-P
6/9/21,Fukui,1430-R
6/9/21,Minnow,630-P
6/9/21,Fukui,23-P
6/9/21,Minnow,185-Y
6/9/21,Fukui,176-P
6/9/21,Minnow,1131-Y
6/9/21,Fukui,141-Y
6/9/21,Minnow,1320-G
6/9/21,Fukui,690-P
6/9/21,Fukui,194-Y
6/9/21,Minnow,1071-B
6/9/21,Fukui,1495-R
6/9/21,Minnow,166-P
6/9/21,Fukui,1445-R
6/9/21,Minnow,1148-Y
6/9/21,Fukui,1101-Y
6/9/21,Minnow,165-P
6/9/21,Fukui,123-Y
6/9/21,Minnow,1138-Y
6/9/21,Fukui,178-Y
6/9/21,Minnow,1072-B
6/9/21,Fukui,1431-R
6/9/21,Minnow,147-Y
6/9/21,Fukui,574-P
6/9/21,Minnow,1178-B
6/9/21,Fukui,115-Y
6/9/21,Minnow,139-Y
6/9/21,Fukui,145-Y
6/9/21,Minnow,183-P
6/9/21,Fukui,1452-R
6/9/21,Minnow,688-P
6/9/21,Fukui,1406-R
6/9/21,Minnow,684-P
6/9/21,Fukui,581-P
6/9/21,Minnow,1378-P
6/9/21,Fukui,1461-R
6/9/21,Minnow,146-P
6/9/21,Fukui,1453
6/9/21,Minnow,1481-R
6/10/21,Minnow,1425-R
6/10/21,Fukui,609-P
6/10/21,Minnow,682-P
6/10/21,Fukui,176-Y
6/10/21,Minnow,1343-G
6/10/21,Fukui,572-P
6/10/21,Minnow,1423-R
6/10/21,Fukui,1451-R
6/10/21,Fukui,1179-Y
6/10/21,Minnow,1397-P
6/10/21,Fukui,618-P
6/10/21,Minnow,1107-Y
6/10/21,Fukui,12-P
6/10/21,Minnow,1148-B
6/10/21,Minnow,158-P
6/10/21,Fukui,1172-Y
6/10/21,Minnow,135-P
6/10/21,Fukui,1489-R
6/10/21,Minnow,1154-Y
6/10/21,Fukui,1496-R
6/10/21,Minnow,193-P
6/10/21,Fukui,1100-Y
6/10/21,Fukui,1156-Y
6/10/21,Minnow,637-P
6/10/21,Minnow,1151-Y
6/10/21,Fukui,148-Y
6/10/21,Fukui,1488-R
6/10/21,Minnow,1149-Y
6/10/21,Minnow,1483-R
6/10/21,Fukui,187-Y
6/10/21,Minnow,668-P
6/10/21,Fukui,1407-R
6/10/21,Minnow,168-P
6/10/21,Fukui,1181-Y
6/10/21,Minnow,157-P
6/10/21,Fukui,1432-R
6/10/21,Minnow,35-P
6/10/21,Fukui,1177-Y
6/10/21,Minnow,1084-Y
6/10/21,Fukui,1361-G
6/10/21,Minnow,678-P
6/10/21,Fukui,1430-R
6/10/21,Minnow,630-P
6/10/21,Fukui,23-P
6/10/21,Minnow,185-Y
6/10/21,Fukui,176-P
6/10/21,Minnow,1131-Y
6/10/21,Fukui,141-Y
6/10/21,Minnow,1320-G
6/10/21,Fukui,690-P
6/10/21,Fukui,194-Y
6/10/21,Minnow,1071-B
6/10/21,Fukui,1495-R
6/10/21,Minnow,166-P
6/10/21,Fukui,1445-R
6/10/21,Minnow,1148-Y
6/10/21,Fukui,1101-Y
6/10/21,Minnow,165-P
6/10/21,Fukui,123-Y
6/10/21,Minnow,1138-Y
6/10/21,Fukui,178-Y
6/10/21,Minnow,1072-B
6/10/21,Fukui,1431-R
6/10/21,Minnow,147-Y
6/10/21,Fukui,574-P
6/10/21,Minnow,1178-B
6/10/21,Fukui,115-Y
6/10/21,Minnow,139-Y
6/10/21,Fukui,145-Y
6/10/21,Minnow,183-P
6/10/21,Fukui,1452-R
6/10/21,Minnow,688-P
6/10/21,Fukui,1406-R
6/10/21,Minnow,684-P
6/10/21,Fukui,581-P
6/10/21,Minnow,1378-P
6/10/21,Fukui,1461-R
6/10/21,Minnow,146-P
6/10/21,Fukui,1453
6/10/21,Minnow,1481-R
6/10/21,Minnow,1413-R
6/10/21,Fukui,1136-B
6/10/21,Minnow,1467-R
6/10/21,Fukui,602-P
6/10/21,Minnow,51-P
6/10/21,Fukui,1124-B
6/10/21,Minnow,681-P
6/10/21,Fukui,20-P
6/10/21,Fukui,1408-R
6/10/21,Minnow,658-P
6/10/21,Minnow,1383-P
6/10/21,Fukui,1190-Y
6/10/21,Minnow,1351-G
6/10/21,Fukui,644-P
6/10/21,Minnow,57-P
6/10/21,Fukui,133-Y
6/10/21,Minnow,154-P
6/10/21,Fukui,871-R
6/10/21,Fukui,177-Y
6/10/21,Minnow,1427-R
6/10/21,Fukui,648-P
6/10/21,Fukui,1498-R
6/10/21,Fukui,121-Y
6/10/21,Fukui,1188-Y
6/10/21,Fukui,1194-Y
6/10/21,Fukui,22-P
6/10/21,Minnow,73-P
6/10/21,Minnow,174-P
6/10/21,Minnow,1457-R
6/10/21,Minnow,194-P
6/10/21,Minnow,182-P
6/10/21,Fukui,611-P
6/10/21,Minnow,1081-Y
6/10/21,Minnow,196-P
6/10/21,Fukui,1167-Y
6/10/21,Fukui,367-R
6/10/21,Minnow,1100-P
6/10/21,Minnow,1119-Y
6/10/21,Fukui,149-Y
6/10/21,Minnow,1106-Y
6/11/21,Minnow,1425-R
6/11/21,Fukui,609-P
6/11/21,Minnow,682-P
6/11/21,Fukui,176-Y
6/11/21,Minnow,1343-G
6/11/21,Fukui,572-P
6/11/21,Minnow,1423-R
6/11/21,Fukui,1451-R
6/11/21,Fukui,1179-Y
6/11/21,Minnow,1397-P
6/11/21,Fukui,618-P
6/11/21,Minnow,1107-Y
6/11/21,Fukui,12-P
6/11/21,Minnow,1148-B
6/11/21,Minnow,158-P
6/11/21,Fukui,1172-Y
6/11/21,Minnow,135-P
6/11/21,Fukui,1489-R
6/11/21,Minnow,1154-Y
6/11/21,Fukui,1496-R
6/11/21,Minnow,193-P
6/11/21,Fukui,1100-Y
6/11/21,Fukui,1156-Y
6/11/21,Minnow,637-P
6/11/21,Minnow,1151-Y
6/11/21,Fukui,148-Y
6/11/21,Fukui,1488-R
6/11/21,Minnow,1149-Y
6/11/21,Minnow,1483-R
6/11/21,Fukui,187-Y
6/11/21,Minnow,668-P
6/11/21,Fukui,1407-R
6/11/21,Minnow,168-P
6/11/21,Fukui,1181-Y
6/11/21,Minnow,157-P
6/11/21,Fukui,1432-R
6/11/21,Minnow,35-P
6/11/21,Fukui,1177-Y
6/11/21,Minnow,1074-P
6/11/21,Fukui,1361-G
6/11/21,Minnow,678-P
6/11/21,Fukui,1430-R
6/11/21,Minnow,630-P
6/11/21,Fukui,23-P
6/11/21,Minnow,185-Y
6/11/21,Fukui,176-P
6/11/21,Minnow,1131-Y
6/11/21,Fukui,141-Y
6/11/21,Minnow,1320-G
6/11/21,Fukui,690-P
6/16/21,Minnow,1178-B
6/16/21,Fukui,1498-R
6/16/21,Minnow,1343-G
6/16/21,Fukui,12-P
6/16/21,Minnow,1072-B
6/16/21,Fukui,1172-Y
6/16/21,Minnow,1071-B
6/16/21,Fukui,1100-Y
6/16/21,Minnow,1351-G
6/16/21,Fukui,1496-R
6/16/21,Minnow,162-P
6/16/21,Fukui,1181-Y
6/16/21,Minnow,1040-Y
6/16/21,Fukui,1177-Y
6/16/21,Minnow,567-P
6/16/21,Fukui,1195-Y
6/16/21,Minnow,1038-Y
6/16/21,Fukui,1936-R
6/16/21,Minnow,667-P
6/16/21,Fukui,1429-R
6/16/21,Minnow,1060-B
6/16/21,Fukui,609-P
6/16/21,Minnow,1146-Y
6/16/21,Fukui,1467-R
6/16/21,Minnow,1319-G
6/16/21,Fukui,1432-R
6/16/21,Minnow,1370-P
6/16/21,Fukui,19-P
6/16/21,Minnow,1122-Y
6/16/21,Fukui,104-Y
6/16/21,Minnow,1131-Y
6/16/21,Fukui,177-Y
6/16/21,Minnow,630-P
6/16/21,Fukui,1453-R
6/16/21,Minnow,1425-R
6/16/21,Fukui,1430-R
6/16/21,Minnow,682-P
6/16/21,Fukui,1190-Y
6/16/21,Fukui,20-P
6/16/21,Minnow,68-P
6/16/21,Fukui,141-Y
6/16/21,Minnow,158-P
6/16/21,Fukui,194-Y
6/16/21,Minnow,1148-B
6/16/21,Minnow,1483-R
6/16/21,Fukui,1194-Y
6/16/21,Minnow,1413-R
6/16/21,Fukui,115-Y
6/16/21,Minnow,1423-R
6/16/21,Fukui,1136-R
6/16/21,Minnow,1320-G
6/16/21,Fukui,148-Y
6/16/21,Fukui,1101-Y
6/16/21,Minnow,1107-Y
6/16/21,Minnow,1154-Y
6/16/21,Fukui,690-P
6/16/21,Fukui,1488-P
6/16/21,Minnow,678-P
6/16/21,Minnow,1084-Y
6/16/21,Fukui,1124-B
6/16/21,Fukui,145-Y
6/16/21,Minnow,688-P
6/16/21,Fukui,176-P
6/16/21,Minnow,166-P
6/16/21,Fukui,1451-R
6/16/21,Minnow,1378-P
6/16/21,Fukui,1167-Y
6/16/21,Minnow,658-P
6/16/21,Fukui,1156-Y
6/16/21,Minnow,680-P
6/16/21,Fukui,1361-G
6/16/21,Minnow,1427-R
6/16/21,Fukui,1179-Y
6/16/21,Minnow,183-P
6/16/21,Fukui,149-Y
6/16/21,Minnow,51-P
6/16/21,Fukui,1175-Y
6/16/21,Minnow,146-P
6/16/21,Fukui,23-P
6/16/21,Minnow,684-P
6/16/21,Fukui,1188-Y
6/16/21,Minnow,165-P
6/16/21,Fukui,618-P
6/16/21,Minnow,73-P
6/16/21,Fukui,176-Y
6/16/21,Minnow,1457-R
6/16/21,Fukui,133-Y
6/16/21,Minnow,1400-P
6/16/21,Fukui,187-Y
6/16/21,Minnow,194-P
6/17/21,Minnow,1131-Y
6/17/21,Fukui,177-Y
6/17/21,Minnow,630-P
6/17/21,Fukui,1453-R
6/17/21,Minnow,1425-R
6/17/21,Fukui,1430-R
6/17/21,Minnow,682-P
6/17/21,Fukui,1190-Y
6/17/21,Fukui,20-P
6/17/21,Minnow,68-P
6/17/21,Fukui,141-Y
6/17/21,Minnow,158-P
6/17/21,Fukui,194-Y
6/17/21,Minnow,1148-B
6/17/21,Minnow,1483-R
6/17/21,Fukui,1194-Y
6/17/21,Minnow,1413-R
6/17/21,Fukui,115-Y
6/17/21,Minnow,1423-R
6/17/21,Fukui,1136-R
6/17/21,Minnow,1320-G
6/17/21,Fukui,148-Y
6/17/21,Fukui,1101-Y
6/17/21,Minnow,1107-Y
6/17/21,Minnow,1154-Y
6/17/21,Fukui,690-P
6/17/21,Fukui,1488-P
6/17/21,Minnow,678-P
6/17/21,Minnow,1084-Y
6/17/21,Fukui,1124-B
6/17/21,Fukui,145-Y
6/17/21,Minnow,688-P
6/17/21,Fukui,176-P
6/17/21,Minnow,166-P
6/17/21,Fukui,1451-R
6/17/21,Minnow,1378-P
6/17/21,Fukui,1167-Y
6/17/21,Minnow,658-P
6/17/21,Fukui,1156-Y
6/17/21,Minnow,680-P
6/17/21,Fukui,1361-G
6/17/21,Minnow,1427-R
6/17/21,Fukui,1179-Y
6/17/21,Minnow,183-P
6/17/21,Fukui,149-Y
6/17/21,Minnow,51-P
6/17/21,Fukui,1175-Y
6/17/21,Minnow,146-P
6/17/21,Fukui,23-P
6/17/21,Minnow,684-P
6/17/21,Fukui,1188-Y
6/17/21,Minnow,165-P
6/17/21,Fukui,618-P
6/17/21,Minnow,73-P
6/17/21,Fukui,176-Y
6/17/21,Minnow,1457-R
6/17/21,Fukui,133-Y
6/17/21,Minnow,1400-P
6/17/21,Fukui,187-Y
6/17/21,Minnow,194-P
6/23/21,Fukui,1436-R
6/23/21,Minnow,1084-Y
6/23/21,Fukui,20-P
6/23/21,Minnow,681-P
6/23/21,Fukui,1124-B
6/23/21,Minnow,183-P
6/23/21,Fukui,19-P
6/23/21,Minnow,185-P
6/23/21,Fukui,1361-G
6/23/21,Minnow,630-P
6/23/21,Fukui,690-P
6/23/21,Minnow,1320-G
6/23/21,Fukui,104-Y
6/23/21,Minnow,684-P
6/23/21,Fukui,12-P
6/23/21,Minnow,1154-Y
6/23/21,Fukui,1489-R
6/23/21,Minnow,1148-B
6/23/21,Fukui,1432-R
6/23/21,Minnow,658-P
6/23/21,Fukui,1429-R
6/23/21,Minnow,1409-R
6/23/21,Fukui,1496-R
6/23/21,Minnow,1413-R
6/23/21,Fukui,1453-R
6/23/21,Minnow,1378-P
6/23/21,Fukui,1407-R
6/23/21,Minnow,668-P
6/23/21,Fukui,23-P
6/23/21,Minnow,1427-R
6/23/21,Minnow,1483-R
6/23/21,Fukui,1177-Y
6/23/21,Minnow,1457-R
6/23/21,Fukui,1156-Y
6/23/21,Minnow,678-P
6/23/21,Fukui,177-Y
6/23/21,Minnow,73-P
6/23/21,Fukui,1179-Y
6/23/21,Fukui,194-Y
6/23/21,Minnow,1131-Y
6/23/21,Fukui,1175-Y
6/23/21,Minnow,1107-Y
6/23/21,Fukui,176-Y
6/23/21,Minnow,146-P
6/23/21,Minnow,75-P
6/23/21,Fukui,141-Y
6/23/21,Minnow,668-P
6/23/21,Fukui,148-Y
6/23/21,Minnow,1425-R
6/23/21,Fukui,1188-Y
6/23/21,Minnow,682-P
6/23/21,Fukui,1195-Y
6/23/21,Fukui,1194-Y
6/23/21,Minnow,166-P
6/23/21,Minnow,165-P
6/23/21,Fukui,149-Y
6/23/21,Fukui,187-Y
6/23/21,Minnow,51-P
6/23/21,Minnow,1423-R
6/23/21,Fukui,133-Y
6/23/21,Minnow,1481-R
6/23/21,Fukui,1443-R
6/23/21,Minnow,1148-Y
6/23/21,Fukui,1100-Y
6/23/21,Minnow,1467-R
6/23/21,Fukui,1172-Y
6/23/21,Minnow,182-Y
6/23/21,Fukui,119-Y
6/23/21,Minnow,1138-Y
6/23/21,Fukui,621-P
6/23/21,Minnow,1119-Y
6/23/21,Fukui,164-Y
6/23/21,Minnow,1106-Y
6/23/21,Fukui,1187-Y
6/23/21,Minnow,147-Y
6/23/21,Fukui,1181-Y
6/23/21,Minnow,1081-Y
6/23/21,Fukui,184-Y
6/23/21,Minnow,139-Y
6/23/21,Fukui,609-P
6/24/21,Fukui,1436-R
6/24/21,Minnow,1084-Y
6/24/21,Fukui,20-P
6/24/21,Minnow,681-P
6/24/21,Fukui,1124-B
6/24/21,Minnow,183-P
6/24/21,Fukui,19-P
6/24/21,Minnow,185-P
6/24/21,Fukui,1361-G
6/24/21,Minnow,630-P
6/24/21,Fukui,690-P
6/24/21,Minnow,1320-G
6/24/21,Fukui,104-Y
6/24/21,Minnow,684-P
6/24/21,Fukui,12-P
6/24/21,Minnow,1154-Y
6/24/21,Fukui,1489-R
6/24/21,Minnow,1148-B
6/24/21,Fukui,1432-R
6/24/21,Minnow,658-P
6/24/21,Fukui,1429-R
6/24/21,Minnow,1409-R
6/24/21,Fukui,1496-R
6/24/21,Minnow,1413-R
6/24/21,Fukui,1453-R
6/24/21,Minnow,1378-P
6/24/21,Fukui,1407-R
6/24/21,Minnow,668-P
6/24/21,Fukui,23-P
6/24/21,Minnow,1427-R
6/24/21,Minnow,1483-R
6/24/21,Fukui,1177-Y
6/24/21,Minnow,1457-R
6/24/21,Fukui,1156-Y
6/24/21,Minnow,678-P
6/24/21,Fukui,177-Y
6/24/21,Minnow,73-P
6/24/21,Fukui,1179-Y
6/24/21,Fukui,194-Y
6/24/21,Minnow,1131-Y
6/24/21,Fukui,1175-Y
6/24/21,Minnow,1107-Y
6/24/21,Fukui,176-Y
6/24/21,Minnow,146-P
6/24/21,Minnow,75-P
6/24/21,Fukui,141-Y
6/24/21,Minnow,668-P
6/24/21,Fukui,148-Y
6/24/21,Minnow,1425-R
6/24/21,Fukui,1188-Y
6/24/21,Minnow,682-P
6/24/21,Fukui,1195-Y
6/24/21,Fukui,1194-Y
6/24/21,Minnow,166-P
6/24/21,Minnow,165-P
6/24/21,Fukui,149-Y
6/24/21,Fukui,187-Y
6/24/21,Minnow,51-P
6/24/21,Minnow,1423-R
6/24/21,Fukui,133-Y
6/24/21,Minnow,1481-R
6/24/21,Fukui,1443-R
6/24/21,Minnow,1148-Y
6/24/21,Fukui,1100-Y
6/24/21,Minnow,1467-R
6/24/21,Fukui,1172-Y
6/24/21,Minnow,182-Y
6/24/21,Fukui,119-Y
6/24/21,Minnow,1138-Y
6/24/21,Fukui,621-P
6/24/21,Minnow,1119-Y
6/24/21,Fukui,164-Y
6/24/21,Minnow,1106-Y
6/24/21,Fukui,1187-Y
6/24/21,Minnow,147-Y
6/24/21,Fukui,1181-Y
6/24/21,Minnow,1081-Y
6/24/21,Fukui,184-Y
6/24/21,Minnow,139-Y
6/24/21,Fukui,609-P
6/24/21,Fukui,115-Y
6/24/21,Minnow,1479-R
6/24/21,Fukui,145-Y
6/24/21,Minnow,174-P
6/24/21,Fukui,176-P
6/24/21,Minnow,1077-Y
6/24/21,Fukui,1451-R
6/24/21,Minnow,95-P
6/24/21,Fukui,1136-B
6/24/21,Minnow,57-P
6/24/21,Fukui,1101-Y
6/24/21,Minnow,1383-P
6/24/21,Fukui,1167-Y
6/24/21,Minnow,194-P
6/24/21,Fukui,166-Y
6/24/21,Minnow,70-P
6/24/21,Fukui,573-P
6/24/21,Minnow,19-P
6/24/21,Fukui,1488-R
6/24/21,Minnow,1400-P
6/24/21,Fukui,128-Y
6/24/21,Minnow,72-P
6/24/21,Fukui,572-P
6/24/21,Minnow,92-P
6/24/21,Fukui,1190-Y
6/24/21,Minnow,154-P
6/24/21,Fukui,1430-R
6/24/21,Minnow,134-P
6/24/21,Fukui,618-P
6/24/21,Minnow,1079-Y
6/25/21,Minnow,1483-R
6/25/21,Fukui,1177-Y
6/25/21,Minnow,1457-R
6/25/21,Fukui,1156-Y
6/25/21,Minnow,678-P
6/25/21,Fukui,177-Y
6/25/21,Minnow,73-P
6/25/21,Fukui,1179-Y
6/25/21,Fukui,194-Y
6/25/21,Minnow,1131-Y
6/25/21,Fukui,1175-Y
6/25/21,Minnow,1107-Y
6/25/21,Fukui,176-Y
6/25/21,Minnow,146-P
6/25/21,Minnow,75-P
6/25/21,Fukui,141-Y
6/25/21,Minnow,668-P
6/25/21,Fukui,148-Y
6/25/21,Minnow,1425-R
6/25/21,Fukui,1188-Y
6/25/21,Minnow,682-P
6/25/21,Fukui,1195-Y
6/25/21,Fukui,1194-Y
6/25/21,Minnow,166-P
6/25/21,Minnow,165-P
6/25/21,Fukui,149-Y
6/25/21,Fukui,187-Y
6/25/21,Minnow,51-P
6/25/21,Minnow,1423-R
6/25/21,Fukui,133-Y
6/25/21,Minnow,1481-R
6/25/21,Fukui,1443-R
6/25/21,Minnow,1148-Y
6/25/21,Fukui,1100-Y
6/25/21,Minnow,1467-R
6/25/21,Fukui,1172-Y
6/25/21,Minnow,182-Y
6/25/21,Fukui,119-Y
6/25/21,Minnow,1138-Y
6/25/21,Fukui,621-P
6/25/21,Minnow,1119-Y
6/25/21,Fukui,164-Y
6/25/21,Minnow,1106-Y
6/25/21,Fukui,1187-Y
6/25/21,Minnow,147-Y
6/25/21,Fukui,1181-Y
6/25/21,Minnow,1081-Y
6/25/21,Fukui,184-Y
6/25/21,Minnow,139-Y
6/25/21,Fukui,609-P
6/25/21,Minnow,91-P
6/25/21,Fukui,178-Y
6/25/21,Minnow,1083-Y
6/25/21,Fukui,1431-R
6/25/21,Minnow,193-Y
6/25/21,Fukui,644-P
6/25/21,Minnow,1351-G
6/25/21,Fukui,1406-R
6/25/21,Minnow,1122-Y
6/25/21,Fukui,123-Y
6/25/21,Minnow,667-P
6/25/21,Fukui,1452-R
6/25/21,Minnow,1090-Y
6/25/21,Fukui,611-P
6/25/21,Minnow,1072-G
6/25/21,Fukui,619-P
6/25/21,Minnow,1088-Y
6/25/21,Fukui,1408-R
6/25/21,Minnow,172-P
6/25/21,Fukui,1495-R
6/25/21,Minnow,1071-B
6/25/21,Fukui,871-R
6/25/21,Minnow,1319-G
6/25/21,Fukui,1445-R
6/25/21,Fukui,367-R
6/25/21,Minnow,161-P
6/25/21,Fukui,574-P
6/25/21,Minnow,1182-G
6/25/21,Fukui,670-P
6/25/21,Minnow,160-P
6/25/21,Minnow,1404-R
6/25/21,Fukui,22-P
6/25/21,Minnow,1323-G
6/25/21,Fukui,1498-R
6/25/21,Minnow,1399-G
6/25/21,Fukui,121-Y
6/29/21,Shrimp,S.1.A
6/29/21,Shrimp,S.1.B
6/29/21,Shrimp,S.1.C
6/29/21,Shrimp,S.1.D
6/29/21,Shrimp,S.1.E
6/30/21,Shrimp,S.1.A
6/30/21,Shrimp,S.1.B
6/30/21,Shrimp,S.1.C
6/30/21,Shrimp,S.1.D
6/30/21,Shrimp,S.1.E
6/29/21,Shrimp,S.2.A
6/29/21,Shrimp,S.2.B
6/29/21,Shrimp,S.2.C
6/29/21,Shrimp,S.2.D
6/29/21,Shrimp,S.2.E
6/29/21,Shrimp,S.2.F
6/29/21,Shrimp,S.2.G
6/29/21,Shrimp,S.2.H
6/30/21,Shrimp,S.2.A
6/30/21,Shrimp,S.2.B
6/30/21,Shrimp,S.2.C
6/30/21,Shrimp,S.2.D
6/30/21,Shrimp,S.2.E
6/30/21,Shrimp,S.2.F
6/30/21,Shrimp,S.2.G
6/30/21,Shrimp,S.2.H
6/29/21,Shrimp,S.3.A
6/29/21,Shrimp,S.3.B
6/29/21,Shrimp,S.3.C
6/29/21,Shrimp,S.3.D
6/29/21,Shrimp,S.3.E
6/30/21,Shrimp,S.3.A
6/30/21,Shrimp,S.3.B
6/30/21,Shrimp,S.3.C
6/30/21,Shrimp,S.3.D
6/30/21,Shrimp,S.3.E
6/29/21,Shrimp,S.4.A
6/29/21,Shrimp,S.4.B
6/29/21,Shrimp,S.4.C
6/29/21,Shrimp,S.4.D
6/29/21,Shrimp,S.4.E
6/30/21,Shrimp,S.4.A
6/30/21,Shrimp,S.4.B
6/30/21,Shrimp,S.4.C
6/30/21,Shrimp,S.4.D
6/30/21,Shrimp,S.4.E
6/29/21,Shrimp,S.5.A
6/29/21,Shrimp,S.5.B
6/29/21,Shrimp,S.5.C
6/29/21,Shrimp,S.5.D
6/29/21,Shrimp,S.5.E
6/29/21,Shrimp,S.5.F
6/29/21,Shrimp,S.5.G
6/30/21,Shrimp,S.5.A
6/30/21,Shrimp,S.5.B
6/30/21,Shrimp,S.5.C
6/30/21,Shrimp,S.5.D
6/30/21,Shrimp,S.5.E
6/30/21,Shrimp,S.5.F
6/30/21,Shrimp,S.5.G
6/29/21,Shrimp,S.19
6/29/21,Shrimp,S.20
6/29/21,Shrimp,S.18
6/30/21,Shrimp,P.19
6/30/21,Shrimp,P.20
6/30/21,Shrimp,P.18
6/29/21,Shrimp,PIER N
6/29/21,Shrimp,PIER S
6/30/21,Shrimp,PIER N
6/30/21,Shrimp,PIER S
6/30/21,Minnow,154-P
6/30/21,Fukui,572-P
6/30/21,Minnow,134-P
6/30/21,Fukui,367-R
6/30/21,Minnow,658-P
6/30/21,Fukui,621-P
6/30/21,Minnow,174-P
6/30/21,Fukui,1445-R
6/30/21,Fukui,1452-R
6/30/21,Minnow,1400-P
6/30/21,Minnow,72-P
6/30/21,Fukui,1406-R
6/30/21,Fukui,23-P
6/30/21,Fukui,611-P
6/30/21,Minnow,92-P
6/30/21,Minnow,684-P
6/30/21,Fukui,644-P
6/30/21,Minnow,630-P
6/30/21,Fukui,1498-R
6/30/21,Minnow,183-P
6/30/21,Fukui,128-Y
6/30/21,Minnow,194-P
6/30/21,Fukui,573-P
6/30/21,Minnow,70-P
6/30/21,Fukui,145-Y
6/30/21,Minnow,95-P
6/30/21,Fukui,1443-R
6/30/21,Minnow,681-P
6/30/21,Fukui,20-P
6/30/21,Minnow,1383-P
6/30/21,Minnow,1107-Y
6/30/21,Fukui,123-Y
6/30/21,Minnow,667-P
6/30/21,Fukui,1177-Y
6/30/21,Minnow,1131-Y
6/30/21,Fukui,1188-Y
6/30/21,Minnow,1090-Y
6/30/21,Fukui,177-Y
6/30/21,Minnow,165-P
6/30/21,Fukui,184-Y
6/30/21,Minnow,1148-Y
6/30/21,Fukui,1100-Y
6/30/21,Minnow,668-P
6/30/21,Fukui,194-Y
6/30/21,Minnow,1457-R
6/30/21,Fukui,119-Y
6/30/21,Minnow,1088-Y
6/30/21,Fukui,176-Y
6/30/21,Minnow,678-P
6/30/21,Fukui,1187-Y
6/30/21,Minnow,682-P
6/30/21,Fukui,1405-R
6/30/21,Minnow,1083-Y
6/30/21,Fukui,1172-Y
6/30/21,Minnow,1351-G
6/30/21,Fukui,1194-Y
6/30/21,Minnow,1423-R
6/30/21,Fukui,178-Y
6/30/21,Minnow,1483-R
6/30/21,Fukui,133-Y
6/30/21,Minnow,146-P
6/30/21,Fukui,624-P
6/30/21,Minnow,1072-B
6/30/21,Fukui,141-Y
6/30/21,Minnow,182-Y
6/30/21,Fukui,149-Y
6/30/21,Minnow,1481-R
6/30/21,Fukui,121-Y
6/30/21,Minnow,51-P
6/30/21,Fukui,1136-B
6/30/21,Minnow,1467-R
6/30/21,Fukui,1156-Y
6/30/21,Minnow,193-Y
6/30/21,Fukui,619-P
6/30/21,Minnow,1425-R
6/30/21,Fukui,22-P
6/30/21,Minnow,1323-G
6/30/21,Fukui,1489-R
6/30/21,Minnow,1399-G
6/30/21,Fukui,574-P
6/29/21,Hand,N/A
6/30/21,Minnow,57-P
6/30/21,Fukui,1495-R
6/30/21,Minnow,1479-R
6/30/21,Fukui,148-Y
6/30/21,Minnow,1148-B
6/30/21,Fukui,1407-R
6/30/21,Minnow,1413-R
6/30/21,Fukui,609-P
6/30/21,Fukui,19-P
6/30/21,Minnow,1378-P
6/30/21,Fukui,1124-B
6/30/21,Minnow,166-P
6/30/21,Fukui,1195-Y
6/30/21,Minnow,73-P
6/30/21,Minnow,1427-R
6/30/21,Fukui,1181-Y
6/30/21,Minnow,1154-Y
6/30/21,Fukui,164-Y
6/30/21,Minnow,1084-Y
6/30/21,Fukui,12-P
6/30/21,Minnow,1320-G
6/30/21,Fukui,1431-R
6/30/21,Fukui,1179-Y
6/30/21,Minnow,91-P
6/30/21,Minnow,1122-Y
6/30/21,Fukui,1175-Y
6/30/21,Fukui,187-Y
6/30/21,Minnow,1404-R
6/30/21,Minnow,1409-R
6/30/21,Fukui,166-Y
7/1/21,Minnow,57-P
7/1/21,Fukui,1495-R
7/1/21,Minnow,1479-R
7/1/21,Fukui,148-Y
7/1/21,Minnow,1148-B
7/1/21,Fukui,1407-R
7/1/21,Minnow,1413-R
7/1/21,Fukui,609-P
7/1/21,Fukui,19-P
7/1/21,Minnow,1378-P
7/1/21,Fukui,1124-B
7/1/21,Minnow,166-P
7/1/21,Fukui,1195-Y
7/1/21,Minnow,73-P
7/1/21,Minnow,1427-R
7/1/21,Fukui,1181-Y
7/1/21,Minnow,1154-Y
7/1/21,Fukui,164-Y
7/1/21,Minnow,1084-Y
7/1/21,Fukui,12-P
7/1/21,Minnow,1320-G
7/1/21,Fukui,1431-R
7/1/21,Fukui,1179-Y
7/1/21,Minnow,91-P
7/1/21,Minnow,1122-Y
7/1/21,Fukui,1175-Y
7/1/21,Fukui,187-Y
7/1/21,Minnow,1404-R
7/1/21,Minnow,1409-R
7/1/21,Fukui,166-Y
6/30/21,Minnow,142-P
6/30/21,Fukui,1488-R
6/30/21,Minnow,158-P
6/30/21,Fukui,1101-Y
6/30/21,Minnow,688-P
6/30/21,Fukui,1432-R
6/30/21,Fukui,618-P
6/30/21,Minnow,49-P
6/30/21,Fukui,115-Y
6/30/21,Minnow,184-P
7/1/21,Minnow,142-P
7/1/21,Fukui,1488-R
7/1/21,Minnow,158-P
7/1/21,Fukui,1101-Y
7/1/21,Minnow,688-P
7/1/21,Fukui,1432-R
7/1/21,Fukui,618-P
7/1/21,Minnow,49-P
7/1/21,Fukui,115-Y
7/1/21,Minnow,184-P
6/30/21,Fukui,104-Y
6/30/21,Minnow,1077-Y
6/30/21,Minnow,1121-Y
6/30/21,Fukui,1361-G
6/30/21,Minnow,N/A
6/30/21,Minnow,1179-Y
6/30/21,Minnow,75-P
6/30/21,Fukui,690-P
6/30/21,Fukui,1190-Y
6/30/21,Fukui,1453-R
6/30/21,Minnow,162-P
6/30/21,Fukui,1451-R
6/30/21,Minnow,1146-Y
6/30/21,Fukui,648-P
6/30/21,Minnow,1178-B
6/30/21,Fukui,602-P
6/30/21,Minnow,567-P
6/30/21,Fukui,1461-R
6/30/21,Minnow,1370-P
6/30/21,Fukui,581-P
7/7/21,Minnow,1483-R
7/7/21,Fukui,1488-R
7/7/21,Minnow,1106-Y
7/7/21,Fukui,1495-R
7/7/21,Minnow,1107-Y
7/7/21,Fukui,1179-Y
7/7/21,Minnow,1178-B
7/7/21,Fukui,1407-R
7/7/21,Minnow,1418-R
7/7/21,Fukui,1181-Y
7/7/21,Minnow,195-P
7/7/21,Fukui,115-Y
7/7/21,Minnow,1138-Y
7/7/21,Fukui,618-P
7/7/21,Minnow,114-Y
7/7/21,Fukui,12-P
7/7/21,Minnow,1083-Y
7/7/21,Fukui,1195-Y
7/7/21,Minnow,667-P
7/7/21,Fukui,1175-Y
7/7/21,Fukui,619-P
7/7/21,Minnow,1148-B
7/7/21,Fukui,1187-Y
7/7/21,Minnow,1122-Y
7/7/21,Fukui,648-P
7/7/21,Minnow,1351-G
7/7/21,Fukui,20-P
7/7/21,Minnow,171-Y
7/7/21,Fukui,176-P
7/7/21,Minnow,1346-G
7/7/21,Fukui,574-P
7/7/21,Minnow,81-P
7/7/21,Fukui,621-P
7/7/21,Minnow,1181-B
7/7/21,Fukui,1176-Y
7/7/21,Minnow,1427-R
7/7/21,Fukui,1156-Y
7/7/21,Minnow,1464-R
7/7/21,Fukui,178-Y
7/7/21,Minnow,1320-G
7/7/21,Fukui,1167-Y
7/7/21,Minnow,1081-Y
7/7/21,Fukui,1100-Y
7/7/21,Minnow,626-P
7/7/21,Fukui,1173-Y
7/7/21,Minnow,1084-Y
7/7/21,Fukui,1177-Y
7/7/21,Minnow,1319-G
7/7/21,Fukui,1451-R
7/7/21,Minnow,1370-P
7/7/21,Minnow,158-P
7/7/21,Fukui,573-P
7/7/21,Minnow,1378-P
7/7/21,Fukui,367-R
7/7/21,Minnow,142-P
7/7/21,Fukui,1361-G
7/7/21,Minnow,1404-R
7/7/21,Fukui,1453-R
7/7/21,Fukui,572-P
7/7/21,Minnow,184-P
7/7/21,Fukui,644-P
7/7/21,Minnow,1154-Y
7/7/21,Fukui,1190-Y
7/7/21,Minnow,91-P
7/7/21,Minnow,1413-R
7/7/21,Fukui,1461-R
7/7/21,Minnow,1479-R
7/7/21,Fukui,141-Y
7/7/21,Minnow,1409-R
7/7/21,Fukui,1443-R
7/7/21,Minnow,57-P
7/7/21,Fukui,1489-R
7/7/21,Fukui,1498-R
7/7/21,Minnow,73-P
7/7/21,Minnow,688-P
7/7/21,Fukui,23-P
7/7/21,Fukui,1445-R
7/7/21,Minnow,49-P
7/7/21,Minnow,166-P
7/7/21,Fukui,149-Y
7/7/21,Minnow,1325-G
7/7/21,Fukui,148-Y
7/7/21,Minnow,1467-R
7/7/21,Fukui,166-Y
7/7/21,Minnow,1071-B
7/7/21,Fukui,609-P
7/7/21,Minnow,1457-R
7/7/21,Fukui,1431-R
7/7/21,Minnow,1405-R
7/7/21,Fukui,1432-R
7/8/21,Minnow,1483-R
7/8/21,Fukui,1488-R
7/8/21,Minnow,1106-Y
7/8/21,Fukui,1495-R
7/8/21,Minnow,1107-Y
7/8/21,Fukui,1179-Y
7/8/21,Minnow,1178-B
7/8/21,Fukui,1407-R
7/8/21,Minnow,1418-R
7/8/21,Fukui,1181-Y
7/8/21,Minnow,195-P
7/8/21,Fukui,115-Y
7/8/21,Minnow,1138-Y
7/8/21,Fukui,618-P
7/8/21,Minnow,114-Y
7/8/21,Fukui,12-P
7/8/21,Minnow,1083-Y
7/8/21,Fukui,1195-Y
7/8/21,Minnow,667-P
7/8/21,Fukui,1175-Y
7/8/21,Fukui,619-P
7/8/21,Minnow,1148-B
7/8/21,Fukui,1187-Y
7/8/21,Minnow,1122-Y
7/8/21,Fukui,648-P
7/8/21,Minnow,1351-G
7/8/21,Fukui,20-P
7/8/21,Minnow,171-Y
7/8/21,Fukui,176-P
7/8/21,Minnow,1346-G
7/8/21,Fukui,574-P
7/8/21,Minnow,81-P
7/8/21,Fukui,621-P
7/8/21,Minnow,1181-B
7/8/21,Fukui,1176-Y
7/8/21,Minnow,1427-R
7/8/21,Fukui,1156-Y
7/8/21,Minnow,1464-R
7/8/21,Fukui,178-Y
7/8/21,Minnow,1320-G
7/8/21,Fukui,1167-Y
7/8/21,Minnow,1081-Y
7/8/21,Fukui,1100-Y
7/8/21,Minnow,626-P
7/8/21,Fukui,1173-Y
7/8/21,Minnow,1084-Y
7/8/21,Fukui,1177-Y
7/8/21,Minnow,1319-G
7/8/21,Fukui,1451-R
7/8/21,Minnow,1370-P
7/8/21,Minnow,158-P
7/8/21,Fukui,573-P
7/8/21,Minnow,1378-P
7/8/21,Fukui,367-R
7/8/21,Minnow,142-P
7/8/21,Fukui,1361-G
7/8/21,Minnow,1404-R
7/8/21,Fukui,1453-R
7/8/21,Fukui,572-P
7/8/21,Minnow,184-P
7/8/21,Fukui,644-P
7/8/21,Minnow,1154-Y
7/8/21,Fukui,1190-Y
7/8/21,Minnow,91-P
7/8/21,Minnow,1413-R
7/8/21,Fukui,1461-R
7/8/21,Minnow,1479-R
7/8/21,Fukui,141-Y
7/8/21,Minnow,1409-R
7/8/21,Fukui,1443-R
7/8/21,Minnow,57-P
7/8/21,Fukui,1489-R
7/8/21,Fukui,1498-R
7/8/21,Minnow,73-P
7/8/21,Minnow,688-P
7/8/21,Fukui,23-P
7/8/21,Fukui,1445-R
7/8/21,Minnow,49-P
7/8/21,Minnow,166-P
7/8/21,Fukui,149-Y
7/8/21,Minnow,1325-G
7/8/21,Fukui,148-Y
7/8/21,Minnow,1467-R
7/8/21,Fukui,166-Y
7/8/21,Minnow,1071-B
7/8/21,Fukui,609-P
7/8/21,Minnow,1457-R
7/8/21,Fukui,1431-R
7/8/21,Minnow,1405-R
7/8/21,Fukui,1432-R
7/8/21,Minnow,1149-Y
7/8/21,Fukui,145-Y
7/8/21,Minnow,1151-Y
7/8/21,Fukui,1452-R
7/8/21,Minnow,637-P
7/8/21,Fukui,581-P
7/8/21,Fukui,611-P
7/8/21,Minnow,135-P
7/8/21,Fukui,133-Y
7/8/21,Minnow,193-P
7/9/21,Minnow,1483-R
7/9/21,Fukui,1488-R
7/9/21,Minnow,1106-Y
7/9/21,Fukui,1495-R
7/9/21,Minnow,1107-Y
7/9/21,Fukui,1179-Y
7/9/21,Minnow,1178-B
7/9/21,Fukui,1407-R
7/9/21,Minnow,1418-R
7/9/21,Fukui,1181-Y
7/9/21,Minnow,195-P
7/9/21,Fukui,115-Y
7/9/21,Minnow,1138-Y
7/9/21,Fukui,618-P
7/9/21,Minnow,114-Y
7/9/21,Fukui,12-P
7/9/21,Minnow,1083-Y
7/9/21,Fukui,1195-Y
7/9/21,Minnow,667-P
7/9/21,Fukui,1175-Y
7/9/21,Minnow,158-P
7/9/21,Fukui,573-P
7/9/21,Minnow,1378-P
7/9/21,Fukui,367-R
7/9/21,Minnow,142-P
7/9/21,Fukui,1361-G
7/9/21,Minnow,1404-R
7/9/21,Fukui,1453-R
7/9/21,Fukui,572-P
7/9/21,Minnow,184-P
7/9/21,Fukui,644-P
7/9/21,Minnow,1154-Y
7/9/21,Fukui,1190-Y
7/9/21,Minnow,91-P
7/9/21,Minnow,1413-R
7/9/21,Fukui,1461-R
7/9/21,Minnow,1479-R
7/9/21,Fukui,141-Y
7/9/21,Minnow,1409-R
7/9/21,Fukui,1443-R
7/9/21,Minnow,57-P
7/9/21,Fukui,1489-R
7/9/21,Fukui,1498-R
7/9/21,Minnow,73-P
7/9/21,Minnow,688-P
7/9/21,Fukui,23-P
7/9/21,Fukui,1445-R
7/9/21,Minnow,49-P
7/9/21,Minnow,166-P
7/9/21,Fukui,149-Y
7/21/21,Minnow,147-Y
7/21/21,Fukui,1194-Y
7/21/21,Minnow,688-P
7/21/21,Fukui,1430-R
7/21/21,Minnow,1131-Y
7/21/21,Fukui,187-Y
7/21/21,Minnow,1146-Y
7/21/21,Fukui,119-Y
7/21/21,Fukui,1188-Y
7/21/21,Minnow,1109-Y
7/21/21,Fukui,1408-R
7/21/21,Minnow,139-Y
7/21/21,Fukui,123-Y
7/21/21,Minnow,192-P
7/21/21,Minnow,1148-Y
7/21/21,Fukui,1172-Y
7/21/21,Minnow,1404-R
7/21/21,Fukui,164-Y
7/21/21,Minnow,170-Y
7/21/21,Fukui,176-Y
7/21/21,Minnow,1090-Y
7/21/21,Fukui,194-Y
7/21/21,Fukui,177-Y
7/21/21,Minnow,1154-Y
7/21/21,Minnow,1088-Y
7/21/21,Fukui,1101-Y
7/21/21,Fukui,1496-R
7/21/21,Minnow,1178-B
7/21/21,Minnow,146-Y
7/21/21,Fukui,184-Y
7/21/21,Fukui,1436-R
7/21/21,Minnow,171-Y
7/21/21,Fukui,1124-B
7/21/21,Minnow,567-P
7/21/21,Fukui,1461-R
7/21/21,Minnow,668-P
7/21/21,Fukui,644-P
7/21/21,Minnow,162-P
7/21/21,Fukui,871-R
7/21/21,Minnow,1427-R
7/21/21,Fukui,1187-Y
7/21/21,Minnow,161-P
7/21/21,Fukui,668-R
7/21/21,Minnow,1138-Y
7/21/21,Fukui,1452-R
7/21/21,Minnow,1106-Y
7/21/21,Fukui,1437-R
7/21/21,Minnow,1101-B
7/21/21,Fukui,178-Y
7/21/21,Minnow,1081-Y
7/21/21,Fukui,1181-Y
7/21/21,Minnow,1083-Y
7/21/21,Fukui,1432-R
7/21/21,Minnow,655-P
7/21/21,Fukui,12-P
7/21/21,Minnow,626-P
7/21/21,Fukui,148-Y
7/21/21,Minnow,114-Y
7/21/21,Fukui,609-P
7/21/21,Minnow,35-P
7/21/21,Minnow,1149-Y
7/21/21,Fukui,572-P
7/21/21,Minnow,135-P
7/21/21,Fukui,621-P
7/21/21,Minnow,637-P
7/21/21,Fukui,1494-R
7/21/21,Minnow,1351-G
7/21/21,Fukui,367-R
7/21/21,Minnow,1151-Y
7/21/21,Fukui,133-Y
7/21/21,Minnow,1122-Y
7/21/21,Fukui,1100-Y
7/21/21,Minnow,1107-Y
7/21/21,Fukui,1190-Y
7/21/21,Minnow,168-P
7/21/21,Fukui,166-Y
7/21/21,Minnow,75-P
7/21/21,Fukui,1407-R
7/21/21,Minnow,185-Y
7/21/21,Fukui,1451-R
7/22/21,Minnow,147-Y
7/22/21,Fukui,1194-Y
7/22/21,Minnow,688-P
7/22/21,Fukui,1430-R
7/22/21,Minnow,1131-Y
7/22/21,Fukui,187-Y
7/22/21,Minnow,1146-Y
7/22/21,Fukui,119-Y
7/22/21,Fukui,1188-Y
7/22/21,Minnow,1109-Y
7/22/21,Fukui,1408-R
7/22/21,Minnow,139-Y
7/22/21,Fukui,123-Y
7/22/21,Minnow,192-P
7/22/21,Minnow,1148-Y
7/22/21,Fukui,1172-Y
7/22/21,Minnow,1404-R
7/22/21,Fukui,164-Y
7/22/21,Minnow,170-Y
7/22/21,Fukui,176-Y
7/22/21,Minnow,1090-Y
7/22/21,Fukui,194-Y
7/22/21,Fukui,177-Y
7/22/21,Minnow,1154-Y
7/22/21,Minnow,1088-Y
7/22/21,Fukui,1101-Y
7/22/21,Fukui,1496-R
7/22/21,Minnow,1178-B
7/22/21,Minnow,146-Y
7/22/21,Fukui,184-Y
7/22/21,Fukui,1436-R
7/22/21,Minnow,171-Y
7/22/21,Fukui,1124-B
7/22/21,Minnow,567-P
7/22/21,Fukui,1461-R
7/22/21,Minnow,668-P
7/22/21,Fukui,644-P
7/22/21,Minnow,162
7/22/21,Fukui,871-R
7/22/21,Minnow,1427-R
7/22/21,Fukui,1187-Y
7/22/21,Minnow,161-P
7/22/21,Fukui,668-R
7/22/21,Minnow,1138-Y
7/22/21,Fukui,1452-R
7/22/21,Minnow,1106-Y
7/22/21,Fukui,1437-R
7/22/21,Minnow,1101-B
7/22/21,Fukui,178-Y
7/22/21,Minnow,1081-Y
7/22/21,Fukui,1181-Y
7/22/21,Minnow,1083-Y
7/22/21,Fukui,1432-R
7/22/21,Minnow,655-P
7/22/21,Fukui,12-P
7/22/21,Minnow,626-P
7/22/21,Fukui,148-Y
7/22/21,Minnow,114-Y
7/22/21,Fukui,609-P
7/22/21,Minnow,35-P
7/22/21,Minnow,1149-Y
7/22/21,Fukui,572-P
7/22/21,Minnow,135-P
7/22/21,Fukui,621-P
7/22/21,Minnow,637-P
7/22/21,Fukui,1494-R
7/22/21,Minnow,1351-G
7/22/21,Fukui,367-R
7/22/21,Minnow,1151-Y
7/22/21,Fukui,133-Y
7/22/21,Minnow,1122-Y
7/22/21,Fukui,1100-Y
7/22/21,Minnow,1107-Y
7/22/21,Fukui,1190-Y
7/22/21,Minnow,168-P
7/22/21,Fukui,166-Y
7/22/21,Minnow,75-P
7/22/21,Fukui,1407-R
7/22/21,Minnow,185-Y
7/22/21,Fukui,1451-R
7/23/21,Minnow,147-Y
7/23/21,Fukui,1194-Y
7/23/21,Minnow,688-P
7/23/21,Fukui,1430-R
7/23/21,Minnow,1131-Y
7/23/21,Fukui,187-Y
7/23/21,Minnow,1146-Y
7/23/21,Fukui,119-Y
7/23/21,Fukui,1188-Y
7/23/21,Minnow,1109-Y
7/23/21,Fukui,1408-R
7/23/21,Minnow,139-Y
7/23/21,Fukui,123-Y
7/23/21,Minnow,192-P
7/23/21,Minnow,1148-Y
7/23/21,Fukui,1172-Y
7/23/21,Minnow,1404-R
7/23/21,Fukui,164-Y
7/23/21,Minnow,170-Y
7/23/21,Fukui,176-Y
7/23/21,Minnow,1090-Y
7/23/21,Fukui,194-Y
7/23/21,Fukui,177-Y
7/23/21,Minnow,1154-Y
7/23/21,Minnow,1088-Y
7/23/21,Fukui,1101-Y
7/23/21,Fukui,1496-R
7/23/21,Minnow,1178-B
7/23/21,Minnow,146-Y
7/23/21,Fukui,184-Y
7/23/21,Minnow,1149-Y
7/23/21,Fukui,572-P
7/23/21,Minnow,135-P
7/23/21,Fukui,621-P
7/23/21,Minnow,637-P
7/23/21,Fukui,1494-R
7/23/21,Minnow,1351-G
7/23/21,Fukui,367-R
7/23/21,Minnow,1151-Y
7/23/21,Fukui,133-Y
7/23/21,Minnow,1122-Y
7/23/21,Fukui,1100-Y
7/23/21,Minnow,1107-Y
7/23/21,Fukui,1190-Y
7/23/21,Minnow,168-P
7/23/21,Fukui,166-Y
7/23/21,Minnow,75-P
7/23/21,Fukui,1407-R
7/23/21,Minnow,185-Y
7/23/21,Fukui,1451-R
7/23/21,Minnow,1467-R
7/23/21,Fukui,618-P
7/23/21,Minnow,1457-R
7/23/21,Fukui,1195-Y
7/23/21,Minnow,193-P
7/23/21,Fukui,1445-R
7/23/21,Minnow,626-P
7/23/21,Fukui,1187-Y
7/23/21,Minnow,161-P
7/23/21,Fukui,1124-B
7/23/21,Minnow,668-P
7/23/21,Fukui,1432-R
7/23/21,Minnow,1081-Y
7/23/21,Fukui,1181-Y
7/23/21,Minnow,1181-B
7/23/21,Fukui,1436-R
7/23/21,Minnow,1106-Y
7/23/21,Fukui,12-P
7/23/21,Minnow,162-P
7/23/21,Fukui,668-P
7/23/21,Minnow,171-Y
7/23/21,Fukui,644-P
7/23/21,Minnow,567-P
7/23/21,Fukui,1452-R
7/23/21,Fukui,1437-R
7/23/21,Minnow,1138-Y
7/23/21,Fukui,148-Y
7/23/21,Minnow,1427-R
7/23/21,Fukui,871
7/23/21,Minnow,35-P
7/23/21,Minnow,655-P
7/23/21,Fukui,1461-R
7/23/21,Minnow,114-Y
7/23/21,Fukui,609-P
7/23/21,Minnow,1083-Y
7/23/21,Fukui,178-Y
8/3/21,Minnow,637-P
8/3/21,Fukui,184-Y
8/3/21,Minnow,1122-Y
8/3/21,Fukui,123-Y
8/3/21,Minnow,95-P
8/3/21,Fukui,1101-Y
8/3/21,Minnow,1457-R
8/3/21,Fukui,178-Y
8/3/21,Fukui,194-Y
8/3/21,Minnow,194-P
8/3/21,Fukui,1496-R
8/3/21,Minnow,1060-B
8/3/21,Fukui,119-Y
8/3/21,Minnow,75-P
8/3/21,Minnow,185-Y
8/3/21,Fukui,1430-R
8/3/21,Minnow,196-P
8/3/21,Fukui,1190-Y
8/3/21,Minnow,141-P
8/3/21,Fukui,1187-Y
8/3/21,Minnow,1413-R
8/3/21,Fukui,871-R
8/3/21,Fukui,816-P
8/3/21,Minnow,168-P
8/3/21,Minnow,192-P
8/3/21,Fukui,1194-Y
8/3/21,Fukui,164-Y
8/3/21,Minnow,135-P
8/3/21,Minnow,1131-Y
8/3/21,Fukui,1408-R
8/3/21,Minnow,687-P
8/3/21,Fukui,574-P
8/3/21,Minnow,585-P
8/3/21,Fukui,619-P
8/3/21,Minnow,142-P
8/3/21,Fukui,12-P
8/3/21,Minnow,1071-B
8/3/21,Fukui,1436-R
8/3/21,Minnow,158-P
8/3/21,Fukui,1495-R
8/3/21,Minnow,1325-G
8/3/21,Fukui,20-P
8/3/21,Minnow,1390-P
8/3/21,Fukui,1437-R
8/3/21,Minnow,74-P
8/3/21,Fukui,581-P
8/3/21,Minnow,160-P
8/3/21,Fukui,1173-Y
8/3/21,Minnow,1467-R
8/3/21,Fukui,1179-Y
8/3/21,Fukui,22-P
8/3/21,Minnow,49-P
8/3/21,Fukui,1406-R
8/3/21,Minnow,91-P
8/3/21,Fukui,1488-R
8/3/21,Minnow,57-P
8/3/21,Fukui,141-Y
8/3/21,Minnow,184-P
8/3/21,Fukui,1431-R
8/3/21,Minnow,166-P
8/3/21,Fukui,648-P
8/3/21,Minnow,1154-Y
8/3/21,Fukui,602-P
8/3/21,Minnow,1146-Y
8/3/21,Fukui,690-P
8/3/21,Minnow,147-Y
8/3/21,Fukui,1156-Y
8/3/21,Minnow,1109-Y
8/3/21,Fukui,128-Y
8/3/21,Minnow,73-P
8/3/21,Fukui,176-P
8/3/21,Minnow,157-P
8/3/21,Fukui,23-P
8/3/21,Minnow,1397-P
8/3/21,Fukui,1489-R
8/3/21,Minnow,1378-P
8/3/21,Fukui,1177-Y
8/3/21,Minnow,195-P
8/3/21,Fukui,573-P
8/3/21,Minnow,1405-R
8/4/21,Minnow,637-P
8/4/21,Fukui,184-Y
8/4/21,Minnow,1122-Y
8/4/21,Fukui,123-Y
8/4/21,Minnow,95-P
8/4/21,Fukui,1101-Y
8/4/21,Minnow,1457-R
8/4/21,Fukui,178-Y
8/4/21,Fukui,194-Y
8/4/21,Minnow,194-P
8/4/21,Fukui,1496-R
8/4/21,Minnow,1060-B
8/4/21,Fukui,119-Y
8/4/21,Minnow,75-P
8/4/21,Minnow,185-Y
8/4/21,Fukui,1430-R
8/4/21,Minnow,196-P
8/4/21,Fukui,1190-Y
8/4/21,Minnow,141-P
8/4/21,Fukui,1187-Y
8/4/21,Minnow,1413-R
8/4/21,Fukui,871-R
8/4/21,Fukui,816-P
8/4/21,Minnow,168-P
8/4/21,Minnow,192-P
8/4/21,Fukui,1194-Y
8/4/21,Fukui,164-Y
8/4/21,Minnow,135-P
8/4/21,Minnow,1131-Y
8/4/21,Fukui,1408-R
8/4/21,Minnow,1107-Y
8/4/21,Minnow,687-P
8/4/21,Fukui,574-P
8/4/21,Minnow,585-P
8/4/21,Fukui,619-P
8/4/21,Minnow,142-P
8/4/21,Fukui,12-P
8/4/21,Minnow,1071-B
8/4/21,Fukui,1436-R
8/4/21,Minnow,158-P
8/4/21,Fukui,1495-R
8/4/21,Minnow,1325-G
8/4/21,Fukui,20-P
8/4/21,Minnow,1390-P
8/4/21,Fukui,1437-R
8/4/21,Minnow,74-P
8/4/21,Fukui,581-P
8/4/21,Minnow,160-P
8/4/21,Fukui,1173-Y
8/4/21,Minnow,1467-R
8/4/21,Fukui,1179-Y
8/4/21,Fukui,22-P
8/4/21,Minnow,49-P
8/4/21,Fukui,1406-R
8/4/21,Minnow,91-P
8/4/21,Fukui,1488-R
8/4/21,Minnow,57-P
8/4/21,Fukui,141-Y
8/4/21,Minnow,184-P
8/4/21,Fukui,1431-R
8/4/21,Minnow,166-P
8/4/21,Fukui,648-P
8/4/21,Minnow,1154-Y
8/4/21,Fukui,602-P
8/4/21,Minnow,1146-Y
8/4/21,Fukui,690-P
8/4/21,Minnow,147-Y
8/4/21,Fukui,1156-Y
8/4/21,Minnow,1109-Y
8/4/21,Fukui,128-Y
8/4/21,Minnow,73-P
8/4/21,Fukui,176-P
8/4/21,Minnow,157-P
8/4/21,Fukui,23-P
8/4/21,Minnow,1397-P
8/4/21,Fukui,1489-R
8/4/21,Minnow,1378-P
8/4/21,Fukui,1177-Y
8/4/21,Minnow,195-P
8/4/21,Fukui,573-P
8/4/21,Minnow,1405-R
8/5/21,Minnow,687-P
8/5/21,Fukui,574-P
8/5/21,Minnow,585-P
8/5/21,Fukui,619-P
8/5/21,Minnow,142-P
8/5/21,Fukui,12-P
8/5/21,Minnow,1071-B
8/5/21,Fukui,1436-R
8/5/21,Minnow,158-P
8/5/21,Fukui,1495-R
8/5/21,Minnow,1325-G
8/5/21,Fukui,20-P
8/5/21,Minnow,1390-P
8/5/21,Fukui,1437-R
8/5/21,Minnow,74-P
8/5/21,Fukui,581-P
8/5/21,Minnow,160-P
8/5/21,Fukui,1173-Y
8/5/21,Minnow,1467-R
8/5/21,Fukui,1179-Y
8/5/21,Fukui,22-P
8/5/21,Minnow,49-P
8/5/21,Fukui,1406-R
8/5/21,Minnow,91-P
8/5/21,Fukui,1488-R
8/5/21,Minnow,57-P
8/5/21,Fukui,141-Y
8/5/21,Minnow,184-P
8/5/21,Fukui,1431-R
8/5/21,Minnow,166-P
8/5/21,Fukui,648-P
8/5/21,Minnow,1154-Y
8/5/21,Fukui,602-P
8/5/21,Minnow,1146-Y
8/5/21,Fukui,690-P
8/5/21,Minnow,147-Y
8/5/21,Fukui,1156-Y
8/5/21,Minnow,1109-Y
8/5/21,Fukui,128-Y
8/5/21,Minnow,73-P
8/5/21,Fukui,176-P
8/5/21,Minnow,157-P
8/5/21,Fukui,23-P
8/5/21,Minnow,1397-P
8/5/21,Fukui,1489-R
8/5/21,Minnow,1378-P
8/5/21,Fukui,1177-Y
8/5/21,Minnow,195-P
8/5/21,Fukui,573-P
8/5/21,Minnow,1405-R
8/5/21,Fukui,1430-R
8/5/21,Minnow,135-P
8/5/21,Fukui,1496-R
8/5/21,Minnow,192-P
8/5/21,Fukui,1190-Y
8/5/21,Minnow,168-P
8/5/21,Fukui,119-Y
8/5/21,Minnow,1413-R
8/5/21,Fukui,194-Y
8/5/21,Minnow,141-P
8/5/21,Fukui,1194-Y
8/5/21,Minnow,185-Y
8/5/21,Fukui,871-R
8/5/21,Minnow,196-P
8/5/21,Fukui,1187-Y
8/5/21,Minnow,1107-Y
8/5/21,Fukui,123-Y
8/5/21,Minnow,1131-Y
8/5/21,Fukui,184-Y
8/5/21,Minnow,194-P
8/5/21,Fukui,1101-Y
8/5/21,Minnow,1060-B
8/5/21,Fukui,618-P
8/5/21,Minnow,75-P
8/5/21,Fukui,164-Y
8/5/21,Minnow,1457-R
8/5/21,Fukui,178-Y
8/5/21,Minnow,95-P
8/5/21,Fukui,1408-R
8/5/21,Minnow,1122-Y
8/5/21,Minnow,637-P
8/6/21,Minnow,687-P
8/6/21,Fukui,574-P
8/6/21,Minnow,585-P
8/6/21,Fukui,619-P
8/6/21,Minnow,142-P
8/6/21,Fukui,12-P
8/6/21,Minnow,1071-B
8/6/21,Fukui,1436-R
8/6/21,Minnow,158-P
8/6/21,Fukui,1495-R
8/6/21,Minnow,1325-G
8/6/21,Fukui,20-P
8/6/21,Minnow,1390-P
8/6/21,Fukui,1437-R
8/6/21,Minnow,74-P
8/6/21,Fukui,581-P
8/6/21,Minnow,160-P
8/6/21,Fukui,1173-Y
8/6/21,Minnow,1467-R
8/6/21,Fukui,1179-Y
8/6/21,Fukui,22-P
8/6/21,Minnow,49-P
8/6/21,Fukui,1406-R
8/6/21,Minnow,91-P
8/6/21,Fukui,1488-R
8/6/21,Minnow,57-P
8/6/21,Fukui,141-Y
8/6/21,Minnow,184-P
8/6/21,Fukui,1431-R
8/6/21,Minnow,166-P
8/6/21,Fukui,648-P
8/6/21,Minnow,1154-Y
8/6/21,Fukui,602-P
8/6/21,Minnow,1146-Y
8/6/21,Fukui,690-P
8/6/21,Minnow,147-Y
8/6/21,Fukui,1156-Y
8/6/21,Minnow,1109-Y
8/6/21,Fukui,128-Y
8/6/21,Minnow,73-P
8/6/21,Fukui,176-P
8/6/21,Minnow,157-P
8/6/21,Fukui,23-P
8/6/21,Minnow,1397-P
8/6/21,Fukui,1489-R
8/6/21,Minnow,1378-P
8/6/21,Fukui,1177-Y
8/6/21,Minnow,195-P
8/6/21,Fukui,573-P
8/6/21,Minnow,1405-R
8/6/21,Fukui,1430-R
8/6/21,Minnow,135-P
8/6/21,Fukui,1496-R
8/6/21,Minnow,192-P
8/6/21,Fukui,1190-Y
8/6/21,Minnow,168-P
8/6/21,Fukui,119-Y
8/6/21,Minnow,1413-R
8/6/21,Fukui,194-Y
8/6/21,Minnow,141-P
8/6/21,Fukui,1194-Y
8/6/21,Minnow,185-Y
8/6/21,Fukui,871-R
8/6/21,Minnow,196-P
8/6/21,Fukui,1187-Y
8/6/21,Minnow,1107-Y
8/6/21,Fukui,123-Y
8/6/21,Minnow,1131-Y
8/6/21,Fukui,184-Y
8/6/21,Minnow,194-P
8/6/21,Fukui,1101-Y
8/6/21,Minnow,1060-B
8/6/21,Fukui,618-P
8/6/21,Minnow,75-P
8/6/21,Fukui,164-Y
8/6/21,Minnow,1457-R
8/6/21,Fukui,178-Y
8/6/21,Minnow,95-P
8/6/21,Fukui,1408-R
8/6/21,Minnow,1122-Y
8/6/21,Minnow,637-P
8/18/21,Minnow,655-P
8/18/21,Fukui,1187-Y
8/18/21,Minnow,1390-P
8/18/21,Fukui,1430-R
8/18/21,Minnow,158-P
8/18/21,Fukui,133-Y
8/18/21,Minnow,185-Y
8/18/21,Fukui,1172-Y
8/18/21,Fukui,119-Y
8/18/21,Minnow,168-P
8/18/21,Fukui,618-P
8/18/21,Minnow,1467-R
8/18/21,Fukui,194-Y
8/18/21,Minnow,637-P
8/18/21,Minnow,166-P
8/18/21,Fukui,1489-R
8/18/21,Minnow,687-P
8/18/21,Fukui,123-Y
8/18/21,Minnow,146-Y
8/18/21,Fukui,1496-R
8/18/21,Minnow,1109-Y
8/18/21,Fukui,20-P
8/18/21,Fukui,1436-R
8/18/21,Minnow,95-P
8/18/21,Minnow,626-P
8/18/21,Fukui,1181-Y
8/18/21,Fukui,1156-Y
8/18/21,Minnow,1146-Y
8/18/21,Minnow,585-P
8/18/21,Fukui,1188-Y
8/18/21,Fukui,1173-Y
8/18/21,Minnow,1107-Y
8/18/21,Fukui,176-P
8/18/21,Minnow,49-P
8/18/21,Fukui,367-R
8/18/21,Minnow,1405-R
8/18/21,Fukui,574-P
8/18/21,Minnow,75-P
8/18/21,Fukui,1101-Y
8/18/21,Minnow,1060-B
8/18/21,Fukui,1408-R
8/18/21,Minnow,1071-B
8/18/21,Fukui,573-P
8/18/21,Minnow,142-P
8/18/21,Fukui,22-P
8/18/21,Minnow,184-P
8/18/21,Fukui,187-Y
8/18/21,Minnow,74-P
8/18/21,Fukui,1494-R
8/18/21,Minnow,1154-Y
8/18/21,Fukui,23-P
8/18/21,Minnow,91-P
8/18/21,Fukui,621-P
8/18/21,Minnow,1131-Y
8/18/21,Fukui,1432-R
8/18/21,Minnow,1122-Y
8/18/21,Fukui,184-Y
8/18/21,Minnow,147-Y
8/18/21,Fukui,871-R
8/18/21,Minnow,194-P
8/18/21,Minnow,192-P
8/18/21,Fukui,1177-Y
8/18/21,Minnow,160-P
8/18/21,Fukui,1190-Y
8/18/21,Minnow,135-P
8/18/21,Fukui,166-Y
8/18/21,Minnow,1397-P
8/18/21,Fukui,1495-R
8/18/21,Minnow,73-P
8/18/21,Fukui,1451-R
8/18/21,Minnow,195-P
8/18/21,Fukui,148-Y
8/18/21,Minnow,57-P
8/18/21,Fukui,1445-R
8/18/21,Minnow,196-P
8/18/21,Fukui,1461-R
8/18/21,Minnow,141-P
8/18/21,Fukui,1406-R
8/18/21,Minnow,157-P
8/18/21,Fukui,1100-Y
8/19/21,Minnow,655-P
8/19/21,Fukui,1187-Y
8/19/21,Minnow,1390-P
8/19/21,Fukui,1430-R
8/19/21,Minnow,158-P
8/19/21,Fukui,133-Y
8/19/21,Minnow,185-Y
8/19/21,Fukui,1172-Y
8/19/21,Fukui,119-Y
8/19/21,Minnow,168-P
8/19/21,Fukui,618-P
8/19/21,Minnow,1467-R
8/19/21,Fukui,194-Y
8/19/21,Minnow,637-P
8/19/21,Minnow,166-P
8/19/21,Fukui,1489-R
8/19/21,Minnow,687-P
8/19/21,Fukui,123-Y
8/19/21,Minnow,146-Y
8/19/21,Fukui,1496-R
8/19/21,Minnow,1109-Y
8/19/21,Fukui,20-P
8/19/21,Fukui,1436-R
8/19/21,Minnow,95-P
8/19/21,Minnow,626-P
8/19/21,Fukui,1181-Y
8/19/21,Fukui,1156-Y
8/19/21,Minnow,1146-Y
8/19/21,Minnow,585-P
8/19/21,Fukui,1188-Y
8/19/21,Fukui,1173-Y
8/19/21,Minnow,1107-Y
8/19/21,Fukui,176-P
8/19/21,Minnow,49-P
8/19/21,Fukui,367-R
8/19/21,Minnow,1405-R
8/19/21,Fukui,574-P
8/19/21,Minnow,75-P
8/19/21,Fukui,1101-Y
8/19/21,Minnow,1060-B
8/19/21,Fukui,1408-R
8/19/21,Minnow,1071-B
8/19/21,Fukui,573-P
8/19/21,Minnow,142-P
8/19/21,Fukui,22-P
8/19/21,Minnow,184-P
8/19/21,Fukui,187-Y
8/19/21,Minnow,74-P
8/19/21,Fukui,1494-R
8/19/21,Minnow,1154-Y
8/19/21,Fukui,23-P
8/19/21,Minnow,91-P
8/19/21,Fukui,621-P
8/19/21,Minnow,1131-Y
8/19/21,Fukui,1432-R
8/19/21,Minnow,1122-Y
8/19/21,Fukui,184-Y
8/19/21,Minnow,147-Y
8/19/21,Fukui,871-R
8/19/21,Minnow,194-P
8/19/21,Minnow,192-P
8/19/21,Fukui,1177-Y
8/19/21,Minnow,160-P
8/19/21,Fukui,1190-Y
8/19/21,Minnow,135-P
8/19/21,Fukui,166-Y
8/19/21,Minnow,1397-P
8/19/21,Fukui,1495-R
8/19/21,Minnow,73-P
8/19/21,Fukui,1451-R
8/19/21,Minnow,195-P
8/19/21,Fukui,148-Y
8/19/21,Minnow,57-P
8/19/21,Fukui,1445-R
8/19/21,Minnow,196-P
8/19/21,Fukui,1461-R
8/19/21,Minnow,141-P
8/19/21,Fukui,1406-R
8/19/21,Minnow,157-P
8/19/21,Fukui,1100-Y
8/20/21,Fukui,1173-Y
8/20/21,Minnow,1107-Y
8/20/21,Fukui,176-P
8/20/21,Minnow,49-P
8/20/21,Fukui,367-R
8/20/21,Minnow,1405-R
8/20/21,Fukui,574-P
8/20/21,Minnow,75-P
8/20/21,Fukui,1101-Y
8/20/21,Minnow,1060-B
8/20/21,Fukui,1408-R
8/20/21,Minnow,1071-B
8/20/21,Fukui,573-P
8/20/21,Minnow,142-P
8/20/21,Fukui,22-P
8/20/21,Minnow,184-P
8/20/21,Fukui,187-Y
8/20/21,Minnow,74-P
8/20/21,Fukui,1494-R
8/20/21,Minnow,1154-Y
8/20/21,Fukui,23-P
8/20/21,Minnow,91-P
8/20/21,Fukui,621-P
8/20/21,Minnow,1131-Y
8/20/21,Fukui,1432-R
8/20/21,Minnow,1122-Y
8/20/21,Fukui,184-Y
8/20/21,Minnow,147-Y
8/20/21,Fukui,871-R
8/20/21,Minnow,194-P
8/20/21,Minnow,192-P
8/20/21,Fukui,1177-Y
8/20/21,Minnow,160-P
8/20/21,Fukui,1190-Y
8/20/21,Minnow,135-P
8/20/21,Fukui,166-Y
8/20/21,Minnow,1397-P
8/20/21,Fukui,1495-R
8/20/21,Minnow,73-P
8/20/21,Fukui,1451-R
8/20/21,Minnow,195-P
8/20/21,Fukui,148-Y
8/20/21,Minnow,57-P
8/20/21,Fukui,1445-R
8/20/21,Minnow,196-P
8/20/21,Fukui,1461-R
8/20/21,Minnow,141-P
8/20/21,Fukui,1406-R
8/20/21,Minnow,157-P
8/20/21,Fukui,1100-Y
8/20/21,Minnow,1149-Y
8/20/21,Fukui,572-P
8/20/21,Minnow,193-P
8/20/21,Fukui,128-Y
8/20/21,Minnow,1018-Y
8/20/21,Fukui,1437-R
8/20/21,Fukui,602-P
8/20/21,Minnow,170-Y
8/20/21,Fukui,164-Y
8/20/21,Minnow,1106-Y
8/20/21,Fukui,1407-R
8/20/21,Minnow,1178-B
8/20/21,Minnow,114-Y
8/20/21,Fukui,644-P
8/20/21,Minnow,567-P
8/20/21,Fukui,581-P
8/20/21,Minnow,35-P
8/20/21,Fukui,1488-R
8/20/21,Minnow,688-P
8/20/21,Fukui,178-Y
8/20/21,Minnow,1325-G
8/20/21,Fukui,690-P
8/20/21,Minnow,1457-R
8/20/21,Fukui,648-P
8/20/21,Minnow,1378-P
8/20/21,Fukui,609-P
8/20/21,Minnow,1088-Y
8/20/21,Fukui,1179-Y
8/20/21,Minnow,1427-R
8/20/21,Fukui,1452-R
8/20/21,Fukui,1124-B
8/20/21,Minnow,1148-Y
8/20/21,Minnow,1404-R
8/20/21,Fukui,1194-Y
8/20/21,Minnow,1090-Y
8/20/21,Fukui,176-Y
8/20/21,Minnow,139-Y
8/20/21,Fukui,141-Y
8/24/21,Minnow,1425-R
8/24/21,Fukui,1448-R
8/24/21,Minnow,57-P
8/24/21,Fukui,165-Y
8/24/21,Minnow,146-P
8/24/21,Fukui,143-Y
8/24/21,Minnow,1072-B
8/24/21,Fukui,1495-R
8/24/21,Minnow,1077-Y
8/24/21,Fukui,1127-B
8/24/21,Minnow,174-P
8/24/21,Fukui,605-P
8/24/21,Minnow,1457-R
8/24/21,Fukui,1455-R
8/24/21,Minnow,182-Y
8/24/21,Fukui,622-P
8/24/21,Minnow,1400-P
8/24/21,Fukui,369-R
8/24/21,Minnow,668-P
8/24/21,Fukui,603-P
8/24/21,Minnow,1106-Y
8/24/21,Fukui,1133-B
8/24/21,Minnow,1121-Y
8/24/21,Fukui,1446-R
8/24/21,Minnow,567-P
8/24/21,Fukui,111-Y
8/24/21,Minnow,684-P
8/24/21,Fukui,142-Y
8/24/21,Minnow,1090-Y
8/24/21,Fukui,1140-B
8/24/21,Fukui,1391-P
8/24/21,Minnow,1325-G
8/24/21,Fukui,640-P
8/24/21,Minnow,184-P
8/24/21,Fukui,1368-G
8/24/21,Minnow,1405-R
8/24/21,Fukui,1135-B
8/24/21,Minnow,192-P
8/24/21,Fukui,639-P
8/24/21,Minnow,1107-Y
8/24/21,Fukui,102-Y
8/24/21,Minnow,185-P
8/24/21,Fukui,566-P
8/24/21,Minnow,682-P
8/24/21,Fukui,1459-R
8/24/21,Minnow,1119-Y
8/24/21,Fukui,623-P
8/24/21,Minnow,1182-B
8/24/21,Fukui,1454-R
8/24/21,Minnow,1087-Y
8/24/21,Fukui,6-P
8/24/21,Minnow,74-P
8/24/21,Fukui,1435-R
8/24/21,Minnow,170-Y
8/24/21,Fukui,1095-Y
8/24/21,Minnow,1060-B
8/24/21,Fukui,1499-R
8/24/21,Minnow,126-P
8/24/21,Fukui,1369-G
8/24/21,Minnow,172-P
8/24/21,Fukui,1182-Y
8/24/21,Minnow,165-P
8/24/21,Fukui,683-P
8/24/21,Minnow,678-P
8/24/21,Fukui,116-Y
8/24/21,Minnow,75-P
8/24/21,Fukui,1367-G
8/24/21,Minnow,1423-R
8/24/21,Fukui,604-P
8/24/21,Minnow,195-P
8/24/21,Minnow,667-P
8/24/21,Fukui,570-p
8/24/21,Minnow,688-P
8/24/21,Fukui,1144-B
8/24/21,Minnow,1138-Y
8/24/21,Fukui,1305-G
8/24/21,Minnow,1083-Y
8/24/21,Fukui,636-P
8/24/21,Minnow,1079-Y
8/24/21,Fukui,663-R
8/24/21,Minnow,681-P
8/24/21,Fukui,1108-Y
8/24/21,Minnow,630-P
8/24/21,Fukui,1310-G
8/24/21,Minnow,1399-G
8/24/21,Fukui,1129-B
8/24/21,Minnow,171-Y
8/24/21,Fukui,625-P
8/24/21,Minnow,72-P
8/24/21,Fukui,162-Y
8/24/21,Fukui,638-P
8/24/21,Minnow,1418-R
8/24/21,Fukui,657-R
8/24/21,Minnow,83-P
8/24/21,Fukui,1143-B
8/24/21,Minnow,1320-G
8/24/21,Fukui,1189-Y
8/24/21,Minnow,1479-R
8/24/21,Fukui,629-P
8/24/21,Minnow,663-P
8/24/21,Fukui,1487-R
8/24/21,Minnow,173-P
8/24/21,Fukui,364-R
8/24/21,Minnow,1093-Y
8/24/21,Fukui,1442-R
8/24/21,Minnow,1129-Y
8/24/21,Fukui,192-Y
8/24/21,Minnow,689-P
8/24/21,Minnow,1426-R
8/24/21,Fukui,1354-G
8/24/21,Fukui,606-P
8/24/21,Minnow,686-P
8/24/21,Fukui,1359-G
8/24/21,Minnow,1388-G
8/24/21,Fukui,669-R
8/24/21,Minnow,1322-G
8/24/21,Minnow,180-P
8/24/21,Fukui,134-Y
8/24/21,Minnow,1409-R
8/24/21,Fukui,1147-B
8/24/21,Minnow,1400-G
8/24/21,Fukui,24-P
8/24/21,Minnow,187-P
8/24/21,Fukui,1366-G
8/24/21,Minnow,1464-R
8/24/21,Minnow,1150-Y
8/24/21,Fukui,21-P
8/24/21,Fukui,191-Y
8/24/21,Minnow,133-P
8/24/21,Fukui,868-R
8/24/21,Fukui,1185-Y
8/24/21,Minnow,634-P
8/24/21,Fukui,160-Y
8/24/21,Minnow,1067-B
8/24/21,Minnow,188-Y
8/24/21,Fukui,1449-R
8/24/21,Minnow,154-P
8/24/21,Fukui,665-R
8/24/21,Minnow,1481-R
8/24/21,Fukui,153-Y
8/24/21,Fukui,366-R
8/24/21,Minnow,1346-G
8/24/21,Minnow,1370
8/24/21,Fukui,155-Y
8/24/21,Fukui,136-Y
8/24/21,Minnow,1319-G
8/24/21,Minnow,1084-Y
8/24/21,Fukui,1365-G
8/24/21,Fukui,1102-Y
8/24/21,Minnow,1148-G
8/24/21,Minnow,379-R
8/24/21,Fukui,1139-Y
8/24/21,Fukui,617-P
8/24/21,Minnow,1091-Y
8/24/21,Fukui,1138-B
8/24/21,Minnow,197-P
8/24/21,Fukui,1393-P
8/24/21,Minnow,1462-R
8/24/21,Fukui,1342-Y
8/24/21,Minnow,582-P
8/24/21,Fukui,1307-G
8/24/21,Minnow,193-Y
8/24/21,Minnow,658-P
8/24/21,Fukui,368-R
8/24/21,Fukui,108-Y
8/24/21,Minnow,92-P
8/24/21,Fukui,1137-B
8/24/21,Fukui,381-R
8/24/21,Minnow,1383-P
8/24/21,Minnow,134-P
8/24/21,Minnow,1323-G
8/24/21,Fukui,870
8/24/21,Minnow,1068-B
8/24/21,Fukui,383-R
8/24/21,Minnow,1421-R
8/24/21,Fukui,110-Y
8/24/21,Minnow,70-P
8/24/21,Fukui,4-P
8/24/21,Minnow,1424-R
8/24/21,Fukui,1440-R
8/24/21,Minnow,1122-Y
8/24/21,Fukui,644-P
8/24/21,Minnow,194-P
8/24/21,Fukui,1177-Y
8/24/21,Minnow,1413-R
8/24/21,Fukui,23-P
8/24/21,Minnow,147-Y
8/24/21,Fukui,176-Y
8/24/21,Minnow,1070-B
8/24/21,Fukui,119-Y
8/24/21,Fukui,1432-R
8/24/21,Minnow,1427-R
8/24/21,Fukui,1190-Y
8/24/21,Minnow,196-P
8/24/21,Fukui,1445-R
8/24/21,Minnow,1148-Y
8/24/21,Fukui,176-P
8/24/21,Minnow,135-P
8/24/21,Fukui,1488-B
8/24/21,Fukui,609-P
8/24/21,Minnow,35-P
8/24/21,Fukui,1175-Y
8/24/21,Minnow,73-P
8/24/21,Fukui,1124-B
8/24/21,Minnow,141-P
8/24/21,Fukui,1489-R
8/24/21,Minnow,57-P
8/24/21,Fukui,1181-Y
8/24/21,Minnow,1154-Y
8/24/21,Fukui,1179-Y
8/24/21,Fukui,1408-R
8/24/21,Minnow,1378-P
8/24/21,Fukui,1194-Y
8/24/21,Minnow,1081-Y
8/24/21,Fukui,1496-R
8/24/21,Minnow,1149-Y
8/24/21,Fukui,187-Y
8/24/21,Minnow,1088-Y
8/24/21,Minnow,1378-P
8/24/21,Fukui,1100-Y
8/24/21,Minnow,142-P
8/24/21,Fukui,648-P
8/24/21,Minnow,1109-Y
8/24/21,Fukui,123-Y
8/24/21,Minnow,49-P
8/24/21,Fukui,1495-R
8/24/21,Minnow,91-P
8/24/21,Fukui,581-P
8/24/21,Minnow,146-Y
8/24/21,Minnow,585-P
8/24/21,Fukui,133-Y
8/24/21,Minnow,637-P
8/24/21,Fukui,184-P
8/24/21,Minnow,1390-P
8/24/21,Fukui,1451-R
8/24/21,Minnow,1146-Y
8/24/21,Fukui,20-P
8/24/21,Minnow,687-P
8/24/21,Fukui,574-P
8/24/21,Minnow,166-P
8/24/21,Fukui,141-Y
8/24/21,Minnow,626-P
8/24/21,Fukui,1406-R
8/24/21,Minnow,160-P
8/24/21,Fukui,1172-Y
8/24/21,Minnow,158-P
8/24/21,Fukui,572
8/24/21,Minnow,185-Y
8/24/21,Fukui,1407-R
8/24/21,Minnow,168-P
8/24/21,Fukui,194-Y
8/24/21,Minnow,655-P
8/24/21,Fukui,602-P
8/24/21,Minnow,95-P
8/24/21,Fukui,148-Y
8/24/21,Minnow,1467-R
8/24/21,Fukui,1188-Y
8/24/21,Minnow,157-P
8/24/21,Fukui,164-Y
8/25/21,Minnow,1425-R
8/25/21,Fukui,1448-R
8/25/21,Minnow,57-P
8/25/21,Fukui,165-Y
8/25/21,Minnow,146-P
8/25/21,Fukui,143-Y
8/25/21,Minnow,1072-B
8/25/21,Fukui,1495-R
8/25/21,Minnow,1077-Y
8/25/21,Fukui,1127-B
8/25/21,Minnow,174-P
8/25/21,Fukui,605-P
8/25/21,Minnow,1457-R
8/25/21,Fukui,1455-R
8/25/21,Minnow,182-Y
8/25/21,Fukui,622-P
8/25/21,Minnow,1400-P
8/25/21,Fukui,369-R
8/25/21,Minnow,668-P
8/25/21,Fukui,603-P
8/25/21,Minnow,1106-Y
8/25/21,Fukui,1133-B
8/25/21,Minnow,1121-Y
8/25/21,Fukui,1446-R
8/25/21,Minnow,567-P
8/25/21,Fukui,111-Y
8/25/21,Minnow,684-P
8/25/21,Fukui,142-Y
8/25/21,Minnow,1090-Y
8/25/21,Fukui,1140-B
8/25/21,Fukui,1391-P
8/25/21,Minnow,1325-G
8/25/21,Fukui,640-P
8/25/21,Minnow,184-P
8/25/21,Fukui,1368-G
8/25/21,Minnow,1405-R
8/25/21,Fukui,1135-B
8/25/21,Minnow,192-P
8/25/21,Fukui,639-P
8/25/21,Minnow,1107-Y
8/25/21,Fukui,102-Y
8/25/21,Minnow,185-P
8/25/21,Fukui,566-P
8/25/21,Minnow,682-P
8/25/21,Fukui,1459-R
8/25/21,Minnow,1119-Y
8/25/21,Fukui,623-P
8/25/21,Minnow,1182-B
8/25/21,Fukui,1454-R
8/25/21,Minnow,1087-Y
8/25/21,Fukui,6-P
8/25/21,Minnow,74-P
8/25/21,Fukui,1435-R
8/25/21,Minnow,170-Y
8/25/21,Fukui,1095-Y
8/25/21,Minnow,1060-B
8/25/21,Fukui,1499-R
8/25/21,Minnow,126-P
8/25/21,Fukui,1369-G
8/25/21,Minnow,172-P
8/25/21,Fukui,1182-Y
8/25/21,Minnow,165-P
8/25/21,Fukui,683-P
8/25/21,Minnow,678-P
8/25/21,Fukui,116-Y
8/25/21,Minnow,75-P
8/25/21,Fukui,1367-G
8/25/21,Minnow,1423-R
8/25/21,Fukui,604-P
8/25/21,Minnow,195-P
8/25/21,Minnow,667-P
8/25/21,Fukui,570-p
8/25/21,Minnow,688-P
8/25/21,Fukui,1144-B
8/25/21,Minnow,1138-Y
8/25/21,Fukui,1305-G
8/25/21,Minnow,1083-Y
8/25/21,Fukui,636-P
8/25/21,Minnow,1079-Y
8/25/21,Fukui,663-R
8/25/21,Minnow,681-P
8/25/21,Fukui,1108-Y
8/25/21,Minnow,630-P
8/25/21,Fukui,1310-G
8/25/21,Minnow,1399-G
8/25/21,Fukui,1129-B
8/25/21,Minnow,171-Y
8/25/21,Fukui,625-P
8/25/21,Minnow,72-P
8/25/21,Fukui,162-Y
8/25/21,Fukui,638-P
8/25/21,Minnow,1418-R
8/25/21,Fukui,657-R
8/25/21,Minnow,83-P
8/25/21,Fukui,1143-B
8/25/21,Minnow,1320-G
8/25/21,Fukui,1189-Y
8/25/21,Minnow,1479-R
8/25/21,Fukui,629-P
8/25/21,Minnow,663-P
8/25/21,Fukui,1487-R
8/25/21,Minnow,173-P
8/25/21,Fukui,364-R
8/25/21,Minnow,1093-Y
8/25/21,Fukui,1442-R
8/25/21,Minnow,1129-Y
8/25/21,Fukui,192-Y
8/25/21,Minnow,689-P
8/25/21,Minnow,1426-R
8/25/21,Fukui,1354-G
8/25/21,Fukui,606-P
8/25/21,Minnow,686-P
8/25/21,Fukui,1359-G
8/25/21,Minnow,1388-G
8/25/21,Fukui,669-R
8/25/21,Minnow,1322-G
8/25/21,Minnow,180-P
8/25/21,Fukui,134-Y
8/25/21,Minnow,1409-R
8/25/21,Fukui,1147-B
8/25/21,Minnow,1400-G
8/25/21,Fukui,24-P
8/25/21,Minnow,187-P
8/25/21,Fukui,1366-G
8/25/21,Minnow,1464-R
8/25/21,Minnow,1150-Y
8/25/21,Fukui,21-P
8/25/21,Fukui,191-Y
8/25/21,Minnow,133-P
8/25/21,Fukui,868-R
8/25/21,Fukui,1185-Y
8/25/21,Minnow,634-P
8/25/21,Fukui,160-Y
8/25/21,Minnow,1067-B
8/25/21,Minnow,188-Y
8/25/21,Fukui,1449-R
8/25/21,Minnow,154-P
8/25/21,Fukui,665-R
8/25/21,Minnow,1481-R
8/25/21,Fukui,153-Y
8/25/21,Fukui,366-R
8/25/21,Minnow,1346-G
8/25/21,Minnow,1370
8/25/21,Fukui,155-Y
8/25/21,Fukui,136-Y
8/25/21,Minnow,1319-G
8/25/21,Minnow,1084-Y
8/25/21,Fukui,1365-G
8/25/21,Fukui,1102-Y
8/25/21,Minnow,1148-G
8/25/21,Minnow,379-R
8/25/21,Fukui,1139-Y
8/25/21,Fukui,617-P
8/25/21,Minnow,1091-Y
8/25/21,Fukui,1138-B
8/25/21,Minnow,197-P
8/25/21,Fukui,1393-P
8/25/21,Minnow,1462-R
8/25/21,Fukui,1342-Y
8/25/21,Minnow,582-P
8/25/21,Fukui,1307-G
8/25/21,Minnow,193-Y
8/25/21,Minnow,658-P
8/25/21,Fukui,368-R
8/25/21,Fukui,108-Y
8/25/21,Minnow,92-P
8/25/21,Fukui,1137-B
8/25/21,Fukui,381-R
8/25/21,Minnow,1383-P
8/25/21,Minnow,134-P
8/25/21,Minnow,1323-G
8/25/21,Fukui,870
8/25/21,Minnow,1068-B
8/25/21,Fukui,383-R
8/25/21,Minnow,1421-R
8/25/21,Fukui,110-Y
8/25/21,Minnow,70-P
8/25/21,Fukui,4-P
8/25/21,Minnow,1424-R
8/25/21,Fukui,1440-R
8/25/21,Minnow,1122-Y
8/25/21,Fukui,644-P
8/25/21,Minnow,194-P
8/25/21,Fukui,1177-Y
8/25/21,Minnow,1413-R
8/25/21,Fukui,23-P
8/25/21,Minnow,147-Y
8/25/21,Fukui,176-Y
8/25/21,Minnow,1070-B
8/25/21,Fukui,119-Y
8/25/21,Fukui,1432-R
8/25/21,Minnow,1427-R
8/25/21,Fukui,1190-Y
8/25/21,Minnow,196-P
8/25/21,Fukui,1445-R
8/25/21,Minnow,1148-Y
8/25/21,Fukui,176-P
8/25/21,Minnow,135-P
8/25/21,Fukui,1488-B
8/25/21,Fukui,609-P
8/25/21,Minnow,35-P
8/25/21,Fukui,1175-Y
8/25/21,Minnow,73-P
8/25/21,Fukui,1124-B
8/25/21,Minnow,141-P
8/25/21,Fukui,1489-R
8/25/21,Minnow,57-P
8/25/21,Fukui,1181-Y
8/25/21,Minnow,1154-Y
8/25/21,Fukui,1179-Y
8/25/21,Fukui,1408-R
8/25/21,Minnow,1378-P
8/25/21,Fukui,1194-Y
8/25/21,Minnow,1081-Y
8/25/21,Fukui,1496-R
8/25/21,Minnow,1149-Y
8/25/21,Fukui,187-Y
8/25/21,Minnow,1088-Y
8/25/21,Minnow,1378-P
8/25/21,Fukui,1100-Y
8/25/21,Minnow,142-P
8/25/21,Fukui,648-P
8/25/21,Minnow,1109-Y
8/25/21,Fukui,123-Y
8/25/21,Minnow,49-P
8/25/21,Fukui,1495-R
8/25/21,Minnow,91-P
8/25/21,Fukui,581-P
8/25/21,Minnow,146-Y
8/25/21,Minnow,585-P
8/25/21,Fukui,133-Y
8/25/21,Minnow,637-P
8/25/21,Fukui,184-P
8/25/21,Minnow,1390-P
8/25/21,Fukui,1451-R
8/25/21,Minnow,1146-Y
8/25/21,Fukui,20-P
8/25/21,Minnow,687-P
8/25/21,Fukui,574-P
8/25/21,Minnow,166-P
8/25/21,Fukui,141-Y
8/25/21,Minnow,626-P
8/25/21,Fukui,1406-R
8/25/21,Minnow,160-P
8/25/21,Fukui,1172-Y
8/25/21,Minnow,158-P
8/25/21,Fukui,572
8/25/21,Minnow,185-Y
8/25/21,Fukui,1407-R
8/25/21,Minnow,168-P
8/25/21,Fukui,194-Y
8/25/21,Minnow,655-P
8/25/21,Fukui,602-P
8/25/21,Minnow,95-P
8/25/21,Fukui,148-Y
8/25/21,Minnow,1467-R
8/25/21,Fukui,1188-Y
8/25/21,Minnow,157-P
8/25/21,Fukui,164-Y
8/26/21,Minnow,174-P
8/26/21,Fukui,605-P
8/26/21,Minnow,1457-R
8/26/21,Fukui,1455-R
8/26/21,Minnow,182-Y
8/26/21,Fukui,622-P
8/26/21,Minnow,1400-P
8/26/21,Fukui,369-R
8/26/21,Minnow,668-P
8/26/21,Fukui,603-P
8/26/21,Fukui,606-P
8/26/21,Minnow,686-P
8/26/21,Fukui,1359-G
8/26/21,Minnow,1388-G
8/26/21,Fukui,669-R
8/26/21,Minnow,1322-G
8/26/21,Minnow,180-P
8/26/21,Fukui,134-Y
8/26/21,Minnow,1409-R
8/26/21,Fukui,1147-B
8/26/21,Minnow,168-P
8/26/21,Fukui,194-Y
8/26/21,Minnow,655-P
8/26/21,Fukui,602-P
8/26/21,Minnow,95-P
8/26/21,Fukui,148-Y
8/24/21,Shrimp,1-G1
8/24/21,Fukui,1313-G
8/24/21,Minnow,1107-B
8/24/21,Shrimp,2-G1
8/24/21,Fukui,132-Y
8/24/21,Minnow,1105-B
8/24/21,Shrimp,3-G1
8/24/21,Fukui,633-P
8/24/21,Minnow,1106-B
8/24/21,Shrimp,1-G2
8/24/21,Fukui,1371-G
8/24/21,Minnow,1428-R
8/24/21,Fukui,1372-G
8/24/21,Shrimp,2-G2
8/24/21,Minnow,1324-G
8/24/21,Shrimp,3-G2
8/24/21,Minnow,1379-P
8/24/21,Fukui,1370-G
8/24/21,Shrimp,1-G3
8/24/21,Fukui,127-Y
8/24/21,Minnow,139-Y
8/24/21,Shrimp,2-G3
8/24/21,Fukui,200-Y
8/24/21,Minnow,1404-R
8/24/21,Shrimp,3-G3
8/24/21,Fukui,872-R
8/24/21,Minnow,1178-B
8/24/21,Shrimp,1-G4
8/24/21,Fukui,1191-Y
8/24/21,Minnow,191-P
8/24/21,Shrimp,2-G4
8/24/21,Fukui,1139-B
8/24/21,Minnow,1318-G
8/24/21,Shrimp,3-G4
8/24/21,Fukui,195-Y
8/24/21,Minnow,163-P
8/25/21,Shrimp,1-G1
8/25/21,Fukui,1313-G
8/25/21,Minnow,1107-B
8/25/21,Shrimp,2-G1
8/25/21,Fukui,132-Y
8/25/21,Minnow,1105-B
8/25/21,Shrimp,3-G1
8/25/21,Fukui,633-P
8/25/21,Minnow,1106-B
8/25/21,Shrimp,1-G3
8/25/21,Fukui,127-Y
8/25/21,Minnow,139-Y
8/25/21,Shrimp,2-G3
8/25/21,Fukui,200-Y
8/25/21,Minnow,1404-R
8/25/21,Shrimp,3-G3
8/25/21,Fukui,872-R
8/25/21,Minnow,1178-B
8/25/21,Shrimp,1-G4
8/25/21,Fukui,1191-Y
8/25/21,Minnow,191-P
8/25/21,Shrimp,2-G4
8/25/21,Fukui,1139-B
8/25/21,Minnow,1318-G
8/25/21,Shrimp,3-G4
8/25/21,Fukui,195-Y
8/25/21,Minnow,163-P
8/26/21,Shrimp,1-G3
8/26/21,Fukui,127-Y
8/26/21,Minnow,139-Y
8/26/21,Shrimp,2-G3
8/26/21,Fukui,200-Y
8/26/21,Minnow,1404-R
8/26/21,Shrimp,3-G3
8/26/21,Fukui,872-R
8/26/21,Minnow,1178-B
8/26/21,Shrimp,1-G4
8/26/21,Fukui,1191-Y
8/26/21,Minnow,191-P
8/26/21,Shrimp,2-G4
8/26/21,Fukui,1139-B
8/26/21,Minnow,1318-G
8/26/21,Shrimp,3-G4
8/26/21,Fukui,195-Y
8/26/21,Minnow,163-P
8/24/21,Fukui,130-Y
8/24/21,Minnow,166-B
8/24/21,Fukui,135-Y
8/24/21,Minnow,1372-P
8/24/21,Fukui,1192-Y
8/24/21,Minnow,177-P
8/24/21,Fukui,1096-Y
8/24/21,Minnow,1145-B
8/24/21,Fukui,671-P
8/24/21,Minnow,44-P
8/24/21,Fukui,11-P
8/24/21,Minnow,1460-R
8/24/21,Fukui,159-Y
8/24/21,Minnow,1176-B
8/24/21,Fukui,168-Y
8/24/21,Fukui,384-R
8/24/21,Fukui,869-R
8/24/21,Minnow,85-P
8/24/21,Minnow,30-P
8/24/21,Minnow,52-P
8/24/21,Fukui,675-R
8/24/21,Minnow,1458-R
8/24/21,Fukui,1344-G
8/24/21,Minnow,169-P
8/24/21,Fukui,1434-R
8/24/21,Minnow,139-P
8/24/21,Fukui,1360-G
8/24/21,Minnow,173-Y
8/24/21,Fukui,1198-Y
8/24/21,Minnow,1397-G
8/24/21,Fukui,1193-Y
8/24/21,Minnow,1073-B
8/24/21,Fukui,154-Y
8/24/21,Minnow,152-P
8/24/21,Fukui,1433-R
8/24/21,Minnow,1399-P
8/24/21,Fukui,45-P
8/24/21,Minnow,1416-R
8/24/21,Fukui,1200-Y
8/24/21,Minnow,1385-P
8/24/21,Minnow,695-P
8/24/21,Fukui,619-P
8/24/21,Minnow,1062-B
8/24/21,Minnow,670-P
8/24/21,Fukui,1176-Y
8/24/21,Fukui,1195-Y
8/24/21,Fukui,190-Y
8/24/21,Fukui,1349-G
8/24/21,Fukui,679-P
8/24/21,Minnow,113-Y
8/24/21,Minnow,59-P
8/24/21,Fukui,1197-Y
8/24/21,Fukui,1431-R
8/24/21,Minnow,137-Y
8/24/21,Minnow,100-P
8/24/21,Fukui,1134-B
8/24/21,Fukui,18-P
8/24/21,Minnow,632-P
8/24/21,Fukui,2-P
8/24/21,Minnow,1420-R
8/24/21,Fukui,186-Y
8/24/21,Minnow,140-P
8/24/21,Minnow,1321-G
8/24/21,Fukui,675-P
8/24/21,Minnow,1086-Y
8/24/21,Fukui,1128-B
8/24/21,Minnow,151-P
8/24/21,Fukui,620-P
8/24/21,Minnow,1472-R
8/24/21,Fukui,7-P
8/24/21,Fukui,158-Y
8/24/21,Minnow,1466-R
8/24/21,Fukui,1132-B
8/24/21,Minnow,179-P
8/24/21,Fukui,125-Y
8/24/21,Minnow,60-P
8/24/21,Minnow,1352-G
8/24/21,Minnow,1376-P
8/24/21,Fukui,601-P
8/24/21,Fukui,117-Y
8/24/21,Fukui,1364-G
8/24/21,Minnow,98
8/24/21,Fukui,186-Y
8/24/21,Minnow,144-P
8/24/21,Fukui,1447-R
8/24/21,Minnow,199-P
8/24/21,Fukui,16-P
8/24/21,Minnow,1150-B
8/24/21,Fukui,677-P
8/24/21,Minnow,150-P
8/24/21,Fukui,3-P
8/24/21,Minnow,1069-B
8/24/21,Fukui,1097-Y
8/24/21,Minnow,390-R
8/24/21,Fukui,1308-G
8/24/21,Minnow,1382-P
8/24/21,Fukui,1098-Y
8/24/21,Minnow,1367-P
8/24/21,Fukui,616-P
8/24/21,Minnow,156-Y
8/24/21,Minnow,584-P
8/24/21,Fukui,189-Y
8/24/21,Fukui,696-P
8/24/21,Minnow,371-R
8/24/21,Fukui,667-R
8/24/21,Fukui,1491-R
8/24/21,Minnow,1422-R
8/24/21,Fukui,1411-R
8/24/21,Minnow,1350-G
8/24/21,Fukui,15-P
8/24/21,Minnow,1371-P
8/24/21,Fukui,150-Y
8/24/21,Minnow,394-R
8/24/21,Minnow,124-Y
8/24/21,Fukui,1080-Y
8/24/21,Minnow,1368-P
8/24/21,Fukui,1170-Y
8/24/21,Minnow,373-R
8/25/21,Shrimp,1-B1
8/25/21,Shrimp,2-B1
8/25/21,Shrimp,3-B1
8/25/21,Shrimp,4-B1
8/25/21,Shrimp,5-B1
8/25/21,Shrimp,1-B2
8/25/21,Shrimp,2-B2
8/25/21,Shrimp,3-B2
8/25/21,Shrimp,4-B2
8/25/21,Shrimp,5-B2
8/25/21,Shrimp,1-B3
8/25/21,Shrimp,2-B3
8/25/21,Shrimp,3-B3
8/25/21,Shrimp,4-B3
8/25/21,Shrimp,5-B3
8/25/21,Shrimp,1-B4
8/25/21,Shrimp,2-B4
8/25/21,Shrimp,3-B4
8/25/21,Shrimp,4-B4
8/25/21,Shrimp,5-B4
8/25/21,Shrimp,1-B5
8/25/21,Shrimp,2-B5
8/25/21,Shrimp,3-B5
8/25/21,Shrimp,4-B5
8/25/21,Shrimp,5-B5
8/25/21,Shrimp,1-B6
8/25/21,Shrimp,2-B6
8/25/21,Shrimp,3-B6
8/25/21,Shrimp,4-B6
8/25/21,Shrimp,5-B6
8/25/21,Shrimp,1-B7
8/25/21,Shrimp,2-B7
8/25/21,Shrimp,3-B7
8/25/21,Shrimp,4-B7
8/25/21,Shrimp,5-B7
8/25/21,Shrimp,1-B8
8/25/21,Shrimp,2-B8
8/25/21,Shrimp,3-B8
8/25/21,Shrimp,4-B8
8/25/21,Shrimp,5-B8
8/25/21,Shrimp,1-B9
8/25/21,Shrimp,2-B9
8/25/21,Shrimp,3-B9
8/25/21,Shrimp,4-B9
8/25/21,Shrimp,5-B9
8/25/21,Shrimp,1-B10
8/25/21,Shrimp,2-B10
8/25/21,Shrimp,3-B10
8/25/21,Shrimp,4-B10
8/25/21,Shrimp,5-B10
8/25/21,Shrimp,1-B11
8/25/21,Shrimp,2-B11
8/25/21,Shrimp,3-B11
8/25/21,Shrimp,4-B11
8/25/21,Shrimp,5-B11
8/25/21,Shrimp,1-B12
8/25/21,Shrimp,2-B12
8/25/21,Shrimp,3-B12
8/25/21,Shrimp,4-B12
8/25/21,Shrimp,5-B12
8/25/21,Shrimp,1-B13
8/25/21,Shrimp,2-B13
8/25/21,Shrimp,3-B13
8/25/21,Shrimp,4-B13
8/25/21,Shrimp,5-B13
8/25/21,Shrimp,1-B14
8/25/21,Shrimp,2-B14
8/25/21,Shrimp,3-B14
8/25/21,Shrimp,4-B14
8/25/21,Shrimp,5-B14
8/25/21,Shrimp,1-B15
8/25/21,Shrimp,2-B15
8/25/21,Shrimp,3-B15
8/25/21,Shrimp,4-B15
8/25/21,Shrimp,5-B15
8/25/21,Shrimp,1-B16
8/25/21,Shrimp,2-B16
8/25/21,Shrimp,3-B16
8/25/21,Shrimp,4-B16
8/25/21,Shrimp,5-B16
8/25/21,Shrimp,1-B17
8/25/21,Shrimp,2-B17
8/25/21,Shrimp,3-B17
8/25/21,Shrimp,4-B17
8/25/21,Shrimp,5-B17
8/25/21,Shrimp,1-B18
8/25/21,Shrimp,2-B18
8/25/21,Shrimp,3-B18
8/25/21,Shrimp,4-B18
8/25/21,Shrimp,5-B18
8/25/21,Shrimp,1-B19
8/25/21,Shrimp,2-B19
8/25/21,Shrimp,3-B19
8/25/21,Shrimp,4-B19
8/25/21,Shrimp,5-B19
8/25/21,Shrimp,1-B20
8/25/21,Shrimp,2-B20
8/25/21,Shrimp,3-B20
8/25/21,Shrimp,4-B20
8/25/21,Shrimp,5-B20
8/26/21,Shrimp,1-B1
8/26/21,Shrimp,2-B1
8/26/21,Shrimp,3-B1
8/26/21,Shrimp,4-B1
8/26/21,Shrimp,5-B1
8/26/21,Shrimp,1-B2
8/26/21,Shrimp,2-B2
8/26/21,Shrimp,3-B2
8/26/21,Shrimp,4-B2
8/26/21,Shrimp,5-B2
8/26/21,Shrimp,1-B3
8/26/21,Shrimp,2-B3
8/26/21,Shrimp,3-B3
8/26/21,Shrimp,4-B3
8/26/21,Shrimp,5-B3
8/26/21,Shrimp,1-B4
8/26/21,Shrimp,2-B4
8/26/21,Shrimp,3-B4
8/26/21,Shrimp,4-B4
8/26/21,Shrimp,5-B4
8/26/21,Shrimp,1-B5
8/26/21,Shrimp,2-B5
8/26/21,Shrimp,3-B5
8/26/21,Shrimp,4-B5
8/26/21,Shrimp,5-B5
8/26/21,Shrimp,1-B6
8/26/21,Shrimp,2-B6
8/26/21,Shrimp,3-B6
8/26/21,Shrimp,4-B6
8/26/21,Shrimp,5-B6
8/26/21,Shrimp,1-B7
8/26/21,Shrimp,2-B7
8/26/21,Shrimp,3-B7
8/26/21,Shrimp,4-B7
8/26/21,Shrimp,5-B7
8/26/21,Shrimp,1-B8
8/26/21,Shrimp,2-B8
8/26/21,Shrimp,3-B8
8/26/21,Shrimp,4-B8
8/26/21,Shrimp,5-B8
8/26/21,Shrimp,1-B9
8/26/21,Shrimp,2-B9
8/26/21,Shrimp,3-B9
8/26/21,Shrimp,4-B9
8/26/21,Shrimp,5-B9
8/26/21,Shrimp,1-B10
8/26/21,Shrimp,2-B10
8/26/21,Shrimp,3-B10
8/26/21,Shrimp,4-B10
8/26/21,Shrimp,5-B10
8/26/21,Shrimp,1-B11
8/26/21,Shrimp,2-B11
8/26/21,Shrimp,3-B11
8/26/21,Shrimp,4-B11
8/26/21,Shrimp,5-B11
8/26/21,Shrimp,1-B12
8/26/21,Shrimp,2-B12
8/26/21,Shrimp,3-B12
8/26/21,Shrimp,4-B12
8/26/21,Shrimp,5-B12
8/26/21,Shrimp,1-B13
8/26/21,Shrimp,2-B13
8/26/21,Shrimp,3-B13
8/26/21,Shrimp,4-B13
8/26/21,Shrimp,5-B13
8/26/21,Shrimp,1-B14
8/26/21,Shrimp,2-B14
8/26/21,Shrimp,3-B14
8/26/21,Shrimp,4-B14
8/26/21,Shrimp,5-B14
8/26/21,Shrimp,1-B15
8/26/21,Shrimp,2-B15
8/26/21,Shrimp,3-B15
8/26/21,Shrimp,4-B15
8/26/21,Shrimp,5-B15
8/26/21,Shrimp,1-B16
8/26/21,Shrimp,2-B16
8/26/21,Shrimp,3-B16
8/26/21,Shrimp,4-B16
8/26/21,Shrimp,5-B16
8/26/21,Shrimp,1-B17
8/26/21,Shrimp,2-B17
8/26/21,Shrimp,3-B17
8/26/21,Shrimp,4-B17
8/26/21,Shrimp,5-B17
8/26/21,Shrimp,1-B18
8/26/21,Shrimp,2-B18
8/26/21,Shrimp,3-B18
8/26/21,Shrimp,4-B18
8/26/21,Shrimp,5-B18
8/26/21,Shrimp,1-B19
8/26/21,Shrimp,2-B19
8/26/21,Shrimp,3-B19
8/26/21,Shrimp,4-B19
8/26/21,Shrimp,5-B19
8/26/21,Shrimp,1-B20
8/26/21,Shrimp,2-B20
8/26/21,Shrimp,3-B20
8/26/21,Shrimp,4-B20
8/26/21,Shrimp,5-B20
8/24/21,Fukui,1125-B
8/24/21,Minnow,1596-P
8/24/21,Fukui,1363-G
8/24/21,Minnow,377-R
8/24/21,Fukui,1356-G
8/24/21,Minnow,188-P
8/24/21,Fukui,567-R
8/24/21,Minnow,151-Y
8/24/21,Fukui,1304-G
8/24/21,Minnow,89-P
8/24/21,Minnow,129-P
8/24/21,Fukui,1316-G
8/24/21,Minnow,691-P
8/24/21,Fukui,1311-G
8/24/21,Minnow,133-P
8/24/21,Fukui,1358-G
8/24/21,Minnow,157-Y
8/24/21,Fukui,1314-G
8/24/21,Minnow,1484-R
8/24/21,Fukui,1309-G
8/24/21,Minnow,138-P
8/24/21,Fukui,1394-G
8/24/21,Minnow,1393-G
8/24/21,Fukui,1315-G
8/24/21,Fukui,1312-G
8/24/21,Minnow,1398-G
8/24/21,Fukui,1362-G
8/24/21,Minnow,1390-G
8/24/21,Fukui,1357-G
8/24/21,Minnow,1070-B
8/24/21,Minnow,1190-B
8/24/21,Fukui,1123-B
8/24/21,Minnow,1149-B
8/24/21,Fukui,178-Y
8/24/21,Minnow,389-R
8/24/21,Fukui,1494-R
8/24/21,Minnow,1398-P
8/24/21,Fukui,621-P
8/24/21,Minnow,378-R
8/24/21,Fukui,22-P
8/24/21,Minnow,1473-R
8/24/21,Fukui,1498-R
8/24/21,Minnow,180-Y
8/24/21,Fukui,1122-B
8/24/21,Minnow,1417-R
8/24/21,Fukui,1497-R
8/24/21,Fukui,386-R
8/24/21,Minnow,1184-B
8/24/21,Fukui,1141-B
8/24/21,Minnow,131-P
8/24/21,Fukui,19-P
8/24/21,Minnow,1198-B
8/24/21,Minnow,1136-Y
8/24/21,Fukui,145-Y
8/24/21,Minnow,174-Y
8/24/21,Fukui,611-P
8/24/21,Minnow,1387-P
8/24/21,Fukui,1443-R
8/24/21,Minnow,1179-B
8/24/21,Fukui,1453-R
8/25/21,Fukui,1125-B
8/25/21,Minnow,1596-P
8/25/21,Fukui,1363-G
8/25/21,Minnow,377-R
8/25/21,Fukui,1356-G
8/25/21,Minnow,188-P
8/25/21,Fukui,567-R
8/25/21,Minnow,151-Y
8/25/21,Fukui,1304-G
8/25/21,Minnow,89-P
8/25/21,Minnow,129-P
8/25/21,Fukui,1316-G
8/25/21,Minnow,691-P
8/25/21,Fukui,1311-G
8/25/21,Minnow,133-P
8/25/21,Fukui,1358-G
8/25/21,Minnow,157-Y
8/25/21,Fukui,1314-G
8/25/21,Minnow,1484-R
8/25/21,Fukui,1309-G
8/25/21,Minnow,138-P
8/25/21,Fukui,1394-G
8/25/21,Minnow,1393-G
8/25/21,Fukui,1315-G
8/25/21,Fukui,1312-G
8/25/21,Minnow,1398-G
8/25/21,Fukui,1362-G
8/25/21,Minnow,1390-G
8/25/21,Fukui,1357-G
8/25/21,Minnow,1070-B
8/25/21,Minnow,1190-B
8/25/21,Fukui,1123-B
8/25/21,Minnow,1149-B
8/25/21,Fukui,178-Y
8/25/21,Minnow,389-R
8/25/21,Fukui,1494-R
8/25/21,Minnow,1398-P
8/25/21,Fukui,621-P
8/25/21,Minnow,378-R
8/25/21,Fukui,22-P
8/25/21,Minnow,1473-R
8/25/21,Fukui,1498-R
8/25/21,Minnow,180-Y
8/25/21,Fukui,1122-B
8/25/21,Minnow,1417-R
8/25/21,Fukui,1497-R
8/25/21,Fukui,386-R
8/25/21,Minnow,1184-B
8/25/21,Fukui,1141-B
8/25/21,Minnow,131-P
8/25/21,Fukui,19-P
8/25/21,Minnow,1198-B
8/25/21,Minnow,1136-Y
8/25/21,Fukui,145-Y
8/25/21,Minnow,174-Y
8/25/21,Fukui,611-P
8/25/21,Minnow,1387-P
8/25/21,Fukui,1443-R
8/25/21,Minnow,1179-B
8/25/21,Fukui,1453-R
8/24/21,Minnow,1114-B
8/24/21,Fukui,1167-Y
8/24/21,Minnow,1111-B
8/24/21,Fukui,115-Y
8/24/21,Minnow,1113-B
8/24/21,Fukui,1361-G
8/24/21,Minnow,1115-B
8/24/21,Fukui,149-Y
8/24/21,Minnow,1112-B
8/24/21,Fukui,1461-R
8/24/21,Minnow,1347-G
8/24/21,Fukui,1373-G
8/24/21,Minnow,1063-B
8/24/21,Fukui,1374-G
8/24/21,Minnow,1125-Y
8/24/21,Fukui,1375-G
8/24/21,Minnow,175-Y
8/24/21,Fukui,624-P
8/24/21,Minnow,1192-B
8/24/21,Fukui,1121-B
8/24/21,Minnow,661-P
8/24/21,Fukui,1429-R
8/24/21,Minnow,1199-B
8/24/21,Fukui,104-Y
8/24/21,Minnow,164-P
8/24/21,Fukui,1376-G
8/24/21,Minnow,96-P
8/24/21,Fukui,121-Y
8/24/21,Minnow,1345-G
8/24/21,Fukui,1136-B
8/24/21,Minnow,1116-B
8/24/21,Fukui,1173-Y
8/24/21,Minnow,1120-B
8/24/21,Fukui,128-Y
8/24/21,Minnow,171-P
8/24/21,Fukui,1156-Y
8/24/21,Minnow,1397-P
8/24/21,Fukui,1430-R
8/24/21,Minnow,1351-G
8/24/21,Fukui,618-P
8/24/21,Minnow,114-Y
8/24/21,Fukui,874-R
8/24/21,Minnow,1117-B
8/24/21,Fukui,166-Y
8/24/21,Minnow,1151-Y
8/24/21,Fukui,573-P
8/24/21,Minnow,665-P
8/24/21,Fukui,690-P
8/24/21,Minnow,1109-B
8/24/21,Fukui,1436-R
8/24/21,Minnow,1108-B
8/24/21,Fukui,1187-Y
8/24/21,Minnow,1110-B
8/24/21,Fukui,1101-Y
8/24/21,Minnow,1118-B
8/24/21,Fukui,12-P
8/24/21,Minnow,1343-G
8/24/21,Fukui,1452-R
8/24/21,Minnow,1119-B
8/24/21,Fukui,1437-R
8/25/21,Minnow,1114-B
8/25/21,Fukui,1167-Y
8/25/21,Minnow,1111-B
8/25/21,Fukui,115-Y
8/25/21,Minnow,1113-B
8/25/21,Fukui,1361-G
8/25/21,Minnow,1115-B
8/25/21,Fukui,149-Y
8/25/21,Minnow,1112-B
8/25/21,Fukui,1461-R
8/25/21,Minnow,1347-G
8/25/21,Fukui,1373-G
8/25/21,Minnow,1063-B
8/25/21,Fukui,1374-G
8/25/21,Minnow,1125-Y
8/25/21,Fukui,1375-G
8/25/21,Minnow,175-Y
8/25/21,Fukui,624-P
8/25/21,Minnow,1192-B
8/25/21,Fukui,1121-B
8/25/21,Minnow,661-P
8/25/21,Fukui,1429-R
8/25/21,Minnow,1199-B
8/25/21,Fukui,104-Y
8/25/21,Minnow,164-P
8/25/21,Fukui,1376-G
8/25/21,Minnow,96-P
8/25/21,Fukui,121-Y
8/25/21,Minnow,1345-G
8/25/21,Fukui,1136-B
8/25/21,Minnow,1116-B
8/25/21,Fukui,1173-Y
8/25/21,Minnow,1120-B
8/25/21,Fukui,128-Y
8/25/21,Minnow,171-P
8/25/21,Fukui,1156-Y
8/25/21,Minnow,1397-P
8/25/21,Fukui,1430-R
8/25/21,Minnow,1351-G
8/25/21,Fukui,618-P
8/25/21,Minnow,114-Y
8/25/21,Fukui,874-R
8/25/21,Minnow,1117-B
8/25/21,Fukui,166-Y
8/25/21,Minnow,1151-Y
8/25/21,Fukui,573-P
8/25/21,Minnow,665-P
8/25/21,Fukui,690-P
8/25/21,Minnow,1109-B
8/25/21,Fukui,1436-R
8/25/21,Minnow,1108-B
8/25/21,Fukui,1187-Y
8/25/21,Minnow,1110-B
8/25/21,Fukui,1101-Y
8/25/21,Minnow,1118-B
8/25/21,Fukui,12-P
8/25/21,Minnow,1343-G
8/25/21,Fukui,1452-R
8/25/21,Minnow,1119-B
8/25/21,Fukui,1437-R
8/26/21,Minnow,1323-G
8/26/21,Minnow,70-P
8/26/21,Minnow,1068-B
8/26/21,Minnow,1421-R
9/1/21,Minnow,1154-Y
9/1/21,Fukui,1408-R
9/1/21,Minnow,1398-G
9/1/21,Fukui,123-Y
9/1/21,Minnow,1370-P
9/1/21,Fukui,187-Y
9/1/21,Minnow,637-P
9/1/21,Fukui,1194-Y
9/1/21,Fukui,1356-G
9/1/21,Minnow,173-P
9/1/21,Fukui,N/A
9/1/21,Minnow,1393-G
9/1/21,Fukui,176-Y
9/1/21,Minnow,1084-Y
9/1/21,Minnow,131-P
9/1/21,Fukui,119-Y
9/1/21,Minnow,687-P
9/1/21,Fukui,1432-R
9/1/21,Minnow,1390-G
9/1/21,Fukui,581-P
9/1/21,Minnow,1390-P
9/1/21,Fukui,1143-B
9/1/21,Fukui,1407-R
9/1/21,Minnow,1484-R
9/1/21,Minnow,129-P
9/1/21,Fukui,141-Y
9/1/21,Fukui,1363-G
9/1/21,Minnow,585-P
9/1/21,Minnow,74-P
9/1/21,Fukui,1139-Y
9/1/21,Minnow,158-P
9/1/21,Fukui,1437-R
9/1/21,Minnow,160-P
9/1/21,Fukui,1195-Y
9/1/21,Minnow,678-P
9/1/21,Fukui,23-P
9/1/21,Minnow,626-P
9/1/21,Fukui,1187-Y
9/1/21,Minnow,1467-R
9/1/21,Fukui,1433-R
9/1/21,Minnow,146-Y
9/1/21,Fukui,1491-R
9/1/21,Minnow,185-Y
9/1/21,Fukui,1358-G
9/1/21,Minnow,157-P
9/1/21,Fukui,1080-Y
9/1/21,Minnow,166-P
9/1/21,Fukui,1193-Y
9/1/21,Minnow,142-P
9/1/21,Fukui,1406-R
9/1/21,Fukui,366-R
9/1/21,Minnow,1343-G
9/1/21,Fukui,1452-R
9/1/21,Minnow,1398-P
9/1/21,Fukui,1316-G
9/1/21,Minnow,184-P
9/1/21,Fukui,1488-R
9/1/21,Minnow,180-Y
9/1/21,Fukui,166-Y
9/1/21,Minnow,1149-B
9/1/21,Fukui,629-P
9/1/21,Minnow,378-R
9/1/21,Fukui,1190-Y
9/1/21,Minnow,170-Y
9/1/21,Fukui,1156-Y
9/1/21,Minnow,1119-B
9/1/21,Fukui,1376-G
9/1/21,Minnow,157-Y
9/1/21,Fukui,1102-Y
9/1/21,Minnow,165-P
9/1/21,Fukui,1430-R
9/1/21,Minnow,389-R
9/1/21,Fukui,690-P
9/1/21,Minnow,1190-B
9/1/21,Fukui,1342-G
9/1/21,Minnow,1325-G
9/1/21,Fukui,1445-R
9/1/21,Minnow,691-P
9/1/21,Fukui,1189-Y
9/1/21,Minnow,197-P
9/2/21,Minnow,1154-Y
9/2/21,Fukui,1408-R
9/2/21,Minnow,1398-G
9/2/21,Fukui,123-Y
9/2/21,Minnow,1370-P
9/2/21,Fukui,187-Y
9/2/21,Minnow,637-P
9/2/21,Fukui,1194-Y
9/2/21,Fukui,1356-G
9/2/21,Minnow,173-P
9/2/21,Fukui,N/A
9/2/21,Minnow,1393-G
9/2/21,Fukui,176-Y
9/2/21,Minnow,1084-Y
9/2/21,Minnow,131-P
9/2/21,Fukui,119-Y
9/2/21,Minnow,687-P
9/2/21,Fukui,1432-R
9/2/21,Minnow,1390-G
9/2/21,Fukui,581-P
9/2/21,Minnow,1390-P
9/2/21,Fukui,1143-B
9/2/21,Fukui,1407-R
9/2/21,Minnow,1484-R
9/2/21,Minnow,129-P
9/2/21,Fukui,141-Y
9/2/21,Fukui,1363-G
9/2/21,Minnow,585-P
9/2/21,Minnow,74-P
9/2/21,Fukui,1139-Y
9/2/21,Minnow,158-P
9/2/21,Fukui,1437-R
9/2/21,Minnow,160-P
9/2/21,Fukui,1195-Y
9/2/21,Minnow,678-P
9/2/21,Fukui,23-P
9/2/21,Minnow,626-P
9/2/21,Fukui,1187-Y
9/2/21,Minnow,1467-R
9/2/21,Fukui,1433-R
9/2/21,Minnow,146-Y
9/2/21,Fukui,1491-R
9/2/21,Minnow,185-Y
9/2/21,Fukui,1358-G
9/2/21,Minnow,157-P
9/2/21,Fukui,1080-Y
9/2/21,Minnow,166-P
9/2/21,Fukui,1193-Y
9/2/21,Minnow,142-P
9/2/21,Fukui,1406-R
9/2/21,Fukui,366-R
9/2/21,Minnow,1343-G
9/2/21,Fukui,1452-R
9/2/21,Minnow,1398-P
9/2/21,Fukui,1316-G
9/2/21,Minnow,184-P
9/2/21,Fukui,1488-R
9/2/21,Minnow,180-Y
9/2/21,Fukui,166-Y
9/2/21,Minnow,1149-B
9/2/21,Fukui,629-P
9/2/21,Minnow,378-R
9/2/21,Fukui,1190-Y
9/2/21,Minnow,170-Y
9/2/21,Fukui,1156-Y
9/2/21,Minnow,1119-B
9/2/21,Fukui,1376-G
9/2/21,Minnow,157-Y
9/2/21,Fukui,1102-Y
9/2/21,Minnow,165-P
9/2/21,Fukui,1430-R
9/2/21,Minnow,389-R
9/2/21,Fukui,690-P
9/2/21,Minnow,1190-B
9/2/21,Fukui,1342-G
9/2/21,Minnow,1325-G
9/2/21,Fukui,1445-R
9/2/21,Minnow,691-P
9/2/21,Fukui,1189-Y
9/2/21,Minnow,197-P
9/2/21,Shrimp,1116-B
9/2/21,Shrimp,164-P
9/2/21,Shrimp,1345-G
9/2/21,Shrimp,133-P
9/2/21,Shrimp,1107-B
9/2/21,Minnow,661P
9/2/21,Fukui,1188-Y
9/2/21,Minnow,1109-B
9/2/21,Fukui,574-P
9/2/21,Minnow,1351-G
9/2/21,Fukui,1487-R
9/2/21,Minnow,171-P
9/2/21,Fukui,184-Y
9/2/21,Minnow,1120-B
9/2/21,Fukui,133-Y
9/3/21,Minnow,1154-Y
9/3/21,Fukui,1408-R
9/3/21,Minnow,1398-G
9/3/21,Fukui,123-Y
9/3/21,Minnow,1370-P
9/3/21,Fukui,187-Y
9/3/21,Minnow,637-P
9/3/21,Fukui,1194-Y
9/3/21,Fukui,1356-G
9/3/21,Minnow,173-P
9/3/21,Fukui,N/A
9/3/21,Minnow,1393-G
9/3/21,Fukui,176-Y
9/3/21,Minnow,1084-Y
9/3/21,Minnow,131-P
9/3/21,Fukui,119-Y
9/3/21,Minnow,687-P
9/3/21,Fukui,1432-R
9/3/21,Minnow,1390-G
9/3/21,Fukui,581-P
9/3/21,Minnow,1390-P
9/3/21,Fukui,1143-B
9/3/21,Fukui,1407-R
9/3/21,Minnow,1484-R
9/3/21,Minnow,129-P
9/3/21,Fukui,141-Y
9/3/21,Fukui,1363-G
9/3/21,Minnow,585-P
9/3/21,Minnow,74-P
9/3/21,Fukui,1139-Y
9/3/21,Minnow,158-P
9/3/21,Fukui,1437-R
9/3/21,Minnow,160-P
9/3/21,Fukui,1195-Y
9/3/21,Minnow,678-P
9/3/21,Fukui,23-P
9/3/21,Minnow,626-P
9/3/21,Fukui,1187-Y
9/3/21,Minnow,1467-R
9/3/21,Fukui,1433-R
9/3/21,Minnow,146-Y
9/3/21,Fukui,1491-R
9/3/21,Minnow,185-Y
9/3/21,Fukui,1358-G
9/3/21,Minnow,157-P
9/3/21,Fukui,1080-Y
9/3/21,Minnow,166-P
9/3/21,Fukui,1193-Y
9/3/21,Minnow,142-P
9/3/21,Fukui,1406-R
9/3/21,Fukui,366-R
9/3/21,Minnow,1343-G
9/3/21,Fukui,1452-R
9/3/21,Minnow,1398-P
9/3/21,Fukui,1316-G
9/3/21,Minnow,184-P
9/3/21,Fukui,1488-R
9/3/21,Minnow,180-Y
9/3/21,Fukui,166-Y
9/3/21,Minnow,1149-B
9/3/21,Fukui,629-P
9/3/21,Minnow,378-R
9/3/21,Fukui,1190-Y
9/3/21,Minnow,170-Y
9/3/21,Fukui,1156-Y
9/3/21,Minnow,1119-B
9/3/21,Fukui,1376-G
9/3/21,Minnow,157-Y
9/3/21,Fukui,1102-Y
9/3/21,Minnow,165-P
9/3/21,Fukui,1430-R
9/3/21,Minnow,389-R
9/3/21,Fukui,690-P
9/3/21,Minnow,1190-B
9/3/21,Fukui,1342-G
9/3/21,Minnow,1325-G
9/3/21,Fukui,1445-R
9/3/21,Minnow,691-P
9/3/21,Fukui,1189-Y
9/3/21,Minnow,197-P
9/3/21,Shrimp,1116-B
9/3/21,Shrimp,164-P
9/3/21,Shrimp,1345-G
9/3/21,Shrimp,133-P
9/3/21,Shrimp,1107-B
9/3/21,Minnow,661P
9/3/21,Fukui,1188-Y
9/3/21,Minnow,1109-B
9/3/21,Fukui,574-P
9/3/21,Minnow,1351-G
9/3/21,Fukui,1487-R
9/3/21,Minnow,171-P
9/3/21,Fukui,184-Y
9/3/21,Minnow,1120-B
9/3/21,Fukui,133-Y
9/8/21,Minnow,1399-G
9/8/21,Fukui,1316-G
9/8/21,Minnow,667-P
9/8/21,Fukui,1187-Y
9/8/21,Minnow,1079-Y
9/8/21,Fukui,1195-Y
9/8/21,Minnow,1424-R
9/8/21,Fukui,23-P
9/8/21,Fukui,1189-Y
9/8/21,Minnow,134-P
9/8/21,Fukui,1342-G
9/8/21,Minnow,1138-Y
9/8/21,Fukui,1190-Y
9/8/21,Minnow,160-P
9/8/21,Minnow,92-P
9/8/21,Fukui,1363-G
9/8/21,Minnow,146-Y
9/8/21,Fukui,1139-Y
9/8/21,Minnow,688-P
9/8/21,Fukui,1491-R
9/8/21,Minnow,1106-B
9/8/21,Fukui,1437-R
9/8/21,Fukui,1445-R
9/8/21,Minnow,1083-Y
9/8/21,Minnow,173-P
9/8/21,Fukui,1433-R
9/8/21,Fukui,1102-Y
9/8/21,Minnow,658-P
9/8/21,Minnow,626-P
9/8/21,Fukui,1488-R
9/8/21,Minnow,1397-P
9/8/21,Fukui,1179-Y
9/8/21,Minnow,1125-Y
9/8/21,Fukui,1432-R
9/8/21,Minnow,1117-B
9/8/21,Fukui,141-Y
9/8/21,Minnow,1192-B
9/8/21,Fukui,1193-Y
9/8/21,Minnow,665-P
9/8/21,Fukui,133-Y
9/8/21,Minnow,1063-B
9/8/21,Fukui,1358-G
9/8/21,Minnow,1347-G
9/8/21,Fukui,1194-Y
9/8/21,Minnow,1199-B
9/8/21,Fukui,690-P
9/8/21,Minnow,1151-Y
9/8/21,Fukui,1080-Y
9/8/21,Minnow,175-Y
9/8/21,Fukui,N/A
9/8/21,Fukui,1487-R
9/8/21,Minnow,131-P
9/8/21,Fukui,1407-R
9/8/21,Minnow,166-P
9/8/21,Fukui,176-Y
9/8/21,Minnow,1190-B
9/8/21,Fukui,187-Y
9/8/21,Minnow,1484-R
9/8/21,Fukui,1408-R
9/8/21,Minnow,1149-B
9/8/21,Fukui,1452-R
9/8/21,Minnow,1154-Y
9/8/21,Fukui,1156-Y
9/8/21,Minnow,170-Y
9/8/21,Fukui,1356-G
9/8/21,Minnow,389-R
9/8/21,Fukui,119-Y
9/8/21,Minnow,585-P
9/8/21,Fukui,1188-Y
9/8/21,Minnow,1370-P
9/8/21,Fukui,581-P
9/8/21,Minnow,129-P
9/8/21,Fukui,123-Y
9/8/21,Minnow,1109-B
9/8/21,Fukui,1143-B
9/8/21,Minnow,1119-B
9/8/21,Fukui,366-R
9/8/21,Minnow,1393-G
9/8/21,Fukui,148-Y
9/8/21,Minnow,1084-Y
9/9/21,Minnow,1399-G
9/9/21,Fukui,1316-G
9/9/21,Minnow,667-P
9/9/21,Fukui,1187-Y
9/9/21,Minnow,1079-Y
9/9/21,Fukui,1195-Y
9/9/21,Minnow,1424-R
9/9/21,Fukui,23-P
9/9/21,Fukui,1189-Y
9/9/21,Minnow,134-P
9/9/21,Fukui,1342-G
9/9/21,Minnow,1138-Y
9/9/21,Fukui,1190-Y
9/9/21,Minnow,160-P
9/9/21,Minnow,92-P
9/9/21,Fukui,1363-G
9/9/21,Minnow,146-Y
9/9/21,Fukui,1139-Y
9/9/21,Minnow,688-P
9/9/21,Fukui,1491-R
9/9/21,Minnow,1106-B
9/9/21,Fukui,1437-R
9/9/21,Fukui,1445-R
9/9/21,Minnow,1083-Y
9/9/21,Minnow,173-P
9/9/21,Fukui,1433-R
9/9/21,Fukui,1102-Y
9/9/21,Minnow,658-P
9/9/21,Minnow,626-P
9/9/21,Fukui,1488-R
9/9/21,Minnow,1397-P
9/9/21,Fukui,1179-Y
9/9/21,Minnow,1125-Y
9/9/21,Fukui,1432-R
9/9/21,Minnow,1117-B
9/9/21,Fukui,141-Y
9/9/21,Minnow,1192-B
9/9/21,Fukui,1193-Y
9/9/21,Minnow,665-P
9/9/21,Fukui,133-Y
9/9/21,Minnow,1063-B
N/A,Fukui,1358-G
9/9/21,Minnow,1347-G
9/9/21,Fukui,1194-Y
9/9/21,Minnow,1199-B
9/9/21,Fukui,690-P
9/9/21,Minnow,1151-Y
9/9/21,Fukui,1080-Y
N/A,Minnow,175-Y
N/A,Fukui,N/A
9/9/21,Fukui,1487-R
9/9/21,Minnow,131-P
9/9/21,Fukui,1407-R
9/9/21,Minnow,166-P
9/9/21,Fukui,176-Y
9/9/21,Minnow,1190-B
9/9/21,Fukui,187-Y
9/9/21,Minnow,1484-R
9/9/21,Fukui,1408-R
9/9/21,Minnow,1149-B
9/9/21,Fukui,1452-R
9/9/21,Minnow,1154-Y
9/9/21,Fukui,1156-Y
9/9/21,Minnow,170-Y
9/9/21,Fukui,1356-G
9/9/21,Minnow,389-R
9/9/21,Fukui,119-Y
9/9/21,Minnow,585-P
9/9/21,Fukui,1188-Y
9/9/21,Minnow,1370-P
9/9/21,Fukui,581-P
9/9/21,Minnow,129-P
9/9/21,Fukui,123-Y
9/9/21,Minnow,1109-B
9/9/21,Fukui,1143-B
9/9/21,Minnow,1119-B
9/9/21,Fukui,366-R
9/9/21,Minnow,1393-G
9/9/21,Fukui,148-Y
9/9/21,Minnow,1084-Y
9/9/21,Shrimp,1116-B
9/9/21,Shrimp,133-P
9/9/21,Shrimp,197-P
9/9/21,Shrimp,1107-B
9/9/21,Shrimp,164-P
9/9/21,Shrimp,1154-Pk
9/9/21,Shrimp,1153-Pk
9/9/21,Shrimp,1325-G
9/14/21,Minnow,1106-B
9/14/21,Fukui,1452-R
9/14/21,Minnow,49-P
9/14/21,Fukui,1156-Y
9/14/21,Minnow,1071-B
9/14/21,Fukui,1356-G
9/14/21,Minnow,92-P
9/14/21,Fukui,1102-Y
9/14/21,Fukui,123-Y
9/14/21,Minnow,1427-R
9/14/21,Fukui,23-P
9/14/21,Minnow,663-P
9/14/21,Fukui,1487-R
9/14/21,Minnow,1378-P
9/14/21,Minnow,1063-B
9/14/21,Fukui,574-P
9/14/21,Minnow,147-Y
9/14/21,Fukui,366-R
9/14/21,Minnow,1148-Y
9/14/21,Fukui,1139-Y
9/14/21,Minnow,141-P
9/14/21,Fukui,1437-R
9/14/21,Fukui,1188-Y
9/14/21,Minnow,1151-Y
9/14/21,Minnow,377-R
9/14/21,Fukui,184-Y
9/14/21,Fukui,1433-R
9/14/21,Minnow,1148-B
9/14/21,Minnow,1083-Y
9/14/21,Fukui,1342-G
9/14/21,Minnow,1345-G
9/14/21,Fukui,1194-Y
9/14/21,Minnow,74-P
9/14/21,Fukui,1190-Y
9/14/21,Minnow,1398-G
9/14/21,Fukui,1195-Y
9/14/21,Minnow,157-P
9/14/21,Fukui,1189-Y
9/14/21,Minnow,1390-P
9/14/21,Fukui,176-Y
9/14/21,Minnow,687-P
9/14/21,Fukui,1363-G
9/14/21,Minnow,158-P
9/14/21,Fukui,1179-Y
9/14/21,Minnow,1467-R
9/14/21,Fukui,133-Y
9/14/21,Minnow,1351-G
9/14/21,Fukui,1193-Y
9/14/21,Minnow,378-R
9/14/21,Fukui,1488-R
9/14/21,Fukui,1316-G
9/14/21,Minnow,1370-P
9/14/21,Fukui,1408-R
9/14/21,Minnow,677-P
9/14/21,Fukui,1407-R
9/14/21,Minnow,129-P
9/14/21,Fukui,1187-Y
9/14/21,Minnow,1192-B
9/14/21,Fukui,1491-R
9/14/21,Minnow,1393-G
9/14/21,Fukui,187-Y
9/14/21,Minnow,1109-Y
9/14/21,Fukui,581-P
9/14/21,Minnow,1084-Y
9/14/21,Fukui,119-Y
9/14/21,Minnow,619-P
9/14/21,Fukui,1143-B
9/14/21,Minnow,1125-Y
9/14/21,Fukui,148-Y
9/14/21,Minnow,1398-P
9/14/21,Fukui,1080-Y
9/14/21,Minnow,170-Y
9/14/21,Fukui,1445-R
9/14/21,Minnow,1199-B
9/14/21,Fukui,141-Y
9/14/21,Minnow,1088-Y
9/14/21,Fukui,690-P
9/14/21,Minnow,687-P
9/14/21,Fukui,1432-R
9/14/21,Minnow,1109-B
9/14/21,Shrimp,1325-G
9/14/21,Shrimp,1153-Pk
9/14/21,Shrimp,1154-Pk
9/15/21,Minnow,1106-B
9/15/21,Fukui,1452-R
9/15/21,Minnow,49-P
9/15/21,Fukui,1156-Y
9/15/21,Minnow,1071-B
9/15/21,Fukui,1356-G
9/15/21,Minnow,92-P
9/15/21,Fukui,1102-Y
9/15/21,Fukui,123-Y
9/15/21,Minnow,1427-R
9/15/21,Fukui,23-P
9/15/21,Minnow,663-P
9/15/21,Fukui,1487-R
9/15/21,Minnow,1378-P
9/15/21,Minnow,1063-B
9/15/21,Fukui,574-P
9/15/21,Minnow,147-Y
9/15/21,Fukui,366-R
9/15/21,Minnow,1148-Y
9/15/21,Fukui,1139-Y
9/15/21,Minnow,141-P
9/15/21,Fukui,1437-R
9/15/21,Fukui,1188-Y
9/15/21,Minnow,1151-Y
9/15/21,Minnow,377-R
9/15/21,Fukui,184-Y
9/15/21,Fukui,1433-R
9/15/21,Minnow,1148-B
9/15/21,Minnow,1083-Y
9/15/21,Fukui,1342-G
9/15/21,Minnow,1345-G
9/15/21,Fukui,1194-Y
9/15/21,Minnow,74-P
9/15/21,Fukui,1190-Y
9/15/21,Minnow,1398-G
9/15/21,Fukui,1195-Y
9/15/21,Minnow,157-P
9/15/21,Fukui,1189-Y
9/15/21,Minnow,1390-P
9/15/21,Fukui,176-Y
9/15/21,Minnow,687-P
9/15/21,Fukui,1363-G
9/15/21,Minnow,158-P
9/15/21,Fukui,1179-Y
9/15/21,Minnow,1467-R
9/15/21,Fukui,133-Y
9/15/21,Minnow,1351-G
9/15/21,Fukui,1193-Y
9/15/21,Minnow,378-R
9/15/21,Fukui,1488-R
9/15/21,Fukui,1316-G
9/15/21,Minnow,1370-P
9/15/21,Fukui,1408-R
9/15/21,Minnow,677-P
9/15/21,Fukui,1407-R
9/15/21,Minnow,129-P
9/15/21,Fukui,1187-Y
9/15/21,Minnow,1192-B
9/15/21,Fukui,1491-R
9/15/21,Minnow,1393-G
9/15/21,Fukui,187-Y
9/15/21,Minnow,1109-Y
9/15/21,Fukui,581-P
9/15/21,Minnow,1084-Y
9/15/21,Fukui,119-Y
9/15/21,Minnow,619-P
9/15/21,Fukui,1143-B
9/15/21,Minnow,1125-Y
9/15/21,Fukui,148-Y
9/15/21,Minnow,1398-P
9/15/21,Fukui,1080-Y
9/15/21,Minnow,170-Y
9/15/21,Fukui,1445-R
9/15/21,Minnow,1199-B
9/15/21,Fukui,141-Y
9/15/21,Minnow,1088-Y
9/15/21,Fukui,690-P
9/15/21,Minnow,687-P
9/15/21,Fukui,1432-R
9/15/21,Minnow,1109-B
9/15/21,Shrimp,1325-G
9/15/21,Shrimp,1153-Pk
9/15/21,Shrimp,1154-Pk
9/16/21,Minnow,1106-B
9/16/21,Fukui,1452-R
9/16/21,Minnow,49-P
9/16/21,Fukui,1156-Y
9/16/21,Minnow,1071-B
9/16/21,Fukui,1356-G
9/16/21,Minnow,92-P
9/16/21,Fukui,1102-Y
9/16/21,Fukui,123-Y
9/16/21,Minnow,1427-R
9/16/21,Fukui,23-P
9/16/21,Minnow,663-P
9/16/21,Fukui,1487-R
9/16/21,Minnow,1378-P
9/16/21,Minnow,1063-B
9/16/21,Fukui,574-P
9/16/21,Minnow,147-Y
9/16/21,Fukui,366-R
9/16/21,Minnow,1148-Y
9/16/21,Fukui,1139-Y
9/16/21,Minnow,141-P
9/16/21,Fukui,1437-R
9/16/21,Fukui,1188-Y
9/16/21,Minnow,1151-Y
9/16/21,Minnow,377-R
9/16/21,Fukui,184-Y
9/16/21,Fukui,1433-R
9/16/21,Minnow,1148-B
9/16/21,Minnow,1083-Y
9/16/21,Fukui,1342-G
9/16/21,Minnow,1345-G
9/16/21,Fukui,1194-Y
9/16/21,Minnow,74-P
9/16/21,Fukui,1190-Y
9/16/21,Minnow,1398-G
9/16/21,Fukui,1195-Y
9/16/21,Minnow,157-P
9/16/21,Fukui,1189-Y
9/16/21,Minnow,1390-P
9/16/21,Fukui,176-Y
9/16/21,Minnow,687-P
9/16/21,Fukui,1363-G
9/16/21,Minnow,158-P
9/16/21,Fukui,1179-Y
9/16/21,Minnow,1467-R
9/16/21,Fukui,133-Y
9/16/21,Minnow,1351-G
9/16/21,Fukui,1193-Y
9/16/21,Minnow,378-R
9/16/21,Fukui,1488-R
9/16/21,Fukui,1316-G
9/16/21,Minnow,1370-P
9/16/21,Fukui,1408-R
9/16/21,Minnow,677-P
9/16/21,Fukui,1407-R
9/16/21,Minnow,129-P
9/16/21,Fukui,1187-Y
9/16/21,Minnow,1192-B
9/16/21,Fukui,1491-R
9/16/21,Minnow,1393-G
9/16/21,Fukui,187-Y
9/16/21,Minnow,1109-Y
9/16/21,Fukui,581-P
9/16/21,Minnow,1084-Y
9/16/21,Fukui,119-Y
9/16/21,Minnow,619-P
9/16/21,Fukui,1143-B
9/16/21,Minnow,1125-Y
9/16/21,Fukui,148-Y
9/16/21,Minnow,1398-P
9/16/21,Fukui,1080-Y
9/16/21,Minnow,170-Y
9/16/21,Fukui,1445-R
9/16/21,Minnow,1199-B
9/16/21,Fukui,141-Y
9/16/21,Minnow,1088-Y
9/16/21,Fukui,690-P
9/16/21,Minnow,687-P
9/16/21,Fukui,1432-R
9/16/21,Minnow,1109-B
9/16/21,Shrimp,1325-G
9/16/21,Shrimp,1153-Pk
9/16/21,Shrimp,1154-Pk
9/16/21,Shrimp,164-P
9/16/21,Shrimp,1116-B
9/16/21,Shrimp,1107-B
9/16/21,Shrimp,133-P
9/16/21,Shrimp,1399-G
9/16/21,Shrimp,1397-P
9/16/21,Shrimp,197-P
9/17/21,Minnow,1106-B
9/17/21,Fukui,1452-R
9/17/21,Minnow,49-P
9/17/21,Fukui,1156-Y
9/17/21,Minnow,1071-B
9/17/21,Fukui,1356-G
9/17/21,Minnow,92-P
9/17/21,Fukui,1102-Y
9/17/21,Fukui,123-Y
9/17/21,Minnow,1427-R
9/17/21,Fukui,23-P
9/17/21,Minnow,663-P
9/17/21,Fukui,1487-R
9/17/21,Minnow,1378-P
9/17/21,Minnow,1063-B
9/17/21,Fukui,574-P
9/17/21,Minnow,147-Y
9/17/21,Fukui,366-R
9/17/21,Minnow,1148-Y
9/17/21,Fukui,1139-Y
9/17/21,Minnow,141-P
9/17/21,Fukui,1437-R
9/17/21,Fukui,1188-Y
9/17/21,Minnow,1151-Y
9/17/21,Minnow,377-R
9/17/21,Fukui,184-Y
9/17/21,Fukui,1433-R
9/17/21,Minnow,1148-B
9/17/21,Minnow,1083-Y
9/17/21,Fukui,1342-G
9/17/21,Minnow,1345-G
9/17/21,Fukui,1194-Y
9/17/21,Minnow,74-P
9/17/21,Fukui,1190-Y
9/17/21,Minnow,1398-G
9/17/21,Fukui,1195-Y
9/17/21,Minnow,157-P
9/17/21,Fukui,1189-Y
9/17/21,Minnow,1390-P
9/17/21,Fukui,176-Y
9/17/21,Minnow,687-P
9/17/21,Fukui,1363-G
9/17/21,Minnow,158-P
9/17/21,Fukui,1179-Y
9/17/21,Minnow,1467-R
9/17/21,Fukui,133-Y
9/17/21,Minnow,1351-G
9/17/21,Fukui,1193-Y
9/17/21,Minnow,378-R
9/17/21,Fukui,1488-R
9/17/21,Fukui,1316-G
9/17/21,Minnow,1370-P
9/17/21,Fukui,1408-R
9/17/21,Minnow,677-P
9/17/21,Fukui,1407-R
9/17/21,Minnow,129-P
9/17/21,Fukui,1187-Y
9/17/21,Minnow,1192-B
9/17/21,Fukui,1491-R
9/17/21,Minnow,1393-G
9/17/21,Fukui,187-Y
9/17/21,Minnow,1109-Y
9/17/21,Fukui,581-P
9/17/21,Minnow,1084-Y
9/17/21,Fukui,119-Y
9/17/21,Minnow,619-P
9/17/21,Fukui,1143-B
9/17/21,Minnow,1125-Y
9/17/21,Fukui,148-Y
9/17/21,Minnow,1398-P
9/17/21,Fukui,1080-Y
9/17/21,Minnow,170-Y
9/17/21,Fukui,1445-R
9/17/21,Minnow,1199-B
9/17/21,Fukui,141-Y
9/17/21,Minnow,1088-Y
9/17/21,Fukui,690-P
9/17/21,Minnow,687-P
9/17/21,Fukui,1432-R
9/17/21,Minnow,1109-B
9/17/21,Shrimp,1325-G
9/17/21,Shrimp,1153-Pk
9/17/21,Shrimp,1154-Pk
9/17/21,Shrimp,164-P
9/17/21,Shrimp,1116-B
9/17/21,Shrimp,1107-B
9/17/21,Shrimp,133-P
9/17/21,Shrimp,1399-G
9/17/21,Shrimp,1397-P
9/17/21,Shrimp,197-P
9/17/21,Minnow,630-P
9/17/21,Fukui,1125-B
9/17/21,Minnow,175-Y
9/17/21,Fukui,1172-Y
9/17/21,Minnow,1458-R
9/17/21,Fukui,1311-G
9/17/21,Minnow,681-P
9/17/21,Fukui,367-R
9/17/21,Minnow,160-P
9/17/21,Fukui,164-Y
9/17/21,Minnow,1150-Y
9/17/21,Fukui,572-P
9/17/21,Minnow,665-P
9/17/21,Fukui,1177-Y
9/17/21,Minnow,674-P
9/17/21,Fukui,20-P
9/17/21,Minnow,173-P
9/17/21,Fukui,1341-G
9/17/21,Minnow,142-P
9/17/21,Fukui,166-Y
9/17/21,Minnow,1390-G
9/17/21,Fukui,1376-G
9/17/21,Minnow,189-P
9/17/21,Fukui,1430-R
9/17/21,Minnow,146-Y
9/17/21,Fukui,1496-R
9/17/21,Minnow,N/A
9/17/21,Fukui,1309-G
9/17/21,Minnow,72-P
9/17/21,Fukui,1406-R
9/17/21,Minnow,171-Y
9/17/21,Fukui,155-Y
9/17/21,Minnow,688-P
9/17/21,Fukui,1175-Y
9/17/21,Minnow,138-P
9/17/21,Fukui,1304-G
10/5/21,Shrimp,1397-P
10/5/21,Shrimp,1116-B
10/5/21,Shrimp,1107-B
10/5/21,"Shrimp - 1/2""",105-Y
10/5/21,Minnow,1390-P
10/5/21,Minnow,157-P
10/5/21,Minnow,160-P
10/5/21,Minnow,173-P
10/5/21,Minnow,665-P
10/5/21,Minnow,142-P
10/5/21,Minnow,134-P
10/5/21,Minnow,1148-B
10/5/21,Minnow,1390-G
10/5/21,Minnow,158-P
10/5/21,Shrimp,N/A
10/5/21,Minnow,49-P
10/5/21,Minnow,1071-B
10/5/21,Minnow,1088-Y
10/5/21,Minnow,1398-P
10/5/21,Minnow,1109-B
10/5/21,Shrimp,197-P
10/5/21,Minnow,137-P
10/5/21,Minnow,687-P
10/5/21,Minnow,1084-Y
10/5/21,Minnow,1199-B
10/5/21,Minnow,170-Y
10/5/21,Shrimp,1399-G
10/5/21,Shrimp,133-P
10/5/21,Shrimp,1153-Pk
10/5/21,Minnow,74-P
10/5/21,Minnow,688-P
10/5/21,Minnow,92-P
10/5/21,Minnow,663-P
10/5/21,"Shrimp - 1/2""",106-Y
10/5/21,Minnow,1427-R
10/5/21,Minnow,681-P
10/5/21,Shrimp,164-P
10/5/21,Minnow,1083-Y
10/5/21,Minnow,1325-G
10/5/21,Minnow,1378-P
10/5/21,Minnow,1106-B
10/5/21,Shrimp,1155-Pk
10/6/21,Shrimp,1397-P
10/6/21,Shrimp,1116-B
10/6/21,Shrimp,1107-B
10/6/21,"Shrimp - 1/2""",105-Y
10/6/21,Minnow,1390-P
10/6/21,Minnow,157-P
10/6/21,Minnow,160-P
10/6/21,Minnow,173-P
10/6/21,Minnow,665-P
10/6/21,Minnow,142-P
10/6/21,Minnow,134-P
10/6/21,Minnow,1148-B
10/6/21,Minnow,1390-G
10/6/21,Minnow,158-P
10/6/21,Shrimp,N/A
10/6/21,Minnow,49-P
10/6/21,Minnow,1071-B
10/6/21,Minnow,1088-Y
10/6/21,Minnow,1398-P
10/6/21,Minnow,1109-B
10/6/21,Shrimp,197-P
10/6/21,Minnow,137-P
10/6/21,Minnow,687-P
10/6/21,Minnow,1084-Y
10/6/21,Minnow,1199-B
10/6/21,Minnow,170-Y
10/6/21,Shrimp,1399-G
10/6/21,Shrimp,133-P
10/6/21,Shrimp,1153-Pk
10/6/21,Minnow,74-P
10/6/21,Minnow,688-P
10/6/21,Minnow,92-P
10/6/21,Minnow,663-P
10/6/21,"Shrimp - 1/2""",106-Y
10/6/21,Minnow,1427-R
10/6/21,Minnow,681-P
10/6/21,Shrimp,164-P
10/6/21,Minnow,1083-Y
10/6/21,Minnow,1325-G
10/6/21,Minnow,1378-P
10/6/21,Minnow,1106-B
10/6/21,Shrimp,1155-Pk
4/19/22,Minnow,70-P
4/19/22,Fukui,3079-P
4/19/22,Minnow,145-P
4/19/22,Fukui,1169-R
4/19/22,Minnow,30-P
4/19/22,Fukui,3151-P
4/19/22,Minnow,1378-P
4/19/22,Fukui,3078-P
4/19/22,Fukui,3157-P
4/19/22,Minnow,138-P
4/19/22,Fukui,3173-P
4/19/22,Minnow,670-P
4/19/22,Fukui,1193-R
4/19/22,Minnow,1382-P
4/19/22,Minnow,74-P
4/19/22,Fukui,3158-P
4/19/22,Minnow,678-P
4/19/22,Fukui,1187-R
4/19/22,Minnow,85-P
4/19/22,Fukui,3172-P
4/19/22,Minnow,1367-P
4/19/22,Fukui,3153-P
4/19/22,Fukui,3190-P
4/19/22,Minnow,183-P
4/19/22,Minnow,626-P
4/19/22,Fukui,3194-P
4/19/22,Fukui,1189-R
4/19/22,Minnow,169-P
4/19/22,Minnow,663-P
4/19/22,Fukui,1198-R
4/20/22,Minnow,70-P
4/20/22,Fukui,3079-P
4/20/22,Minnow,145-P
4/20/22,Fukui,1169-R
4/20/22,Minnow,30-P
4/20/22,Fukui,3151-P
4/20/22,Minnow,1378-P
4/20/22,Fukui,3078-P
4/20/22,Fukui,3157-P
4/20/22,Minnow,138-P
4/20/22,Fukui,3173-P
4/20/22,Minnow,670-P
4/20/22,Fukui,1193-R
4/20/22,Minnow,1382-P
4/20/22,Minnow,74-P
4/20/22,Fukui,3158-P
4/20/22,Minnow,678-P
4/20/22,Fukui,1187-R
4/20/22,Minnow,85-P
4/20/22,Fukui,3172-P
4/20/22,Minnow,1367-P
4/20/22,Fukui,3153-P
4/20/22,Fukui,3190-P
4/20/22,Minnow,183-P
4/20/22,Minnow,626-P
4/20/22,Fukui,3194-P
4/20/22,Fukui,1189-R
4/20/22,Minnow,169-P
4/20/22,Minnow,663-P
4/20/22,Fukui,1198-R
4/21/22,Minnow,70-P
4/21/22,Fukui,3079-P
4/21/22,Minnow,145-P
4/21/22,Fukui,1169-R
4/21/22,Minnow,30-P
4/21/22,Fukui,3151-P
4/21/22,Minnow,1378-P
4/21/22,Fukui,3078-P
4/21/22,Fukui,3157-P
4/21/22,Minnow,138-P
4/21/22,Fukui,3173-P
4/21/22,Minnow,670-P
4/21/22,Fukui,1193-R
4/21/22,Minnow,1382-P
4/21/22,Minnow,74-P
4/21/22,Fukui,3158-P
4/21/22,Minnow,678-P
4/21/22,Fukui,1187-R
4/21/22,Minnow,85-P
4/21/22,Fukui,3172-P
4/21/22,Minnow,1367-P
4/21/22,Fukui,3153-P
4/21/22,Fukui,3190-P
4/21/22,Minnow,183-P
4/21/22,Minnow,626-P
4/21/22,Fukui,3194-P
4/21/22,Fukui,1189-R
4/21/22,Minnow,169-P
4/21/22,Minnow,663-P
4/21/22,Fukui,1198-R
4/20/22,Shrimp,697-P
4/20/22,Shrimp,3174-P
4/19/22,Minnow,177-P
4/19/22,Fukui,20-P
4/19/22,Minnow,163-P
4/19/22,Fukui,160-Y
4/19/22,Minnow,674-P
4/19/22,Fukui,111-Y
4/19/22,Minnow,185-P
4/19/22,Fukui,603-P
4/19/22,Minnow,180-P
4/19/22,Fukui,1139-Y
4/19/22,Minnow,132-P
4/19/22,Fukui,128-Y
4/19/22,Minnow,150-P
4/19/22,Fukui,127-Y
4/19/22,Minnow,152-P
4/19/22,Fukui,116-Y
4/19/22,Minnow,632-P
4/19/22,Fukui,102-Y
4/19/22,Minnow,682-P
4/19/22,Fukui,609-P
4/19/22,Minnow,684-P
4/19/22,Fukui,629-P
4/19/22,Minnow,181-P
4/19/22,Fukui,1108-Y
4/19/22,Minnow,64-P
4/19/22,Fukui,163-Y
4/19/22,Minnow,174-P
4/19/22,Fukui,1173-Y
4/19/22,Minnow,188-P
4/19/22,Fukui,117-Y
4/20/22,Minnow,177-P
4/20/22,Fukui,20-P
4/20/22,Minnow,163-P
4/20/22,Fukui,160-Y
4/20/22,Minnow,674-P
4/20/22,Fukui,111-Y
4/20/22,Minnow,185-P
4/20/22,Fukui,603-P
4/20/22,Minnow,180-P
4/20/22,Fukui,1139-Y
4/20/22,Minnow,132-P
4/20/22,Fukui,128-Y
4/20/22,Minnow,150-P
4/20/22,Fukui,127-Y
4/20/22,Minnow,152-P
4/20/22,Fukui,116-Y
4/20/22,Minnow,632-P
4/20/22,Fukui,102-Y
4/20/22,Minnow,682-P
4/20/22,Fukui,609-P
4/20/22,Minnow,684-P
4/20/22,Fukui,629-P
4/20/22,Minnow,181-P
4/20/22,Fukui,1108-Y
4/20/22,Minnow,64-P
4/20/22,Fukui,163-Y
4/20/22,Minnow,174-P
4/20/22,Fukui,1173-Y
4/20/22,Minnow,188-P
4/20/22,Fukui,117-Y
4/21/22,Minnow,177-P
4/21/22,Fukui,20-P
4/21/22,Minnow,163-P
4/21/22,Fukui,160-Y
4/21/22,Minnow,674-P
4/21/22,Fukui,111-Y
4/21/22,Minnow,185-P
4/21/22,Fukui,603-P
4/21/22,Minnow,180-P
4/21/22,Fukui,1139-Y
4/21/22,Minnow,132-P
4/21/22,Fukui,128-Y
4/21/22,Minnow,150-P
4/21/22,Fukui,127-Y
4/21/22,Minnow,152-P
4/21/22,Fukui,116-Y
4/21/22,Minnow,632-P
4/21/22,Fukui,102-Y
4/21/22,Minnow,682-P
4/21/22,Fukui,609-P
4/21/22,Minnow,684-P
4/21/22,Fukui,629-P
4/21/22,Minnow,181-P
4/21/22,Fukui,1108-Y
4/21/22,Minnow,64-P
4/21/22,Fukui,163-Y
4/21/22,Minnow,174-P
4/21/22,Fukui,1173-Y
4/21/22,Minnow,188-P
4/21/22,Fukui,117-Y
4/19/22,Shrimp,3085-P
4/19/22,Shrimp,1191-R
4/20/22,Shrimp,3085-P
4/20/22,Shrimp,1191-R
4/21/22,Shrimp,3085-P
4/21/22,Shrimp,1191-R
4/19/22,Fukui,1192-Y
4/19/22,Minnow,49-P
4/19/22,Fukui,1176-Y
4/19/22,Minnow,65-P
4/19/22,Fukui,21-P
4/19/22,Minnow,1396-P
4/19/22,Fukui,172-Y
4/19/22,Minnow,80-P
4/19/22,Fukui,648-P
4/19/22,Minnow,155-P
4/19/22,Fukui,1200-Y
4/19/22,Minnow,166-P
4/19/22,Fukui,1174-Y
4/19/22,Minnow,1394-P
4/19/22,Fukui,581-P
4/19/22,Minnow,1387-P
4/19/22,Fukui,23-P
4/19/22,Minnow,1398-P
4/19/22,Fukui,638-P
4/19/22,Minnow,1381-P
4/19/22,Fukui,1167-P
4/19/22,Minnow,146-P
4/19/22,Fukui,39-P
4/19/22,Minnow,36-P
4/19/22,Fukui,1196-Y
4/19/22,Minnow,73-P
4/19/22,Fukui,1197-Y
4/19/22,Minnow,1383-P
4/19/22,Fukui,1179-Y
4/19/22,Minnow,192-P
4/20/22,Fukui,1192-Y
4/20/22,Minnow,49-P
4/20/22,Fukui,1176-Y
4/20/22,Minnow,65-P
4/20/22,Fukui,21-P
4/20/22,Minnow,1396-P
4/20/22,Fukui,172-Y
4/20/22,Minnow,80-P
4/20/22,Fukui,648-P
4/20/22,Minnow,155-P
4/20/22,Fukui,1200-Y
4/20/22,Minnow,166-P
4/20/22,Fukui,1174-Y
4/20/22,Minnow,1394-P
4/20/22,Fukui,581-P
4/20/22,Minnow,1387-P
4/20/22,Fukui,23-P
4/20/22,Minnow,1398-P
4/20/22,Fukui,638-P
4/20/22,Minnow,1381-P
4/20/22,Fukui,1167-P
4/20/22,Minnow,146-P
4/20/22,Fukui,39-P
4/20/22,Minnow,36-P
4/20/22,Fukui,1196-Y
4/20/22,Minnow,73-P
4/20/22,Fukui,1197-Y
4/20/22,Minnow,1383-P
4/20/22,Fukui,1179-Y
4/20/22,Minnow,192-P
4/21/22,Fukui,1192-Y
4/21/22,Minnow,49-P
4/21/22,Fukui,1176-Y
4/21/22,Minnow,65-P
4/21/22,Fukui,21-P
4/21/22,Minnow,1396-P
4/21/22,Fukui,172-Y
4/21/22,Minnow,80-P
4/21/22,Fukui,648-P
4/21/22,Minnow,155-P
4/21/22,Fukui,1200-Y
4/21/22,Minnow,166-P
4/21/22,Fukui,1174-Y
4/21/22,Minnow,1394-P
4/21/22,Fukui,581-P
4/21/22,Minnow,1387-P
4/21/22,Fukui,23-P
4/21/22,Minnow,1398-P
4/21/22,Fukui,638-P
4/21/22,Minnow,1381-P
4/21/22,Fukui,1167-P
4/21/22,Minnow,146-P
4/21/22,Fukui,39-P
4/21/22,Minnow,36-P
4/21/22,Fukui,1196-Y
4/21/22,Minnow,73-P
4/21/22,Fukui,1197-Y
4/21/22,Minnow,1383-P
4/21/22,Fukui,1179-Y
4/21/22,Minnow,192-P
4/19/22,Shrimp,1157-R
4/19/22,Shrimp,3100-P
4/20/22,Shrimp,1157-R
4/20/22,Shrimp,3100-P
5/3/22,Minnow,183-P
5/3/22,Fukui,1193-R
5/3/22,Minnow,632-P
5/3/22,Fukui,3194-P
5/3/22,Minnow,674-P
5/3/22,Fukui,3172-P
5/3/22,Minnow,49-P
5/3/22,Fukui,3173-P
5/3/22,Fukui,3158-P
5/3/22,Minnow,150-P
5/3/22,Fukui,1189-R
5/3/22,Minnow,1381-P
5/3/22,Fukui,3151-P
5/3/22,Minnow,169-P
5/3/22,Minnow,185-P
5/3/22,Fukui,3079-P
5/3/22,Minnow,152-P
5/3/22,Fukui,3190-P
5/3/22,Minnow,1382-P
5/3/22,Fukui,3153-P
5/3/22,Minnow,80-P
5/3/22,Fukui,3149-P
5/3/22,Fukui,1169-R
5/3/22,Minnow,682-P
5/3/22,Minnow,663-P
5/3/22,Fukui,3157-P
5/3/22,Fukui,1198-R
5/3/22,Minnow,132-P
5/3/22,Minnow,180-P
5/3/22,Fukui,3078-P
5/3/22,Shrimp,1191-R
5/3/22,Shrimp,1385-P
5/4/22,Minnow,183-P
5/4/22,Fukui,1193-R
5/4/22,Minnow,632-P
5/4/22,Fukui,3194-P
5/4/22,Minnow,674-P
5/4/22,Fukui,3172-P
5/4/22,Minnow,49-P
5/4/22,Fukui,3173-P
5/4/22,Fukui,3158-P
5/4/22,Minnow,150-P
5/4/22,Fukui,1189-R
5/4/22,Minnow,1381-P
5/4/22,Fukui,3151-P
5/4/22,Minnow,169-P
5/4/22,Minnow,185-P
5/4/22,Fukui,3079-P
5/4/22,Minnow,152-P
5/4/22,Fukui,3190-P
5/4/22,Minnow,1382-P
5/4/22,Fukui,3153-P
5/4/22,Minnow,80-P
5/4/22,Fukui,3149-P
5/4/22,Fukui,1169-R
5/4/22,Minnow,682-P
5/4/22,Minnow,663-P
5/4/22,Fukui,3157-P
5/4/22,Fukui,1198-R
5/4/22,Minnow,132-P
5/4/22,Minnow,180-P
5/4/22,Fukui,3078-P
5/3/22,Minnow,36-P
5/3/22,Fukui,127-Y
5/3/22,Minnow,1383-P
5/3/22,Fukui,160-Y
5/3/22,Minnow,670-P
5/3/22,Fukui,1173-Y
5/3/22,Minnow,146-P
5/3/22,Fukui,128-Y
5/3/22,Minnow,145-P
5/3/22,Fukui,117-Y
5/3/22,Minnow,138-P
5/3/22,Fukui,39-P
5/3/22,Minnow,30-P
5/3/22,Fukui,648-P
5/3/22,Minnow,1367-P
5/3/22,Fukui,629-P
5/3/22,Minnow,74-P
5/3/22,Fukui,1179-Y
5/3/22,Minnow,163-P
5/3/22,Fukui,23-P
5/3/22,Minnow,678-P
5/3/22,Fukui,163-Y
5/3/22,Minnow,1378-P
5/3/22,Fukui,102-Y
5/3/22,Minnow,85-P
5/3/22,Fukui,1176-Y
5/3/22,Minnow,1387-P
5/3/22,Fukui,1196-Y
5/3/22,Minnow,626-P
5/3/22,Fukui,1167-Y
5/3/22,Shrimp,1379-P
5/3/22,Shrimp,3090-P
5/4/22,Minnow,36-P
5/4/22,Fukui,127-Y
5/4/22,Minnow,1383-P
5/4/22,Fukui,160-Y
5/4/22,Minnow,670-P
5/4/22,Fukui,1173-Y
5/4/22,Minnow,146-P
5/4/22,Fukui,128-Y
5/4/22,Minnow,145-P
5/4/22,Fukui,117-Y
5/4/22,Minnow,138-P
5/4/22,Fukui,39-P
5/4/22,Minnow,30-P
5/4/22,Fukui,648-P
5/4/22,Minnow,1367-P
5/4/22,Fukui,629-P
5/4/22,Minnow,74-P
5/4/22,Fukui,1179-Y
5/4/22,Minnow,163-P
5/4/22,Fukui,23-P
5/4/22,Minnow,678-P
5/4/22,Fukui,163-Y
5/4/22,Minnow,1378-P
5/4/22,Fukui,102-Y
5/4/22,Minnow,85-P
5/4/22,Fukui,1176-Y
5/4/22,Minnow,1387-P
5/4/22,Fukui,1196-Y
5/4/22,Minnow,626-P
5/4/22,Fukui,1167-Y
5/4/22,Shrimp,1379-P
5/4/22,Shrimp,3090-P
5/5/22,Minnow,36-P
5/5/22,Fukui,127-Y
5/5/22,Minnow,1383-P
5/5/22,Fukui,160-Y
5/5/22,Minnow,670-P
5/5/22,Fukui,1173-Y
5/5/22,Minnow,146-P
5/5/22,Fukui,128-Y
5/5/22,Minnow,145-P
5/5/22,Fukui,117-Y
5/5/22,Minnow,138-P
5/5/22,Fukui,39-P
5/5/22,Minnow,30-P
5/5/22,Fukui,648-P
5/5/22,Minnow,1367-P
5/5/22,Fukui,629-P
5/5/22,Minnow,74-P
5/5/22,Fukui,1179-Y
5/5/22,Minnow,163-P
5/5/22,Fukui,23-P
5/5/22,Minnow,678-P
5/5/22,Fukui,163-P
5/5/22,Minnow,1378-P
5/5/22,Fukui,102-Y
5/5/22,Minnow,85-P
5/5/22,Fukui,1176-Y
5/5/22,Minnow,1387-P
5/5/22,Fukui,1196-Y
5/5/22,Minnow,626-P
5/5/22,Fukui,1167-Y
5/5/22,Shrimp,1379-P
5/5/22,Shrimp,3090-P
5/3/22,Fukui,1139-Y
5/3/22,Minnow,1366-P
5/3/22,Fukui,581-P
5/3/22,Minnow,174-P
5/3/22,Fukui,1174-Y
5/3/22,Minnow,1390-P
5/3/22,Fukui,1108-Y
5/3/22,Minnow,155-P
5/3/22,Fukui,1197-Y
5/3/22,Minnow,158-P
5/3/22,Fukui,116-Y
5/3/22,Minnow,65-P
5/3/22,Fukui,603-P
5/3/22,Minnow,192-P
5/3/22,Fukui,172-Y
5/3/22,Minnow,1368-P
5/3/22,Fukui,20-P
5/3/22,Minnow,130-P
5/3/22,Fukui,111-Y
5/3/22,Minnow,658-P
5/3/22,Fukui,1200-Y
5/3/22,Minnow,630-P
5/3/22,Fukui,638-P
5/3/22,Minnow,170-P
5/3/22,Fukui,609-P
5/3/22,Minnow,188-P
5/3/22,Fukui,21-P
5/3/22,Minnow,691-P
5/3/22,Fukui,1192-Y
5/3/22,Minnow,189-P
5/3/22,Shrimp,3100-P
5/3/22,Shrimp,3102-P
5/4/22,Fukui,1139-Y
5/4/22,Minnow,1366-P
5/4/22,Fukui,581-P
5/4/22,Minnow,174-P
5/4/22,Fukui,1174-Y
5/4/22,Minnow,1390-P
5/4/22,Fukui,1108-Y
5/4/22,Minnow,155-P
5/4/22,Fukui,1197-Y
5/4/22,Minnow,158-P
5/4/22,Fukui,116-Y
5/4/22,Minnow,65-P
5/4/22,Fukui,603-P
5/4/22,Minnow,192-P
5/4/22,Fukui,172-Y
5/4/22,Minnow,1368-P
5/4/22,Fukui,20-P
5/4/22,Minnow,130-P
5/4/22,Fukui,111-Y
5/4/22,Minnow,658-P
5/4/22,Fukui,1200-Y
5/4/22,Minnow,630-P
5/4/22,Fukui,638-P
5/4/22,Minnow,170-P
5/4/22,Fukui,609-P
5/4/22,Minnow,188-P
5/4/22,Fukui,21-P
5/4/22,Minnow,691-P
5/4/22,Fukui,1192-Y
5/4/22,Minnow,189-P
5/17/22,Minnow,1378-P
5/17/22,Fukui,1169-R
5/17/22,Minnow,85-P
5/17/22,Fukui,3173-P
5/17/22,Minnow,678-P
5/17/22,Fukui,3158-P
5/17/22,Minnow,1383-P
5/17/22,Fukui,1198-R
5/17/22,Fukui,1193-R
5/17/22,Minnow,30-P
5/17/22,Fukui,3194-P
5/17/22,Minnow,36-P
5/17/22,Fukui,3190-P
5/17/22,Minnow,145-P
5/17/22,Minnow,146-P
5/17/22,Fukui,3157-P
5/17/22,Minnow,163-P
5/17/22,Fukui,3149-P
5/17/22,Minnow,626-P
5/17/22,Fukui,3151-P
5/17/22,Minnow,138-P
5/17/22,Fukui,1189-R
5/17/22,Fukui,3172-P
5/17/22,Minnow,1387-P
5/17/22,Minnow,74-P
5/17/22,Fukui,3078-P
5/17/22,Fukui,3153-P
5/17/22,Minnow,1367-P
5/17/22,Minnow,670-P
5/17/22,Fukui,3079-P
5/18/22,Minnow,1378-P
5/18/22,Fukui,1169-R
5/18/22,Minnow,85-P
5/18/22,Fukui,3173-P
5/18/22,Minnow,678-P
5/18/22,Fukui,3158-P
5/18/22,Minnow,1383-P
5/18/22,Fukui,1198-R
5/18/22,Fukui,1193-R
5/18/22,Minnow,30-P
5/18/22,Fukui,3194-P
5/18/22,Minnow,36-P
5/18/22,Fukui,3190-P
5/18/22,Minnow,145-P
5/18/22,Minnow,146-P
5/18/22,Fukui,3157-P
5/18/22,Minnow,163-P
5/18/22,Fukui,3149-P
5/18/22,Minnow,626-P
5/18/22,Fukui,3151-P
5/18/22,Minnow,138-P
5/18/22,Fukui,1189-R
5/18/22,Fukui,3172-P
5/18/22,Minnow,1387-P
5/18/22,Minnow,74-P
5/18/22,Fukui,3078-P
5/18/22,Fukui,3153-P
5/18/22,Minnow,1367-P
5/18/22,Minnow,670-P
5/18/22,Fukui,3079-P
5/17/22,Minnow,658-P
5/17/22,Fukui,638-P
5/17/22,Minnow,158-P
5/17/22,Fukui,629-P
5/17/22,Minnow,170-P
5/17/22,Fukui,21-P
5/17/22,Minnow,192-P
5/17/22,Fukui,128-Y
5/17/22,Minnow,155-P
5/17/22,Fukui,102-Y
5/17/22,Minnow,1368-P
5/17/22,Fukui,117-Y
5/17/22,Minnow,1366-P
5/17/22,Fukui,1197-Y
5/17/22,Minnow,691-P
5/17/22,Fukui,581-P
5/17/22,Minnow,189-P
5/17/22,Fukui,609-P
5/17/22,Minnow,188-P
5/17/22,Fukui,1174-Y
5/17/22,Minnow,130-P
5/17/22,Fukui,1173-Y
5/17/22,Minnow,630-P
5/17/22,Fukui,20-P
5/17/22,Minnow,65-P
5/17/22,Fukui,163-Y
5/17/22,Minnow,1390-P
5/17/22,Fukui,23-P
5/17/22,Minnow,174-P
5/17/22,Fukui,127-Y
5/17/22,Shrimp,3085-P
5/17/22,Shrimp,3100-P
5/18/22,Minnow,658-P
5/18/22,Fukui,638-P
5/18/22,Minnow,158-P
5/18/22,Fukui,629-P
5/18/22,Minnow,170-P
5/18/22,Fukui,21-P
5/18/22,Minnow,192-P
5/18/22,Fukui,128-Y
5/18/22,Minnow,155-P
5/18/22,Fukui,102-Y
5/18/22,Minnow,1368-P
5/18/22,Fukui,117-Y
5/18/22,Minnow,1366-P
5/18/22,Fukui,1197-Y
5/18/22,Minnow,691-P
5/18/22,Fukui,581-P
5/18/22,Minnow,189-P
5/18/22,Fukui,609-P
5/18/22,Minnow,188-P
5/18/22,Fukui,1174-Y
5/18/22,Minnow,130-P
5/18/22,Fukui,1173-Y
5/18/22,Minnow,630-P
5/18/22,Fukui,20-P
5/18/22,Minnow,65-P
5/18/22,Fukui,163-Y
5/18/22,Minnow,1390-P
5/18/22,Fukui,23-P
5/18/22,Minnow,174-P
5/18/22,Fukui,127-Y
5/18/22,Shrimp,3085-P
5/18/22,Shrimp,3100-P
5/19/22,Minnow,658-P
5/19/22,Fukui,638-P
5/19/22,Minnow,158-P
5/19/22,Fukui,629-P
5/19/22,Minnow,170-P
5/19/22,Fukui,21-P
5/19/22,Minnow,192-P
5/19/22,Fukui,128-Y
5/19/22,Minnow,155-P
5/19/22,Fukui,102-Y
5/19/22,Minnow,1368-P
5/19/22,Fukui,117-Y
5/19/22,Minnow,1366-P
5/19/22,Fukui,1197-Y
5/19/22,Minnow,691-P
5/19/22,Fukui,581-P
5/19/22,Minnow,189-P
5/19/22,Fukui,609-P
5/19/22,Minnow,188-P
5/19/22,Fukui,1174-Y
5/19/22,Minnow,130-P
5/19/22,Fukui,1173-Y
5/19/22,Minnow,630-P
5/19/22,Fukui,20-P
5/19/22,Minnow,65-P
5/19/22,Fukui,163-Y
5/19/22,Minnow,1390-P
5/19/22,Fukui,23-P
5/19/22,Minnow,174-P
5/19/22,Fukui,127-Y
5/19/22,Shrimp,3085-P
5/19/22,Shrimp,3100-P
5/17/22,Fukui,1192-Y
5/17/22,Minnow,632-P
5/17/22,Fukui,1139-Y
5/17/22,Minnow,1382-P
5/17/22,Fukui,1196-Y
5/17/22,Minnow,80-P
5/17/22,Fukui,172-Y
5/17/22,Minnow,49-P
5/17/22,Fukui,603-P
5/17/22,Minnow,183-P
5/17/22,Fukui,1200-Y
5/17/22,Minnow,674-P
5/17/22,Fukui,1179-Y
5/17/22,Minnow,132-P
5/17/22,Fukui,1108-Y
5/17/22,Minnow,152-P
5/17/22,Fukui,648-P
5/17/22,Minnow,169-P
5/17/22,Fukui,160-Y
5/17/22,Minnow,180-P
5/17/22,Fukui,111-Y
5/17/22,Minnow,150-P
5/17/22,Fukui,39-P
5/17/22,Minnow,1381-P
5/17/22,Fukui,1167-P
5/17/22,Minnow,663-P
5/17/22,Fukui,1176-Y
5/17/22,Minnow,185-P
5/17/22,Fukui,116-Y
5/17/22,Minnow,682-P
5/17/22,Shrimp,1191-R
5/17/22,Shrimp,1157-R
5/18/22,Fukui,1192-Y
5/18/22,Minnow,632-P
5/18/22,Fukui,1139-Y
5/18/22,Minnow,1382-P
5/18/22,Fukui,1196-Y
5/18/22,Minnow,80-P
5/18/22,Fukui,172-Y
5/18/22,Minnow,49-P
5/18/22,Fukui,603-P
5/18/22,Minnow,183-P
5/18/22,Fukui,1200-Y
5/18/22,Minnow,674-P
5/18/22,Fukui,1179-Y
5/18/22,Minnow,132-P
5/18/22,Fukui,1108-Y
5/18/22,Minnow,152-P
5/18/22,Fukui,648-P
5/18/22,Minnow,169-P
5/18/22,Fukui,160-Y
5/18/22,Minnow,180-P
5/18/22,Fukui,111-Y
5/18/22,Minnow,150-P
5/18/22,Fukui,39-P
5/18/22,Minnow,1381-P
5/18/22,Fukui,1167-P
5/18/22,Minnow,663-P
5/18/22,Fukui,1176-Y
5/18/22,Minnow,185-P
5/18/22,Fukui,116-Y
5/18/22,Minnow,682-P
5/18/22,Shrimp,1191-R
6/1/22,Minnow,192-P
6/1/22,Fukui,3194-P
6/1/22,Minnow,691-P
6/1/22,Fukui,1198-R
6/1/22,Minnow,65-P
6/1/22,Fukui,3172-P
6/1/22,Minnow,189-P
6/1/22,Fukui,3190-P
6/1/22,Fukui,3079-P
6/1/22,Minnow,130-P
6/1/22,Fukui,3151-P
6/1/22,Minnow,658-P
6/1/22,Fukui,3173-P
6/1/22,Minnow,155-P
6/1/22,Minnow,1390-P
6/1/22,Fukui,3078-P
6/1/22,Minnow,1366-P
6/1/22,Fukui,3153-P
6/1/22,Minnow,1368-P
6/1/22,Fukui,3149-P
6/1/22,Minnow,188-P
6/1/22,Fukui,1187-R
6/1/22,Fukui,1189-R
6/1/22,Minnow,158-P
6/1/22,Minnow,174-P
6/1/22,Fukui,1193-R
6/1/22,Fukui,3158-P
6/1/22,Minnow,170-P
6/1/22,Minnow,630-P
6/1/22,Fukui,3157-P
6/2/22,Minnow,192-P
6/2/22,Fukui,3194-P
6/2/22,Minnow,691-P
6/2/22,Fukui,1198-R
6/2/22,Minnow,65-P
6/2/22,Fukui,3172-P
6/2/22,Minnow,189-P
6/2/22,Fukui,3190-P
6/2/22,Fukui,3079-P
6/2/22,Minnow,130-P
6/2/22,Fukui,3151-P
6/2/22,Minnow,658-P
6/2/22,Fukui,3173-P
6/2/22,Minnow,155-P
6/2/22,Minnow,1390-P
6/2/22,Fukui,3078-P
6/2/22,Minnow,1366-P
6/2/22,Fukui,3153-P
6/2/22,Minnow,1368-P
6/2/22,Fukui,3149-P
6/2/22,Minnow,188-P
6/2/22,Fukui,1187-R
6/2/22,Fukui,1189-R
6/2/22,Minnow,158-P
6/2/22,Minnow,174-P
6/2/22,Fukui,1193-R
6/2/22,Fukui,3158-P
6/2/22,Minnow,170-P
6/2/22,Minnow,630-P
6/2/22,Fukui,3157-P
6/1/22,Shrimp,1157-R
6/1/22,Shrimp,893-G
6/1/22,Shrimp,3100-P
6/1/22,Shrimp,894-G
6/1/22,Shrimp,1191-R
6/1/22,Shrimp,3085-P
6/2/22,Shrimp,1157-R
6/2/22,Shrimp,893-G
6/3/22,Shrimp,1157-R
6/3/22,Shrimp,893-G
6/2/22,Minnow,183-P
6/2/22,Fukui,1141-B
6/2/22,Minnow,663-P
6/2/22,Fukui,648-P
6/2/22,Minnow,1381-P
6/2/22,Fukui,1129-B
6/2/22,Minnow,132-P
6/2/22,Fukui,160-Y
6/2/22,Minnow,150-P
6/2/22,Fukui,111-Y
6/2/22,Minnow,185-P
6/2/22,Fukui,1200-Y
6/2/22,Minnow,49-P
6/2/22,Fukui,1108-Y
6/2/22,Minnow,632-P
6/2/22,Fukui,1122-B
6/2/22,Minnow,80-P
6/2/22,Fukui,1167-Y
6/2/22,Minnow,85-P
6/2/22,Fukui,1135-B
6/2/22,Minnow,682-P
6/2/22,Fukui,1139-B
6/2/22,Minnow,1383-P
6/2/22,Fukui,1179-Y
6/2/22,Minnow,1382-P
6/2/22,Fukui,172-Y
6/2/22,Minnow,1367-P
6/2/22,Fukui,1196-Y
6/2/22,Minnow,1378-P
6/2/22,Fukui,1192-Y
6/2/22,Shrimp,3100-P
6/2/22,Shrimp,3085-P
6/3/22,Minnow,183-P
6/3/22,Fukui,1141-B
6/3/22,Minnow,663-P
6/3/22,Fukui,648-P
6/3/22,Minnow,1381-P
6/3/22,Fukui,1129-B
6/3/22,Minnow,132-P
6/3/22,Fukui,160-Y
6/3/22,Minnow,150-P
6/3/22,Fukui,111-Y
6/3/22,Minnow,185-P
6/3/22,Fukui,1200-Y
6/3/22,Minnow,49-P
6/3/22,Fukui,1108-Y
6/3/22,Minnow,632-P
6/3/22,Fukui,1122-B
6/3/22,Minnow,80-P
6/3/22,Fukui,1167-Y
6/3/22,Minnow,85-P
6/3/22,Fukui,1135-B
6/3/22,Minnow,682-P
6/3/22,Fukui,1139-B
6/3/22,Minnow,1383-P
6/3/22,Fukui,1179-Y
6/3/22,Minnow,1382-P
6/3/22,Fukui,172-Y
6/3/22,Minnow,1367-P
6/3/22,Fukui,1196-Y
6/3/22,Minnow,1378-P
6/3/22,Fukui,1192-Y
6/3/22,Shrimp,3100-P
6/3/22,Shrimp,3085-P
6/1/22,Fukui,127-Y
6/1/22,Minnow,146-P
6/1/22,Fukui,629-P
6/1/22,Minnow,36-P
6/1/22,Fukui,609-P
6/1/22,Minnow,145-P
6/1/22,Fukui,102-Y
6/1/22,Minnow,152-P
6/1/22,Fukui,1173-Y
6/1/22,Minnow,74-P
6/1/22,Fukui,21-P
6/1/22,Minnow,626-P
6/1/22,Fukui,20-P
6/1/22,Minnow,1387-P
6/1/22,Fukui,128-Y
6/1/22,Minnow,674-P
6/1/22,Fukui,23-P
6/1/22,Minnow,169-P
6/1/22,Fukui,1197-Y
6/1/22,Minnow,138-P
6/1/22,Fukui,1174-Y
6/1/22,Minnow,678-P
6/1/22,Fukui,163-Y
6/1/22,Minnow,30-P
6/1/22,Fukui,117-Y
6/1/22,Minnow,670-P
6/1/22,Fukui,638-P
6/1/22,Minnow,163-P
6/1/22,Fukui,581-P
6/1/22,Minnow,180-P
6/2/22,Fukui,127-Y
6/2/22,Minnow,146-P
6/2/22,Fukui,629-P
6/2/22,Minnow,36-P
6/2/22,Fukui,609-P
6/2/22,Minnow,145-P
6/2/22,Fukui,102-Y
6/2/22,Minnow,152-P
6/2/22,Fukui,1173-Y
6/2/22,Minnow,74-P
6/2/22,Fukui,21-P
6/2/22,Minnow,626-P
6/2/22,Fukui,20-P
6/2/22,Minnow,1387-P
6/2/22,Fukui,128-Y
6/2/22,Minnow,674-P
6/2/22,Fukui,23-P
6/2/22,Minnow,169-P
6/2/22,Fukui,1197-Y
6/2/22,Minnow,138-P
6/2/22,Fukui,1174-Y
6/2/22,Minnow,678-P
6/2/22,Fukui,163-Y
6/2/22,Minnow,30-P
6/2/22,Fukui,117-Y
6/2/22,Minnow,670-P
6/2/22,Fukui,638-P
6/2/22,Minnow,163-P
6/2/22,Fukui,581-P
6/2/22,Minnow,180-P
6/3/22,Fukui,127-Y
6/3/22,Minnow,146-P
6/3/22,Fukui,629-P
6/3/22,Minnow,36-P
6/3/22,Fukui,609-P
6/3/22,Minnow,145-P
6/3/22,Fukui,102-Y
6/3/22,Minnow,152-P
6/3/22,Fukui,1173-Y
6/3/22,Minnow,74-P
6/3/22,Fukui,21-P
6/3/22,Minnow,626-P
6/3/22,Fukui,20-P
6/3/22,Minnow,1387-P
6/3/22,Fukui,128-Y
6/3/22,Minnow,674-P
6/3/22,Fukui,23-P
6/3/22,Minnow,169-P
6/3/22,Fukui,1197-Y
6/3/22,Minnow,138-P
6/3/22,Fukui,1174-Y
6/3/22,Minnow,678-P
6/3/22,Fukui,163-Y
6/3/22,Minnow,30-P
6/3/22,Fukui,117-Y
6/3/22,Minnow,670-P
6/3/22,Fukui,638-P
6/3/22,Minnow,163-P
6/3/22,Fukui,581-P
6/3/22,Minnow,180-P
6/3/22,Minnow,174-P
6/3/22,Fukui,3078-P
6/3/22,Minnow,691-P
6/3/22,Fukui,1187-R
6/3/22,Minnow,170-P
6/3/22,Fukui,3190-P
6/3/22,Minnow,158-P
6/3/22,Fukui,1198-R
6/3/22,Minnow,192-P
6/3/22,Fukui,3158-P
6/1/22,Minnow,682-P
6/1/22,Fukui,1129-B
6/1/22,Minnow,1383-P
6/1/22,Fukui,1122-B
6/1/22,Minnow,185-P
6/1/22,Fukui,1135-B
6/1/22,Fukui,1141-B
6/1/22,Minnow,80-P
6/1/22,Fukui,1139-B
6/1/22,Minnow,132-P
6/14/22,Minnow,1382-P
6/14/22,Fukui,1374-P
6/14/22,Minnow,663-P
6/14/22,Fukui,3172-P
6/14/22,Minnow,80-P
6/14/22,Fukui,3157-P
6/14/22,Minnow,152-P
6/14/22,Fukui,3153-P
6/14/22,Fukui,3088-P
6/14/22,Minnow,163-P
6/14/22,Fukui,3194-P
6/14/22,Minnow,145-P
6/14/22,Fukui,1387-G
6/14/22,Minnow,674-P
6/14/22,Minnow,1383-P
6/14/22,Fukui,3161-P
6/14/22,Minnow,146-P
6/14/22,Fukui,3103-P
6/14/22,Minnow,150-P
6/14/22,Fukui,3149-P
6/14/22,Minnow,1381-P
6/14/22,Fukui,1189-R
6/14/22,Fukui,3079-P
6/14/22,Minnow,85-P
6/14/22,Minnow,185-P
6/14/22,Fukui,3173-P
6/14/22,Fukui,3114-P
6/14/22,Minnow,626-P
6/14/22,Minnow,183-P
6/14/22,Fukui,3151-P
6/15/22,Minnow,1382-P
6/15/22,Fukui,1374-P
6/15/22,Minnow,663-P
6/15/22,Fukui,3172-P
6/15/22,Minnow,80-P
6/15/22,Fukui,3157-P
6/15/22,Minnow,152-P
6/15/22,Fukui,3153-P
6/15/22,Fukui,3088-P
6/15/22,Minnow,163-P
6/15/22,Fukui,3194-P
6/15/22,Minnow,145-P
6/15/22,Fukui,1387-G
6/15/22,Minnow,674-P
6/15/22,Minnow,1383-P
6/15/22,Fukui,3161-P
6/15/22,Minnow,146-P
6/15/22,Fukui,3103-P
6/15/22,Minnow,150-P
6/15/22,Fukui,3149-P
6/15/22,Minnow,1381-P
6/15/22,Fukui,1189-R
6/15/22,Fukui,3079-P
6/15/22,Minnow,85-P
6/15/22,Minnow,185-P
6/15/22,Fukui,3173-P
6/15/22,Fukui,3114-P
6/15/22,Minnow,626-P
6/15/22,Minnow,183-P
6/15/22,Fukui,3151-P
6/16/22,Shrimp,3101-P
6/16/22,Shrimp,1379-P
6/17/22,Shrimp,3101-P
6/17/22,Shrimp,1379-P
6/14/22,Minnow,158-P
6/14/22,Fukui,1192-Y
6/14/22,Minnow,181-P
6/14/22,Fukui,172-Y
6/14/22,Minnow,170-P
6/14/22,Fukui,1200-Y
6/14/22,Minnow,174-P
6/14/22,Fukui,20-P
6/14/22,Minnow,192-P
6/14/22,Fukui,1196-Y
6/14/22,Minnow,1396-P
6/14/22,Fukui,160-Y
6/14/22,Minnow,177-P
6/14/22,Fukui,1167-Y
6/14/22,Minnow,73-P
6/14/22,Fukui,629-P
6/14/22,Minnow,684-P
6/14/22,Fukui,1173-Y
6/14/22,Minnow,691-P
6/14/22,Fukui,638-P
6/14/22,Minnow,166-P
6/14/22,Fukui,1108-Y
6/14/22,Minnow,188-P
6/14/22,Fukui,128-Y
6/14/22,Minnow,1368-P
6/14/22,Fukui,23-P
6/14/22,Minnow,1394-P
6/14/22,Fukui,1197-Y
6/14/22,Minnow,70-P
6/14/22,Fukui,1129-B
6/15/22,Minnow,158-P
6/15/22,Fukui,1192-Y
6/15/22,Minnow,181-P
6/15/22,Fukui,172-Y
6/15/22,Minnow,170-P
6/15/22,Fukui,1200-Y
6/15/22,Minnow,174-P
6/15/22,Fukui,20-P
6/15/22,Minnow,192-P
6/15/22,Fukui,1196-Y
6/15/22,Minnow,1396-P
6/15/22,Fukui,160-Y
6/15/22,Minnow,177-P
6/15/22,Fukui,1167-Y
6/15/22,Minnow,73-P
6/15/22,Fukui,629-P
6/15/22,Minnow,684-P
6/15/22,Fukui,1173-Y
6/15/22,Minnow,691-P
6/15/22,Fukui,638-P
6/15/22,Minnow,166-P
6/15/22,Fukui,1108-Y
6/15/22,Minnow,188-P
6/15/22,Fukui,128-Y
6/15/22,Minnow,1368-P
6/15/22,Fukui,23-P
6/15/22,Minnow,1394-P
6/15/22,Fukui,1197-Y
6/15/22,Minnow,70-P
6/15/22,Fukui,1129-B
6/14/22,Shrimp,3085-P
6/14/22,Shrimp,3100-P
6/15/22,Shrimp,3085-P
6/15/22,Shrimp,3100-P
6/16/22,Shrimp,3085-P
6/16/22,Shrimp,3100-P
6/17/22,Shrimp,3085-P
6/17/22,Shrimp,3100-P
6/14/22,Fukui,1141-B
6/14/22,Minnow,130-P
6/14/22,Fukui,163-Y
6/14/22,Minnow,189-P
6/14/22,Fukui,581-P
6/14/22,Minnow,36-P
6/14/22,Fukui,21-P
6/14/22,Minnow,682-P
6/14/22,Fukui,609-P
6/14/22,Minnow,1366-P
6/14/22,Fukui,117-Y
6/14/22,Minnow,1398-P
6/14/22,Fukui,1174-Y
6/14/22,Minnow,64-P
6/14/22,Fukui,1139-B
6/14/22,Minnow,155-P
6/14/22,Fukui,1122-B
6/14/22,Minnow,630-P
6/14/22,Fukui,102-Y
6/14/22,Minnow,65-P
6/14/22,Fukui,1135-B
6/14/22,Minnow,1387-P
6/14/22,Fukui,127-Y
6/14/22,Minnow,1390-P
6/14/22,Fukui,1179-Y
6/14/22,Minnow,49-P
6/14/22,Fukui,648-P
6/14/22,Minnow,658-P
6/14/22,Fukui,111-Y
6/14/22,Minnow,74-P
6/15/22,Fukui,1141-B
6/15/22,Minnow,130-P
6/15/22,Fukui,163-Y
6/15/22,Minnow,189-P
6/15/22,Fukui,581-P
6/15/22,Minnow,36-P
6/15/22,Fukui,21-P
6/15/22,Minnow,682-P
6/15/22,Fukui,609-P
6/15/22,Minnow,1366-P
6/15/22,Fukui,117-Y
6/15/22,Minnow,1398-P
6/15/22,Fukui,1174-Y
6/15/22,Minnow,64-P
6/15/22,Fukui,1139-B
6/15/22,Minnow,155-P
6/15/22,Fukui,1122-B
6/15/22,Minnow,630-P
6/15/22,Fukui,102-Y
6/15/22,Minnow,65-P
6/15/22,Fukui,1135-B
6/15/22,Minnow,1387-P
6/15/22,Fukui,127-Y
6/15/22,Minnow,1390-P
6/15/22,Fukui,1179-Y
6/15/22,Minnow,49-P
6/15/22,Fukui,648-P
6/15/22,Minnow,658-P
6/15/22,Fukui,111-Y
6/15/22,Minnow,74-P
6/16/22,Minnow,130-P
6/16/22,Fukui,163-Y
6/16/22,Minnow,189-P
6/16/22,Fukui,141-B
6/16/22,Minnow,36-P
6/16/22,Fukui,581-P
6/16/22,Minnow,155-P
6/16/22,Fukui,1179-Y
6/16/22,Minnow,1398-P
6/16/22,Fukui,1139-B
6/16/22,Minnow,49-P
6/16/22,Fukui,127-Y
6/16/22,Minnow,74-P
6/16/22,Fukui,1135-B
6/16/22,Minnow,65-P
6/16/22,Fukui,102-Y
6/16/22,Minnow,658-P
6/16/22,Fukui,1122-B
6/16/22,Minnow,158-P
6/16/22,Fukui,172-Y
6/16/22,Minnow,181-P
6/16/22,Fukui,1192-Y
6/16/22,Minnow,170-P
6/16/22,Fukui,1200-Y
6/16/22,Minnow,166-P
6/16/22,Fukui,638-P
6/16/22,Minnow,188-P
6/16/22,Fukui,629-P
6/16/22,Minnow,177-P
6/16/22,Fukui,1167-Y
6/16/22,Minnow,192-Y
6/16/22,Fukui,1108-Y
6/16/22,Minnow,70-P
6/16/22,Fukui,1197-Y
6/16/22,Minnow,1368-P
6/16/22,Fukui,1173-Y
6/17/22,Fukui,1139-B
6/17/22,Minnow,155-P
6/17/22,Fukui,127-Y
6/17/22,Minnow,49-P
6/17/22,Fukui,1179-Y
6/17/22,Minnow,1390-P
6/28/22,Minnow,49-P
6/28/22,Fukui,3153-P
6/28/22,Minnow,1394-P
6/28/22,Fukui,3079-P
6/28/22,Minnow,1390-P
6/28/22,Fukui,3088-P
6/28/22,Minnow,70-P
6/28/22,Fukui,3173-P
6/28/22,Fukui,1169-R
6/28/22,Minnow,36-P
6/28/22,Fukui,1198-R
6/28/22,Minnow,682-P
6/28/22,Fukui,3114-P
6/28/22,Minnow,174-P
6/28/22,Minnow,155-P
6/28/22,Fukui,3158-P
6/28/22,Minnow,130-P
6/28/22,Fukui,1193-R
6/28/22,Minnow,189-P
6/28/22,Fukui,3194-P
6/28/22,Minnow,85-P
6/28/22,Fukui,1187-R
6/28/22,Fukui,1374-P
6/28/22,Minnow,74-P
6/28/22,Minnow,630-P
6/28/22,Fukui,3190-P
6/28/22,Fukui,1189-R
6/28/22,Minnow,1368-P
6/28/22,Minnow,1396-P
6/28/22,Fukui,3149-P
6/29/22,Minnow,49-P
6/29/22,Fukui,3153-P
6/29/22,Minnow,1394-P
6/29/22,Fukui,3079-P
6/29/22,Minnow,1390-P
6/29/22,Fukui,3088-P
6/29/22,Minnow,70-P
6/29/22,Fukui,3173-P
6/29/22,Fukui,1169-R
6/29/22,Minnow,36-P
6/29/22,Fukui,1198-R
6/29/22,Minnow,682-P
6/29/22,Fukui,3114-P
6/29/22,Minnow,174-P
6/29/22,Minnow,155-P
6/29/22,Fukui,3158-P
6/29/22,Minnow,130-P
6/29/22,Fukui,1193-R
6/29/22,Minnow,189-P
6/29/22,Fukui,3194-P
6/29/22,Minnow,85-P
6/29/22,Fukui,1187-R
6/29/22,Fukui,1374-P
6/29/22,Minnow,74-P
6/29/22,Minnow,630-P
6/29/22,Fukui,3190-P
6/29/22,Fukui,1189-R
6/29/22,Minnow,1368-P
6/29/22,Minnow,1396-P
6/29/22,Fukui,3149-P
6/30/22,Minnow,49-P
6/30/22,Fukui,3153-P
6/30/22,Minnow,1394-P
6/30/22,Fukui,3079-P
6/30/22,Minnow,1390-P
6/30/22,Fukui,3088-P
6/30/22,Minnow,70-P
6/30/22,Fukui,3173-P
6/30/22,Fukui,1169-R
6/30/22,Minnow,36-P
6/30/22,Fukui,1198-R
6/30/22,Minnow,682-P
6/30/22,Fukui,3114-P
6/30/22,Minnow,174-P
6/30/22,Minnow,155-P
6/30/22,Fukui,3158-P
6/30/22,Minnow,130-P
6/30/22,Fukui,1193-R
6/30/22,Minnow,189-P
6/30/22,Fukui,3194-P
6/30/22,Minnow,85-P
6/30/22,Fukui,1187-R
6/30/22,Fukui,1374-P
6/30/22,Minnow,74-P
6/30/22,Minnow,630-P
6/30/22,Fukui,3190-P
6/30/22,Fukui,1189-R
6/30/22,Minnow,1368-P
6/30/22,Minnow,1396-P
6/30/22,Fukui,3149-P
7/1/22,Minnow,49-P
7/1/22,Fukui,3153-P
7/1/22,Minnow,1394-P
7/1/22,Fukui,3079-P
7/1/22,Minnow,1390-P
7/1/22,Fukui,3088-P
7/1/22,Minnow,70-P
7/1/22,Fukui,3173-P
7/1/22,Fukui,1169-R
7/1/22,Minnow,36-P
7/1/22,Fukui,1198-R
7/1/22,Minnow,682-P
7/1/22,Fukui,3114-P
7/1/22,Minnow,174-P
7/1/22,Minnow,155-P
7/1/22,Fukui,3158-P
7/1/22,Minnow,130-P
7/1/22,Fukui,1193-R
7/1/22,Minnow,189-P
7/1/22,Fukui,3194-P
7/1/22,Minnow,85-P
7/1/22,Fukui,1187-R
7/1/22,Fukui,1374-P
7/1/22,Minnow,74-P
7/1/22,Minnow,630-P
7/1/22,Fukui,3190-P
7/1/22,Fukui,1189-R
7/1/22,Minnow,1368-P
7/1/22,Minnow,1396-P
7/1/22,Fukui,3149-P
6/28/22,Minnow,1398-P
6/28/22,Fukui,160-Y
6/28/22,Minnow,188-P
6/28/22,Fukui,21-P
6/28/22,Minnow,73-P
6/28/22,Fukui,1129-B
6/28/22,Minnow,1366-P
6/28/22,Fukui,117-Y
6/28/22,Minnow,181-P
6/28/22,Fukui,127-Y
6/28/22,Minnow,192-P
6/28/22,Fukui,609-P
6/28/22,Minnow,691-P
6/28/22,Fukui,1167-Y
6/28/22,Minnow,65-P
6/28/22,Fukui,1139-B
6/28/22,Minnow,684-P
6/28/22,Fukui,1197-Y
6/28/22,Minnow,1387-P
6/28/22,Fukui,581-P
6/28/22,Minnow,658-P
6/28/22,Fukui,1132-B
6/28/22,Minnow,1077-P
6/28/22,Fukui,1108-Y
6/28/22,Minnow,64-P
6/28/22,Fukui,1179-Y
6/28/22,Minnow,170-P
6/28/22,Fukui,638-P
6/28/22,Minnow,166-P
6/28/22,Fukui,102-Y
6/29/22,Minnow,1398-P
6/29/22,Fukui,160-Y
6/29/22,Minnow,188-P
6/29/22,Fukui,21-P
6/29/22,Minnow,73-P
6/29/22,Fukui,1129-B
6/29/22,Minnow,1366-P
6/29/22,Fukui,117-Y
6/29/22,Minnow,181-P
6/29/22,Fukui,127-Y
6/29/22,Minnow,192-P
6/29/22,Fukui,609-P
6/29/22,Minnow,691-P
6/29/22,Fukui,1167-Y
6/29/22,Minnow,65-P
6/29/22,Fukui,1139-B
6/29/22,Minnow,684-P
6/29/22,Fukui,1197-Y
6/29/22,Minnow,1387-P
6/29/22,Fukui,581-P
6/29/22,Minnow,658-P
6/29/22,Fukui,1132-B
6/29/22,Minnow,1077-P
6/29/22,Fukui,1108-Y
6/29/22,Minnow,64-P
6/29/22,Fukui,1179-Y
6/29/22,Minnow,170-P
6/29/22,Fukui,638-P
6/29/22,Minnow,166-P
6/29/22,Fukui,102-Y
6/30/22,Minnow,1398-P
6/30/22,Fukui,160-Y
6/30/22,Minnow,188-P
6/30/22,Fukui,21-P
6/30/22,Minnow,73-P
6/30/22,Fukui,1129-B
6/30/22,Minnow,1366-P
6/30/22,Fukui,117-Y
6/30/22,Minnow,181-P
6/30/22,Fukui,127-Y
6/30/22,Minnow,192-P
6/30/22,Fukui,609-P
6/30/22,Minnow,691-P
6/30/22,Fukui,1167-Y
6/30/22,Minnow,65-P
6/30/22,Fukui,1139-B
6/30/22,Minnow,684-P
6/30/22,Fukui,1197-Y
6/30/22,Minnow,1387-P
6/30/22,Fukui,581-P
6/30/22,Minnow,658-P
6/30/22,Fukui,1132-B
6/30/22,Minnow,1077-P
6/30/22,Fukui,1108-Y
6/30/22,Minnow,64-P
6/30/22,Fukui,1179-Y
6/30/22,Minnow,170-P
6/30/22,Fukui,638-P
6/30/22,Minnow,166-P
6/30/22,Fukui,102-Y
7/1/22,Minnow,1398-P
7/1/22,Fukui,160-Y
7/1/22,Minnow,188-P
7/1/22,Fukui,21-P
7/1/22,Minnow,73-P
7/1/22,Fukui,1129-B
7/1/22,Minnow,1366-P
7/1/22,Fukui,117-Y
7/1/22,Minnow,181-P
7/1/22,Fukui,127-Y
7/1/22,Minnow,192-P
7/1/22,Fukui,609-P
7/1/22,Minnow,691-P
7/1/22,Fukui,1167-Y
7/1/22,Minnow,65-P
7/1/22,Fukui,1139-B
7/1/22,Minnow,684-P
7/1/22,Fukui,1197-Y
7/1/22,Minnow,1387-P
7/1/22,Fukui,581-P
7/1/22,Minnow,658-P
7/1/22,Fukui,1132-B
7/1/22,Minnow,1077-P
7/1/22,Fukui,1108-Y
7/1/22,Minnow,64-P
7/1/22,Fukui,1179-Y
7/1/22,Minnow,170-P
7/1/22,Fukui,638-P
7/1/22,Minnow,166-P
7/1/22,Fukui,102-Y
7/1/22,Shrimp,1166-R
7/1/22,Shrimp,1151-R
7/1/22,Minnow,678-P
7/1/22,Minnow,138-P
7/1/22,Fukui,1192-Y
7/1/22,Minnow,169-P
7/1/22,Fukui,648-P
7/1/22,Minnow,30-P
7/1/22,Minnow,1378-P
7/1/22,Fukui,172-Y
7/1/22,Fukui,122-B
7/1/22,Minnow,670-P
7/1/22,Fukui,111-Y
6/28/22,Minnow,678-P
6/28/22,Fukui,172-Y
6/28/22,Minnow,670-P
6/28/22,Fukui,1122-B
6/28/22,Minnow,1367-P
6/28/22,Fukui,20-P
6/28/22,Fukui,23-P
6/28/22,Fukui,1196-Y
6/28/22,Minnow,1378-P
6/28/22,Minnow,30-P
6/28/22,Minnow,169-P
6/28/22,Fukui,1200-Y
6/28/22,Minnow,138-P
6/28/22,Minnow,132-P
6/28/22,Minnow,180-P
6/28/22,Fukui,648-P
6/28/22,Minnow,632-P
6/28/22,Fukui,1192-Y
6/28/22,Fukui,1174-Y
6/28/22,Fukui,1135-B
6/28/22,Minnow,692-P
6/28/22,Fukui,629-P
6/28/22,Fukui,1141-B
6/28/22,Minnow,662-P
6/28/22,Fukui,128-Y
6/28/22,Minnow,564-P
6/28/22,Minnow,29-P
6/28/22,Fukui,111-Y
6/28/22,Minnow,668-P
6/28/22,Fukui,163-Y
7/1/22,Shrimp,697-P
7/1/22,Shrimp,879-G
7/1/22,Shrimp,1191-R
6/28/22,Shrimp,1379-P
6/28/22,Shrimp,3100-P
6/28/22,Shrimp,3085-P
6/28/22,Shrimp,3101-P
6/28/22,Shrimp,3174-P
6/28/22,Shrimp,876-G
6/29/22,Shrimp,1379-P
6/29/22,Shrimp,3100-P
6/29/22,Shrimp,3085-P
6/29/22,Shrimp,3101-P
6/29/22,Shrimp,3174-P
6/29/22,Shrimp,876-G
6/30/22,Shrimp,1379-P
6/30/22,Shrimp,3100-P
6/30/22,Shrimp,3085-P
6/30/22,Shrimp,3101-P
6/30/22,Shrimp,3174-P
6/30/22,Shrimp,876-G
7/1/22,Shrimp,1379-P
7/1/22,Shrimp,3100-P
7/1/22,Shrimp,3085-P
7/1/22,Shrimp,3101-P
7/1/22,Shrimp,3174-P
7/1/22,Shrimp,876-G
7/6/22,Shrimp,3100-P
7/6/22,Shrimp,1157-R
7/6/22,Shrimp,879-G
7/6/22,Shrimp,1151-P
7/6/22,Shrimp,1191-R
7/6/22,Shrimp,3174-P
7/20/22,Shrimp,3100-P
7/20/22,Shrimp,3101-P
7/20/22,Shrimp,1157-R
7/20/22,Shrimp,3174-P
7/20/22,Minnow,670-P
7/20/22,Fukui,581-P
7/20/22,Shrimp,879-G
7/20/22,Fukui,1167-Y
7/20/22,Minnow,684-P
7/22/22,Shrimp,1191-R
7/22/22,Shrimp,876-G
7/22/22,Shrimp,697-P
7/22/22,Shrimp,893-G
7/22/22,Shrimp,1166-R
7/22/22,Shrimp,3100-P
7/22/22,Shrimp,3174-P
7/22/22,Shrimp,879-G
7/22/22,Shrimp,1151-R
7/22/22,Shrimp,1157-R
7/26/22,Minnow,1394-P
7/26/22,Fukui,1374-P
7/26/22,Minnow,70-P
7/26/22,Fukui,3079-P
7/26/22,Minnow,85-P
7/26/22,Fukui,1187-R
7/26/22,Minnow,130-P
7/26/22,Fukui,3088-P
7/26/22,Fukui,3153-P
7/26/22,Minnow,682-P
7/26/22,Fukui,3114-P
7/26/22,Minnow,630-P
7/26/22,Fukui,3158-P
7/26/22,Minnow,1396-P
7/26/22,Minnow,36-P
7/26/22,Fukui,3149-P
7/26/22,Minnow,155-P
7/26/22,Fukui,1169-R
7/26/22,Minnow,174-P
7/26/22,Fukui,3173-P
7/26/22,Minnow,1390-P
7/26/22,Fukui,3194-P
7/26/22,Fukui,3190-P
7/26/22,Minnow,49-P
7/26/22,Minnow,189-P
7/26/22,Fukui,1193-R
7/26/22,Fukui,1189-R
7/26/22,Minnow,74-P
7/26/22,Minnow,1368-P
7/26/22,Fukui,1198-R
7/26/22,Shrimp,879-G
7/27/22,Minnow,1394-P
7/27/22,Fukui,1374-P
7/27/22,Minnow,70-P
7/27/22,Fukui,3079-P
7/27/22,Minnow,85-P
7/27/22,Fukui,1187-R
7/27/22,Minnow,130-P
7/27/22,Fukui,3088-P
7/27/22,Fukui,3153-P
7/27/22,Minnow,682-P
7/27/22,Fukui,3114-P
7/27/22,Minnow,630-P
7/27/22,Fukui,3158-P
7/27/22,Minnow,1396-P
7/27/22,Minnow,36-P
7/27/22,Fukui,3149-P
7/27/22,Minnow,155-P
7/27/22,Fukui,1169-R
7/27/22,Minnow,174-P
7/27/22,Fukui,3173-P
7/27/22,Minnow,1390-P
7/27/22,Fukui,3194-P
7/27/22,Fukui,3190-P
7/27/22,Minnow,49-P
7/27/22,Minnow,189-P
7/27/22,Fukui,1193-R
7/27/22,Fukui,1189-R
7/27/22,Minnow,74-P
7/27/22,Minnow,1368-P
7/27/22,Fukui,1198-R
7/27/22,Shrimp,879-G
7/26/22,Fukui,127-Y
7/26/22,Minnow,65-P
7/26/22,Fukui,172-Y
7/26/22,Minnow,192-P
7/26/22,Fukui,1122-B
7/26/22,Minnow,1398-P
7/26/22,Fukui,117-Y
7/26/22,Minnow,1378-P
7/26/22,Fukui,21-P
7/26/22,Minnow,169-P
7/26/22,Fukui,111-Y
7/26/22,Minnow,30-P
7/26/22,Fukui,1192-Y
7/26/22,Minnow,138-P
7/26/22,Fukui,1108-Y
7/26/22,Minnow,684-P
7/26/22,Fukui,1167-Y
7/26/22,Minnow,177-P
7/26/22,Fukui,581-P
7/26/22,Minnow,73-P
7/26/22,Fukui,648-P
7/26/22,Minnow,1366-P
7/26/22,Fukui,609-P
7/26/22,Minnow,678-P
7/26/22,Fukui,1139-B
7/26/22,Minnow,691-P
7/26/22,Fukui,638-P
7/26/22,Minnow,670-P
7/26/22,Fukui,102-Y
7/26/22,Minnow,658-P
7/26/22,Shrimp,3100-P
7/27/22,Fukui,127-Y
7/27/22,Minnow,65-P
7/27/22,Fukui,172-Y
7/27/22,Minnow,192-P
7/27/22,Fukui,1122-B
7/27/22,Minnow,1398-P
7/27/22,Fukui,117-Y
7/27/22,Minnow,1378-P
7/27/22,Fukui,21-P
7/27/22,Minnow,169-P
7/27/22,Fukui,111-Y
7/27/22,Minnow,30-P
7/27/22,Fukui,1192-Y
7/27/22,Minnow,138-P
7/27/22,Fukui,1108-Y
7/27/22,Minnow,684-P
7/27/22,Fukui,1167-Y
7/27/22,Minnow,177-P
7/27/22,Fukui,581-P
7/27/22,Minnow,73-P
7/27/22,Fukui,648-P
7/27/22,Minnow,1366-P
7/27/22,Fukui,609-P
7/27/22,Minnow,678-P
7/27/22,Fukui,1139-B
7/27/22,Minnow,691-P
7/27/22,Fukui,638-P
7/27/22,Minnow,670-P
7/27/22,Fukui,102-Y
7/27/22,Minnow,658-P
7/27/22,Shrimp,3100-P
7/26/22,Shrimp,1166-R
7/26/22,Shrimp,893-G
7/27/22,Shrimp,1166-R
7/27/22,Shrimp,893-G
8/3/22,Minnow,64-P
8/3/22,Fukui,3088-P
8/3/22,Minnow,188-P
8/3/22,Fukui,1198-R
8/3/22,Minnow,1387-P
8/3/22,Fukui,3153-P
8/3/22,Minnow,1366-P
8/3/22,Fukui,1187-R
8/3/22,Fukui,3158-P
8/3/22,Minnow,30-P
8/3/22,Fukui,3149-P
8/3/22,Minnow,73-P
8/3/22,Fukui,3079-P
8/3/22,Minnow,670-P
8/3/22,Minnow,177-P
8/3/22,Fukui,3194-P
8/3/22,Minnow,138-P
8/3/22,Fukui,1189-R
8/3/22,Minnow,65-P
8/3/22,Fukui,3190-P
8/3/22,Minnow,678-P
8/3/22,Fukui,3114-P
8/3/22,Fukui,1169-R
8/3/22,Minnow,181-P
8/3/22,Minnow,684-P
8/3/22,Fukui,1193-R
8/3/22,Fukui,3173-P
8/3/22,Minnow,1398-P
8/3/22,Minnow,170-P
8/3/22,Fukui,1374-P
8/3/22,Shrimp,893-G
8/3/22,Shrimp,3100-P
8/4/22,Minnow,64-P
8/4/22,Fukui,3088-P
8/4/22,Minnow,188-P
8/4/22,Fukui,1198-R
8/4/22,Minnow,1387-P
8/4/22,Fukui,3153-P
8/4/22,Minnow,1366-P
8/4/22,Fukui,1187-R
8/4/22,Fukui,3158-P
8/4/22,Minnow,30-P
8/4/22,Fukui,3149-P
8/4/22,Minnow,73-P
8/4/22,Fukui,3079-P
8/4/22,Minnow,670-P
8/4/22,Minnow,177-P
8/4/22,Fukui,3194-P
8/4/22,Minnow,138-P
8/4/22,Fukui,1189-R
8/4/22,Minnow,65-P
8/4/22,Fukui,3190-P
8/4/22,Minnow,678-P
8/4/22,Fukui,3114-P
8/4/22,Fukui,1169-R
8/4/22,Minnow,181-P
8/4/22,Minnow,684-P
8/4/22,Fukui,1193-R
8/4/22,Fukui,3173-P
8/4/22,Minnow,1398-P
8/4/22,Minnow,170-P
8/4/22,Fukui,1374-P
8/4/22,Shrimp,893-G
8/4/22,Shrimp,3100-P
8/4/22,Shrimp,879-G
8/4/22,Shrimp,1166-R
8/5/22,Minnow,64-P
8/5/22,Fukui,3088-P
8/5/22,Minnow,188-P
8/5/22,Fukui,1198-R
8/5/22,Minnow,1387-P
8/5/22,Fukui,3153-P
8/5/22,Minnow,1366-P
8/5/22,Fukui,1187-R
8/5/22,Fukui,3158-P
8/5/22,Minnow,30-P
8/5/22,Fukui,3149-P
8/5/22,Minnow,73-P
8/5/22,Fukui,3079-P
8/5/22,Minnow,670-P
8/5/22,Minnow,177-P
8/5/22,Fukui,3194-P
8/5/22,Minnow,138-P
8/5/22,Fukui,1189-R
8/5/22,Minnow,65-P
8/5/22,Fukui,3190-P
8/5/22,Minnow,678-P
8/5/22,Fukui,3114-P
8/5/22,Fukui,1169-R
8/5/22,Minnow,181-P
8/5/22,Minnow,684-P
8/5/22,Fukui,1193-R
8/5/22,Fukui,3173-P
8/5/22,Minnow,1398-P
8/5/22,Minnow,170-P
8/5/22,Fukui,1374-P
8/5/22,Shrimp,893-G
8/5/22,Shrimp,3100-P
8/5/22,Shrimp,879-G
8/5/22,Shrimp,1166-R
8/3/22,Fukui,3103-P
8/3/22,Minnow,166-P
8/3/22,Shrimp,879-G
8/3/22,Minnow,691-P
8/3/22,Fukui,3172-P
8/3/22,Minnow,1394-P
8/3/22,Fukui,3161-P
8/3/22,Minnow,36-P
8/3/22,Fukui,3078-P
8/3/22,Minnow,189-P
8/3/22,Fukui,3151-P
8/3/22,Minnow,155-P
8/3/22,Fukui,1387-G
8/3/22,Shrimp,1166-R
8/5/22,Shrimp,876-G
8/5/22,Shrimp,1379-P
8/5/22,Fukui,629-P
8/5/22,Minnow,564-P
8/5/22,Fukui,160-Y
8/5/22,Minnow,1390-P
8/5/22,Fukui,1179-Y
8/5/22,Minnow,1396-P
8/5/22,Fukui,1197-Y
8/5/22,Minnow,70-P
8/5/22,Fukui,1132-B
8/5/22,Minnow,130-P
8/5/22,Fukui,163-Y
8/5/22,Minnow,49-P
8/3/22,Fukui,1129-B
8/3/22,Minnow,192-P
8/3/22,Fukui,21-P
8/3/22,Minnow,658-P
8/3/22,Minnow,1378-P
8/3/22,Fukui,111-Y
8/3/22,Minnow,169-P
8/3/22,Fukui,1122-B
8/3/22,Minnow,174-P
8/3/22,Fukui,127-Y
8/3/22,Minnow,682-P
8/3/22,Fukui,172-Y
8/3/22,Minnow,85-P
8/3/22,Fukui,102-Y
8/3/22,Fukui,581-P
8/3/22,Minnow,1368-P
8/3/22,Minnow,630-P
8/3/22,Fukui,1167-Y
8/3/22,Minnow,74-P
8/3/22,Fukui,1108-Y
8/4/22,Fukui,1129-B
8/4/22,Minnow,192-P
8/4/22,Fukui,21-P
8/4/22,Minnow,658-P
8/4/22,Minnow,1378-P
8/4/22,Fukui,111-Y
8/4/22,Minnow,169-P
8/4/22,Fukui,1122-B
8/4/22,Minnow,174-P
8/4/22,Fukui,127-Y
8/4/22,Minnow,682-P
8/4/22,Fukui,172-Y
8/4/22,Minnow,85-P
8/4/22,Fukui,102-Y
8/4/22,Fukui,581-P
8/4/22,Minnow,1368-P
8/4/22,Minnow,630-P
8/4/22,Fukui,1167-Y
8/4/22,Minnow,74-P
8/4/22,Fukui,1108-Y
8/3/22,Shrimp,1157-R
8/3/22,Shrimp,1151-R
8/3/22,Shrimp,1191-R
8/3/22,Shrimp,3174-P
8/4/22,Shrimp,1157-R
8/4/22,Shrimp,1151-R
8/4/22,Shrimp,1191-R
8/4/22,Shrimp,3174-P
8/9/22,Minnow,29-P
8/9/22,Fukui,1198-R
8/9/22,Minnow,180-P
8/9/22,Fukui,1189-R
8/9/22,Minnow,1367-P
8/9/22,Fukui,3114-P
8/9/22,Minnow,662-P
8/9/22,Fukui,1374-P
8/9/22,Fukui,3157-P
8/9/22,Minnow,668-P
8/9/22,Fukui,1187-R
8/9/22,Minnow,No Tag
8/9/22,Fukui,3088-P
8/9/22,Minnow,169-P
8/9/22,Minnow,692-P
8/9/22,Fukui,3149-P
8/9/22,Minnow,682-P
8/9/22,Fukui,3190-P
8/9/22,Minnow,630-P
8/9/22,Fukui,3194-P
8/9/22,Minnow,85-P
8/9/22,Fukui,3079-P
8/9/22,Fukui,3173-P
8/9/22,Minnow,1378-P
8/9/22,Minnow,1368-P
8/9/22,Fukui,3158-P
8/9/22,Fukui,3153-P
8/9/22,Minnow,132-P
8/9/22,Minnow,632-P
8/9/22,Fukui,1169-B
8/9/22,Shrimp,697-P
8/9/22,Shrimp,879-G
8/9/22,Shrimp,876-G
8/10/22,Minnow,29-P
8/10/22,Fukui,1198-R
8/10/22,Minnow,180-P
8/10/22,Fukui,1189-R
8/10/22,Minnow,1367-P
8/10/22,Fukui,3114-P
8/10/22,Minnow,662-P
8/10/22,Fukui,1374-P
8/10/22,Fukui,3157-P
8/10/22,Minnow,668-P
8/10/22,Fukui,1187-R
8/10/22,Minnow,N/A
8/10/22,Fukui,3088-P
8/10/22,Minnow,169-P
8/10/22,Minnow,692-P
8/10/22,Fukui,3149-P
8/10/22,Minnow,682-P
8/10/22,Fukui,3190-P
8/10/22,Minnow,630-P
8/10/22,Fukui,3194-P
8/10/22,Minnow,85-P
8/10/22,Fukui,3079-P
8/10/22,Fukui,3173-P
8/10/22,Minnow,1378-P
8/10/22,Minnow,1368-P
8/10/22,Fukui,3158-P
8/10/22,Fukui,3153-P
8/10/22,Minnow,132-P
8/10/22,Minnow,632-P
8/10/22,Fukui,1169-B
8/10/22,Shrimp,697-P
8/10/22,Shrimp,879-G
8/10/22,Shrimp,876-G
8/11/22,Minnow,29-P
8/11/22,Fukui,1198-R
8/11/22,Minnow,180-P
8/11/22,Fukui,1189-R
8/11/22,Minnow,1367-P
8/11/22,Fukui,3114-P
8/11/22,Minnow,662-P
8/11/22,Fukui,1374-P
8/11/22,Fukui,3157-P
8/11/22,Minnow,668-P
8/11/22,Fukui,1187-R
8/11/22,Minnow,N/A
8/11/22,Fukui,3088-P
8/11/22,Minnow,169-P
8/11/22,Minnow,692-P
8/11/22,Fukui,3149-P
8/11/22,Minnow,682-P
8/11/22,Fukui,3190-P
8/11/22,Minnow,630-P
8/11/22,Fukui,3194-P
8/11/22,Minnow,85-P
8/11/22,Fukui,3079-P
8/11/22,Fukui,3173-P
8/11/22,Minnow,1378-P
8/11/22,Minnow,1368-P
8/11/22,Fukui,3158-P
8/11/22,Fukui,3153-P
8/11/22,Minnow,132-P
8/11/22,Minnow,632-P
8/11/22,Fukui,1169-B
8/11/22,Shrimp,697-P
8/11/22,Shrimp,879-G
8/11/22,Shrimp,876-G
8/12/22,Minnow,29-P
8/12/22,Fukui,1198-R
8/12/22,Minnow,180-P
8/12/22,Fukui,1189-R
8/12/22,Minnow,1367-P
8/12/22,Fukui,3114-P
8/12/22,Minnow,662-P
8/12/22,Fukui,1374-P
8/12/22,Fukui,3157-P
8/12/22,Minnow,668-P
8/12/22,Fukui,1187-R
8/12/22,Minnow,N/A
8/12/22,Fukui,3088-P
8/12/22,Minnow,169-P
8/12/22,Minnow,692-P
8/12/22,Fukui,3149-P
8/12/22,Minnow,682-P
8/12/22,Fukui,3190-P
8/12/22,Minnow,630-P
8/12/22,Fukui,3194-P
8/12/22,Minnow,85-P
8/12/22,Fukui,3079-P
8/12/22,Fukui,3173-P
8/12/22,Minnow,1378-P
8/12/22,Minnow,1368-P
8/12/22,Fukui,3158-P
8/12/22,Fukui,3153-P
8/12/22,Minnow,132-P
8/12/22,Minnow,632-P
8/12/22,Fukui,1169-B
8/12/22,Shrimp,697-P
8/12/22,Shrimp,879-G
8/12/22,Shrimp,876-G
8/9/22,Minnow,1396-P
8/9/22,Fukui,603-P
8/9/22,Minnow,1390-P
8/9/22,Fukui,160-Y
8/9/22,Minnow,177-P
8/9/22,Fukui,62-P
8/9/22,Minnow,73-P
8/9/22,Fukui,20-P
8/9/22,Minnow,188-P
8/9/22,Fukui,1176-Y
8/9/22,Minnow,564-P
8/9/22,Fukui,1139-Y
8/9/22,Minnow,138-P
8/9/22,Fukui,23-P
8/9/22,Minnow,30-P
8/9/22,Fukui,1126-B
8/9/22,Minnow,65-P
8/9/22,Fukui,39-P
8/9/22,Minnow,678-P
8/9/22,Fukui,1197-Y
8/9/22,Minnow,170-P
8/9/22,Fukui,1196-Y
8/9/22,Minnow,70-P
8/9/22,Fukui,1121-B
8/9/22,Minnow,181-P
8/9/22,Fukui,116-Y
8/9/22,Minnow,49-P
8/9/22,Fukui,1173-Y
8/9/22,Minnow,684-P
8/9/22,Fukui,1132-B
8/10/22,Minnow,1396-P
8/10/22,Fukui,603-P
8/10/22,Minnow,1390-P
8/10/22,Fukui,160-Y
8/10/22,Minnow,177-P
8/10/22,Fukui,62-P
8/10/22,Minnow,73-P
8/10/22,Fukui,20-P
8/10/22,Minnow,188-P
8/10/22,Fukui,1176-Y
8/10/22,Minnow,564-P
8/10/22,Fukui,1139-Y
8/10/22,Minnow,138-P
8/10/22,Fukui,23-P
8/10/22,Minnow,30-P
8/10/22,Fukui,1126-B
8/10/22,Minnow,65-P
8/10/22,Fukui,39-P
8/10/22,Minnow,678-P
8/10/22,Fukui,1197-Y
8/10/22,Minnow,170-P
8/10/22,Fukui,1196-Y
8/10/22,Minnow,70-P
8/10/22,Fukui,1121-B
8/10/22,Minnow,181-P
8/10/22,Fukui,116-Y
8/10/22,Minnow,49-P
8/10/22,Fukui,1173-Y
8/10/22,Minnow,684-P
8/10/22,Fukui,1132-B
8/9/22,Fukui,1108-Y
8/9/22,Minnow,145-P
8/9/22,Fukui,172-Y
8/9/22,Minnow,1381-P
8/9/22,Fukui,127-Y
8/9/22,Minnow,691-P
8/9/22,Fukui,102-Y
8/9/22,Minnow,1366-P
8/9/22,Fukui,1174-Y
8/9/22,Minnow,670-P
8/9/22,Fukui,111-Y
8/9/22,Minnow,1398-P
8/9/22,Fukui,1167-Y
8/9/22,Minnow,1387-P
8/9/22,Fukui,1129-B
8/9/22,Minnow,130-P
8/9/22,Fukui,1200-Y
8/9/22,Minnow,74-P
8/9/22,Fukui,1141-B
8/9/22,Minnow,166-P
8/9/22,Fukui,21-P
8/9/22,Minnow,155-P
8/9/22,Fukui,1122-B
8/9/22,Minnow,189-P
8/9/22,Fukui,1135-B
8/9/22,Minnow,192-P
8/9/22,Fukui,581-P
8/9/22,Minnow,1394-P
8/9/22,Fukui,128-Y
8/9/22,Minnow,64-P
8/10/22,Fukui,1108-Y
8/10/22,Minnow,145-P
8/10/22,Fukui,172-Y
8/10/22,Minnow,1381-P
8/10/22,Fukui,127-Y
8/10/22,Minnow,691-P
8/10/22,Fukui,102-Y
8/10/22,Minnow,1366-P
8/10/22,Fukui,1174-Y
8/10/22,Minnow,670-P
8/10/22,Fukui,111-Y
8/10/22,Minnow,1398-P
8/10/22,Fukui,1167-Y
8/10/22,Minnow,1387-P
8/10/22,Fukui,1129-B
8/10/22,Minnow,130-P
8/10/22,Fukui,1200-Y
8/10/22,Minnow,74-P
8/10/22,Fukui,1141-B
8/10/22,Minnow,166-P
8/10/22,Fukui,21-P
8/10/22,Minnow,155-P
8/10/22,Fukui,1122-B
8/10/22,Minnow,189-P
8/10/22,Fukui,1135-B
8/10/22,Minnow,192-P
8/10/22,Fukui,581-P
8/10/22,Minnow,1394-P
8/10/22,Fukui,128-Y
8/10/22,Minnow,64-P
8/11/22,Fukui,1108-Y
8/11/22,Minnow,145-P
8/11/22,Fukui,172-Y
8/11/22,Minnow,1381-P
8/11/22,Fukui,127-Y
8/11/22,Minnow,691-P
8/11/22,Fukui,102-Y
8/11/22,Minnow,1366-P
8/11/22,Fukui,1174-Y
8/11/22,Minnow,670-P
8/11/22,Fukui,111-Y
8/11/22,Minnow,1398-P
8/11/22,Fukui,1167-Y
8/11/22,Minnow,1387-P
8/11/22,Fukui,1129-B
8/11/22,Minnow,130-P
8/11/22,Fukui,1200-Y
8/11/22,Minnow,74-P
8/11/22,Fukui,1141-B
8/11/22,Minnow,166-P
8/11/22,Fukui,21-P
8/11/22,Minnow,155-P
8/11/22,Fukui,1122-B
8/11/22,Minnow,189-P
8/11/22,Fukui,1135-B
8/11/22,Minnow,192-P
8/11/22,Fukui,581-P
8/11/22,Minnow,1394-P
8/11/22,Fukui,128-Y
8/11/22,Minnow,64-P
8/12/22,Fukui,1108-Y
8/12/22,Minnow,145-P
8/12/22,Fukui,172-Y
8/12/22,Minnow,1381-P
8/12/22,Fukui,127-Y
8/12/22,Minnow,691-P
8/12/22,Fukui,102-Y
8/12/22,Minnow,1366-P
8/12/22,Fukui,1174-Y
8/12/22,Minnow,670-P
8/12/22,Fukui,111-Y
8/12/22,Minnow,1398-P
8/12/22,Fukui,1167-Y
8/12/22,Minnow,1387-P
8/12/22,Fukui,1129-B
8/12/22,Minnow,130-P
8/12/22,Fukui,1200-Y
8/12/22,Minnow,74-P
8/12/22,Fukui,1141-B
8/12/22,Minnow,166-P
8/12/22,Fukui,21-P
8/12/22,Minnow,155-P
8/12/22,Fukui,1122-B
8/12/22,Minnow,189-P
8/12/22,Fukui,1135-B
8/12/22,Minnow,192-P
8/12/22,Fukui,581-P
8/12/22,Minnow,1394-P
8/12/22,Fukui,128-Y
8/12/22,Minnow,64-P
8/9/22,Shrimp,1191-R
8/9/22,Shrimp,893-G
8/9/22,Shrimp,1379-P
8/10/22,Shrimp,1191-R
8/10/22,Shrimp,893-G
8/10/22,Shrimp,1379-P
8/11/22,Shrimp,1191-R
8/11/22,Shrimp,893-G
8/11/22,Shrimp,1379-P
8/12/22,Shrimp,1191-R
8/12/22,Shrimp,893-G
8/12/22,Shrimp,1379-P
8/9/22,Shrimp,3100-P
8/9/22,Shrimp,1151-R
8/9/22,Shrimp,3174-P
8/9/22,Shrimp,1166-R
8/9/22,Shrimp,1157-R
8/10/22,Shrimp,3100-P
8/10/22,Shrimp,1151-R
8/10/22,Shrimp,3174-P
8/10/22,Shrimp,1166-R
8/10/22,Shrimp,1157-R
8/11/22,Shrimp,3100-P
8/11/22,Shrimp,1151-R
8/11/22,Shrimp,3174-P
8/11/22,Shrimp,1157-R
8/11/22,Shrimp,3101-P
8/11/22,Shrimp,3085-P
8/11/22,Shrimp,3102-P
8/11/22,Shrimp,1369-P
8/11/22,Shrimp,1166-R
8/12/22,Shrimp,3100-P
8/12/22,Shrimp,1151-R
8/12/22,Shrimp,3174-P
8/12/22,Shrimp,1157-R
8/12/22,Shrimp,3101-P
8/12/22,Shrimp,3085-P
8/12/22,Shrimp,3102-P
8/12/22,Shrimp,1369-P
8/12/22,Shrimp,1166-R
8/11/22,Minnow,80-P
8/11/22,Fukui,1193-R
8/11/22,Minnow,152-P
8/11/22,Fukui,629-P
8/11/22,Minnow,128-P
8/11/22,Fukui,638-P
8/11/22,Minnow,626-P
8/11/22,Fukui,1128-B
8/11/22,Minnow,674-P
8/11/22,Fukui,609-P
8/11/22,Minnow,150-P
8/11/22,Fukui,1144-B
8/11/22,Minnow,1382-P
8/11/22,Fukui,3172-P
8/11/22,Minnow,185-P
8/11/22,Fukui,3078-P
8/11/22,Minnow,663-P
8/11/22,Fukui,3103-B
8/10/22,Minnow,643-P
8/10/22,Fukui,3161-P
8/10/22,Minnow,175-P
8/10/22,Fukui,1387-G
8/10/22,Minnow,131-P
8/10/22,Fukui,3151-P
8/10/22,Minnow,183-P
8/10/22,Fukui,1179-Y
8/10/22,Minnow,163-P
8/10/22,Fukui,648-P
8/10/22,Minnow,585-P
8/10/22,Fukui,163-Y
8/10/22,Minnow,158-P
8/10/22,Fukui,117-Y
8/10/22,Minnow,1383-P
8/10/22,Fukui,1139-Y
8/10/22,Minnow,146-P
8/10/22,Fukui,1192-Y
8/18/22,Shrimp,1157-R
8/18/22,Shrimp,893-G
8/18/22,Shrimp,3174-P
8/18/22,Shrimp,3085-P
8/18/22,Shrimp,697-P
8/18/22,Shrimp,3100-P
8/18/22,Shrimp,1151-R
8/19/22,Shrimp,1157-R
8/19/22,Shrimp,893-G
8/19/22,Shrimp,3174-P
8/19/22,Shrimp,3085-P
8/19/22,Shrimp,697-P
8/19/22,Shrimp,3100-P
8/19/22,Shrimp,1151-R
8/23/22,Fukui,3173-P
8/23/22,Minnow,36-P
8/23/22,Fukui,1387-G
8/23/22,Minnow,670-P
8/23/22,Fukui,1189-R
8/23/22,Minnow,189-P
8/23/22,Fukui,3194-P
8/23/22,Minnow,1381-P
8/23/22,Fukui,3172-P
8/23/22,Minnow,145-P
8/23/22,Fukui,3078-P
8/23/22,Minnow,174-P
8/23/22,Fukui,3190-P
8/23/22,Minnow,155-P
8/23/22,Fukui,3157-P
8/23/22,Minnow,192-P
8/23/22,Fukui,3151-P
8/23/22,Minnow,658-P
8/23/22,Fukui,1169-R
8/23/22,Minnow,64-P
8/23/22,Fukui,3153-P
8/23/22,Minnow,691-P
8/23/22,Fukui,1187-R
8/23/22,Minnow,1398-P
8/23/22,Fukui,3079-P
8/23/22,Minnow,130-P
8/23/22,Fukui,3161-P
8/23/22,Minnow,74-P
8/23/22,Fukui,3103-P
8/23/22,Minnow,166-P
8/23/22,Shrimp,1157-R
8/23/22,Shrimp,3100-P
8/24/22,Fukui,3173-P
8/24/22,Minnow,36-P
8/24/22,Fukui,1387-G
8/24/22,Minnow,670-P
8/24/22,Fukui,1189-R
8/24/22,Minnow,189-P
8/24/22,Fukui,3194-P
8/24/22,Minnow,1381-P
8/24/22,Fukui,3172-P
8/24/22,Minnow,145-P
8/24/22,Fukui,3078-P
8/24/22,Minnow,174-P
8/24/22,Fukui,3190-P
8/24/22,Minnow,155-P
8/24/22,Fukui,3157-P
8/24/22,Minnow,192-P
8/24/22,Fukui,3151-P
8/24/22,Minnow,658-P
8/24/22,Fukui,1169-R
8/24/22,Minnow,64-P
8/24/22,Fukui,3153-P
8/24/22,Minnow,691-P
8/24/22,Fukui,1187-R
8/24/22,Minnow,1398-P
8/24/22,Fukui,3079-P
8/24/22,Minnow,130-P
8/24/22,Fukui,3161-P
8/24/22,Minnow,74-P
8/24/22,Fukui,3103-P
8/24/22,Minnow,166-P
8/24/22,Shrimp,1157-R
8/24/22,Shrimp,3100-P
8/23/22,Shrimp,893-G
8/23/22,Shrimp,3174-P
8/23/22,Shrimp,697-P
8/23/22,Shrimp,1151-R
8/23/22,Shrimp,3085-P
8/23/22,Shrimp,1166-R
8/24/22,Shrimp,3174-P
8/24/22,Shrimp,697-P
8/24/22,Shrimp,1151-R
8/24/22,Shrimp,3085-P
8/24/22,Shrimp,893-G
8/24/22,Shrimp,1166-R
8/25/22,Shrimp,3174-P
8/25/22,Shrimp,697-P
8/25/22,Shrimp,1151-R
8/25/22,Shrimp,3085-P
8/25/22,Shrimp,893-G
8/25/22,Shrimp,1166-R
8/23/22,Shrimp,3101-P
8/23/22,Shrimp,876-G
8/23/22,Shrimp,1379-P
8/23/22,Shrimp,1191-R
8/23/22,Shrimp,1369-P
8/23/22,Shrimp,879-G
8/23/22,Shrimp,3102-P
8/24/22,Shrimp,3102-P
8/24/22,Shrimp,3101-P
8/24/22,Shrimp,876-G
8/24/22,Shrimp,1191-R
8/24/22,Shrimp,1379-P
8/24/22,Shrimp,1369-P
8/24/22,Shrimp,879-G
8/25/22,Shrimp,3102-P
8/25/22,Shrimp,3101-P
8/25/22,Shrimp,876-G
8/25/22,Shrimp,1191-R
8/25/22,Shrimp,1379-P
8/25/22,Shrimp,1369-P
8/25/22,Shrimp,879-G
9/7/22,Shrimp,3174-P
9/7/22,Shrimp,1151-R
9/7/22,Shrimp,1157-R
9/7/22,Shrimp,1166-R
9/7/22,Shrimp,876-G
9/7/22,Shrimp,3085-P
9/7/22,Shrimp,3101-P
9/7/22,Shrimp,3100-P
9/7/22,Shrimp,3192-P
9/7/22,Shrimp,3090-P
9/7/22,Shrimp,697-P
9/7/22,Shrimp,3102-P
9/7/22,Shrimp,879-G
9/7/22,Shrimp,1191-R
9/7/22,Shrimp,893-G
9/7/22,Shrimp,1369-P
9/7/22,Shrimp,1379-P
9/13/22,Shrimp,697-P
9/13/22,Minnow,65-P
9/13/22,Minnow,564-P
9/13/22,Shrimp,1157-R
9/13/22,Minnow,177-P
9/13/22,Minnow,73-P
9/13/22,Minnow,30-P
9/13/22,Shrimp,3102-P
9/13/22,Shrimp,879-G
9/13/22,Shrimp,1191-R
9/13/22,Shrimp,3085-P
9/13/22,Shrimp,1166-R
9/13/22,Shrimp,3174-P
9/13/22,Shrimp,893-G
9/13/22,Shrimp,876-G
9/13/22,Shrimp,1151-R
9/13/22,Shrimp,3100-P
9/20/22,Shrimp,3101-P
9/20/22,Shrimp,1151-R
9/20/22,Minnow,73-P
9/20/22,Shrimp,879-G
9/20/22,Minnow,626-P
9/20/22,Minnow,585-P
9/20/22,Minnow,36-P
9/20/22,Minnow,30-P
9/20/22,Minnow,65-P
9/20/22,Minnow,1390-P
9/20/22,Minnow,564-P
9/20/22,Minnow,177-P
9/20/22,Minnow,1396-P
9/20/22,Shrimp,1379-P
9/20/22,Shrimp,3090-P
9/20/22,Shrimp,3100-P
9/20/22,Shrimp,3085-P
9/20/22,Shrimp,1369-P
9/20/22,Shrimp,3174-P
9/20/22,Shrimp,3102-P
9/20/22,Shrimp,697-P
9/20/22,Shrimp,1157-R
9/20/22,Shrimp,1166-R
9/20/22,Minnow,170-P
9/20/22,Minnow,689-P
9/20/22,Minnow,181-P
9/20/22,Shrimp,876-G
9/20/22,Minnow,138-P
9/20/22,Minnow,1394-P
9/20/22,Shrimp,893-G
9/20/22,Minnow,658-P
9/20/22,Minnow,64-P
9/20/22,Minnow,691-P
9/20/22,Minnow,188-P
9/20/22,Minnow,155-P
9/21/22,Minnow,138-P
9/21/22,Minnow,658-P
9/21/22,Minnow,64-P
9/21/22,Minnow,691-P
9/21/22,Minnow,188-P
9/21/22,Minnow,155-P
9/20/22,Minnow,682-P
9/20/22,Minnow,670-P
9/20/22,Shrimp,3192-P
9/20/22,Minnow,1398-P
9/20/22,Minnow,643-P
9/20/22,Minnow,158-P
9/20/22,Minnow,1387-P
9/20/22,Minnow,678-P
9/20/22,Minnow,146-P
9/20/22,Minnow,183-P
9/20/22,Minnow,70-P
9/20/22,Minnow,163-P
9/20/22,Minnow,131-P
9/20/22,Minnow,1383-P
9/20/22,Minnow,175-P
9/20/22,Shrimp,1191-R
9/27/22,Minnow,585-P
9/27/22,Minnow,65-P
9/27/22,Minnow,177-P
9/27/22,Shrimp,879-P
9/27/22,Minnow,1390-P
9/27/22,Minnow,73-P
9/27/22,Shrimp,3192-P
9/27/22,Minnow,1387-P
9/27/22,Minnow,682-P
9/27/22,Minnow,1398-P
9/27/22,Shrimp,3101-P
9/27/22,Shrimp,893-G
9/27/22,Minnow,181-P
9/27/22,Minnow,170-P
9/27/22,Minnow,670-P
9/27/22,Minnow,1381-P
9/27/22,Minnow,684-P
9/27/22,Minnow,1396-P
9/27/22,Minnow,30-P
9/27/22,Minnow,643-P
9/27/22,Minnow,564-P
9/27/22,Minnow,36-P
9/27/22,Minnow,626-P
9/27/22,Minnow,158-P
9/28/22,Minnow,585-P
9/28/22,Minnow,65-P
9/28/22,Minnow,177-P
9/28/22,Shrimp,879-P
9/28/22,Minnow,1390-P
9/28/22,Minnow,73-P
9/28/22,Shrimp,3192-P
9/28/22,Minnow,1387-P
9/28/22,Minnow,682-P
9/28/22,Minnow,1398-P
9/28/22,Shrimp,3101-P
9/28/22,Shrimp,893-G
9/28/22,Minnow,181-P
9/28/22,Minnow,170-P
9/28/22,Minnow,670-P
9/28/22,Minnow,1381-P
9/28/22,Minnow,684-P
9/28/22,Minnow,1396-P
9/28/22,Minnow,30-P
9/28/22,Minnow,643-P
9/28/22,Minnow,564-P
9/28/22,Minnow,36-P
9/28/22,Minnow,626-P
9/28/22,Minnow,158-P
9/27/22,Shrimp,1191-R
9/27/22,Shrimp,1157-R
9/27/22,Shrimp,876-G
9/27/22,Shrimp,1166-R
9/27/22,Shrimp,1379-P
9/28/22,Shrimp,1191-R
9/28/22,Shrimp,1157-R
9/28/22,Shrimp,876-G
9/28/22,Shrimp,1166-R
9/28/22,Shrimp,1379-P
10/6/22,Minnow,29-P
10/6/22,Fukui,3157-P
10/6/22,Minnow,662-P
10/6/22,Fukui,1187-R
10/6/22,Fukui,3079-P
10/6/22,Minnow,166-P
10/6/22,Minnow,1378-P
10/6/22,Fukui,3190-P
10/6/22,Minnow,668-P
10/6/22,Shrimp,3174-P
10/6/22,Shrimp,3085-P
10/6/22,Shrimp,697-P
10/6/22,Fukui,3161-P
10/6/22,Minnow,74-P
10/6/22,Fukui,1169-R
10/6/22,Minnow,180-P
10/6/22,Fukui,3151-P
10/6/22,Minnow,1367-P
10/6/22,Fukui,3172-P
10/6/22,Minnow,1368-P
10/7/22,Minnow,29-P
10/7/22,Fukui,3157-P
10/7/22,Minnow,662-P
10/7/22,Fukui,1187-R
10/7/22,Minnow,189-P
10/7/22,Fukui,3103-P
10/7/22,Minnow,1366-P
10/7/22,Fukui,1189-R
10/7/22,Fukui,3194-P
10/7/22,Minnow,663-P
10/7/22,Fukui,1387-G
10/7/22,Minnow,73-P
10/7/22,Fukui,3153-P
10/7/22,Minnow,130-P
10/7/22,Minnow,180-P
10/7/22,Fukui,3161-P
10/7/22,Minnow,74-P
10/7/22,Fukui,3151-P
10/7/22,Minnow,1368-P
10/7/22,Fukui,1169-R
10/7/22,Minnow,1367-P
10/7/22,Fukui,3172-P
10/7/22,Fukui,3079-P
10/7/22,Minnow,166-P
10/7/22,Minnow,1378-P
10/7/22,Fukui,3078-P
10/7/22,Fukui,3190-P
10/7/22,Minnow,668-P
10/7/22,Minnow,174-P
10/7/22,Fukui,3173-P
10/7/22,Shrimp,3174-P
10/7/22,Shrimp,3085-P
10/7/22,Shrimp,697-P
10/5/22,Minnow,1382-P
10/5/22,Minnow,132-P
10/5/22,Minnow,70-P
10/5/22,Minnow,674-P
10/5/22,Minnow,85-P
10/5/22,Minnow,192-P
10/5/22,Minnow,1383-P
10/5/22,Minnow,1394-P
10/5/22,Minnow,131-P
10/5/22,Minnow,183-P
10/5/22,Minnow,175-P
10/5/22,Minnow,65-P
10/5/22,Minnow,585-P
10/5/22,Minnow,1390-P
10/5/22,Minnow,146-P
10/6/22,Minnow,1382-P
10/6/22,Minnow,132-P
10/6/22,Minnow,70-P
10/6/22,Minnow,674-P
10/6/22,Minnow,85-P
10/6/22,Minnow,192-P
10/6/22,Minnow,1383-P
10/6/22,Minnow,1394-P
10/6/22,Minnow,131-P
10/6/22,Minnow,183-P
10/6/22,Minnow,175-P
10/6/22,Minnow,65-P
10/6/22,Minnow,585-P
10/6/22,Minnow,1390-P
10/6/22,Minnow,146-P
10/6/22,Shrimp,3100-P
10/6/22,Shrimp,1151-R
10/6/22,Shrimp,3102-P
10/7/22,Shrimp,3100-P
10/7/22,Shrimp,1151-R
10/7/22,Shrimp,3102-P
10/4/22,Minnow,138-P
10/4/22,Minnow,691-P
10/4/22,Minnow,155-P
10/4/22,Minnow,64-P
10/4/22,Minnow,1387-P
10/4/22,Minnow,188-P
10/4/22,Minnow,692-P
10/4/22,Minnow,632-P
10/4/22,Minnow,169-P
10/4/22,Minnow,145-P
10/4/22,Minnow, 678-P
10/4/22,Minnow,658-P
10/4/22,Minnow,626-P
10/4/22,Minnow,185-P
10/4/22,Minnow,564-P
10/5/22,Minnow,138-P
10/5/22,Minnow,691-P
10/5/22,Minnow,155-P
10/5/22,Minnow,64-P
10/5/22,Minnow,1387-P
10/5/22,Minnow,188-P
10/5/22,Minnow,692-P
10/5/22,Minnow,632-P
10/5/22,Minnow,169-P
10/5/22,Minnow,145-P
10/5/22,Minnow, 678-P
10/5/22,Minnow,658-P
10/5/22,Minnow,626-P
10/5/22,Minnow,185-P
10/5/22,Minnow,564-P
10/6/22,Minnow,138-P
10/6/22,Minnow,691-P
10/6/22,Minnow,155-P
10/6/22,Minnow,64-P
10/6/22,Minnow,1387-P
10/6/22,Minnow,188-P
10/6/22,Minnow,692-P
10/6/22,Minnow,632-P
10/6/22,Minnow,169-P
10/6/22,Minnow,145-P
10/6/22,Minnow, 678-P
10/6/22,Minnow,658-P
10/6/22,Minnow,626-P
10/6/22,Minnow,185-P
10/6/22,Minnow,564-P
10/7/22,Minnow,138-P
10/7/22,Minnow,691-P
10/7/22,Minnow,155-P
10/7/22,Minnow,64-P
10/7/22,Minnow,1387-P
10/7/22,Minnow,188-P
10/7/22,Minnow,692-P
10/7/22,Minnow,632-P
10/7/22,Minnow,169-P
10/7/22,Minnow,145-P
10/7/22,Minnow, 678-P
10/7/22,Minnow,658-P
10/7/22,Minnow,626-P
10/7/22,Minnow,185-P
10/7/22,Minnow,564-P
10/4/22,Shrimp,1166-R
10/4/22,Shrimp,3101-P
10/4/22,Shrimp,893-G
10/4/22,Shrimp,3192-P
10/4/22,Shrimp,876-G
10/4/22,Shrimp,1157-R
10/4/22,Shrimp,3090-P
10/4/22,Shrimp,879-G
10/5/22,Shrimp,1166-R
10/5/22,Shrimp,3101-P
10/5/22,Shrimp,893-G
10/5/22,Shrimp,3192-P
10/5/22,Shrimp,876-G
10/5/22,Shrimp,1157-R
10/5/22,Shrimp,3090-P
10/5/22,Shrimp,879-G
10/6/22,Shrimp,1166-R
10/6/22,Shrimp,3101-P
10/6/22,Shrimp,893-G
10/6/22,Shrimp,3192-P
10/6/22,Shrimp,876-G
10/6/22,Shrimp,1157-R
10/6/22,Shrimp,3090-P
10/6/22,Shrimp,879-G
10/7/22,Shrimp,1166-R
10/7/22,Shrimp,3101-P
10/7/22,Shrimp,1157-R
10/7/22,Shrimp,879-G
10/4/22,Minnow,674-P
10/4/22,Fukui,1108-Y
10/4/22,Minnow,1382-P
10/4/22,Fukui,1141-B
10/4/22,Minnow,132-P
10/4/22,Fukui,1122-B
10/4/22,Minnow,1398-P
10/4/22,Fukui,102-Y
10/4/22,Minnow,128-P
10/4/22,Fukui,1200-Y
10/4/22,Minnow,150-P
10/4/22,Fukui,581-P
10/4/22,Minnow,170-P
10/4/22,Fukui,172-Y
10/4/22,Minnow,73-P
10/4/22,Fukui,1174-Y
10/4/22,Minnow,36-P
10/4/22,Fukui,1167-Y
10/5/22,Minnow,1398-P
10/5/22,Fukui,102-Y
10/5/22,Minnow,128-P
10/5/22,Fukui,1200-Y
10/5/22,Minnow,150-P
10/5/22,Fukui,581-P
10/4/22,Minnow,684-P
10/4/22,Fukui,1173-Y
10/4/22,Minnow,1381-P
10/4/22,Fukui,111-Y
10/4/22,Minnow,177-P
10/4/22,Shrimp,1369-P
10/4/22,Minnow,30-P
10/4/22,Fukui,160-Y
10/4/22,Minnow,181-P
10/4/22,Shrimp,1191-R
10/4/22,Minnow,682-P
10/4/22,Minnow,670-P
10/4/22,Shrimp,1379-P
10/4/22,Fukui,20-P
10/4/22,Minnow,1396-P
10/4/22,Fukui,117-Y
10/4/22,Minnow,158-P
10/4/22,Minnow,643-P
10/5/22,Minnow,684-P
10/5/22,Fukui,1173-Y
10/5/22,Minnow,1381-P
10/5/22,Fukui,111-Y
10/5/22,Minnow,177-P
10/5/22,Shrimp,1369-P
10/5/22,Minnow,30-P
10/5/22,Fukui,160-Y
10/5/22,Minnow,181-P
10/5/22,Shrimp,1191-R
10/5/22,Minnow,682-P
10/5/22,Minnow,670-P
10/5/22,Shrimp,1379-P
10/5/22,Fukui,20-P
10/5/22,Minnow,1396-P
10/5/22,Fukui,117-Y
10/5/22,Minnow,158-P
10/5/22,Minnow,643-P
10/6/22,Minnow,684-P
10/6/22,Minnow,1381-P
10/6/22,Minnow,177-P
10/6/22,Shrimp,1369-P
10/6/22,Minnow,30-P
10/6/22,Minnow,181-P
10/6/22,Shrimp,1191-R
10/6/22,Minnow,682-P
10/6/22,Minnow,670-P
10/6/22,Shrimp,1379-P
10/6/22,Minnow,1396-P
10/6/22,Minnow,158-P
10/6/22,Minnow,643-P
10/7/22,Minnow,684-P
10/7/22,Minnow,1381-P
10/7/22,Shrimp,1191-R
10/7/22,Minnow,670-P
10/7/22,Minnow,177-P
10/7/22,Minnow,30-P
10/7/22,Minnow,181-P
10/7/22,Minnow,682-P
10/7/22,Shrimp,1379-P
10/7/22,Minnow,1396-P
10/7/22,Minnow,158-P
10/7/22,Minnow,643-P
10/18/22,Shrimp,3100-P
10/18/22,Shrimp,893-P
10/18/22,Shrimp,1157-R
10/18/22,Shrimp,1166-R
10/18/22,Shrimp,1379-P
10/18/22,Shrimp,879-G
10/18/22,Shrimp,3085-P
10/18/22,Shrimp,3102-P
10/18/22,Shrimp,1151-R
10/18/22,Shrimp,1191-R
10/19/22,Shrimp,3085-P
10/19/22,Shrimp,3102-P
10/19/22,Shrimp,1151-R
10/19/22,Shrimp,1191-R
10/20/22,Shrimp,3085-P
10/20/22,Shrimp,3102-P
10/20/22,Shrimp,1151-R
10/20/22,Shrimp,1191-R
10/21/22,Shrimp,3085-P
10/21/22,Shrimp,3102-P
10/21/22,Shrimp,1151-R
10/21/22,Shrimp,1191-R
11/4/22,Shrimp,876-G
11/4/22,Shrimp,3174-R
11/4/22,Shrimp,1151-R
11/4/22,Shrimp,697-P
11/4/22,Shrimp,1166-R
11/4/22,Shrimp,3100-P
11/3/22,Minnow,169-P
11/3/22,Fukui,3079-P
11/3/22,Minnow,626-P
11/3/22,Fukui,1189-R
11/3/22,Minnow,663-P
11/3/22,Fukui,3161-P
11/3/22,Minnow,73-P
11/3/22,Fukui,3078-P
11/3/22,Fukui,3190-P
11/3/22,Minnow,145-P
11/3/22,Fukui,1187-R
11/3/22,Minnow,678-P
11/3/22,Fukui,3157-P
11/3/22,Minnow,188-P
11/3/22,Minnow,174-P
11/3/22,Fukui,3151-P
11/3/22,Minnow,692-P
11/3/22,Fukui,3153-P
11/3/22,Minnow,691-P
11/3/22,Fukui,3173-P
11/3/22,Minnow,177-P
11/3/22,Fukui,1387-G
11/3/22,Fukui,1169-R
11/3/22,Minnow,670-P
11/3/22,Minnow,185-P
11/3/22,Fukui,3103-P
11/3/22,Fukui,3172-P
11/3/22,Minnow,1366-P
11/3/22,Minnow,130-P
11/3/22,Fukui,3194-P
11/3/22,Shrimp,3090-P
11/3/22,Shrimp,3101-P
11/4/22,Minnow,169-P
11/4/22,Fukui,3079-P
11/4/22,Minnow,626-P
11/4/22,Fukui,1189-R
11/4/22,Minnow,663-P
11/4/22,Fukui,3161-P
11/4/22,Minnow,73-P
11/4/22,Fukui,3078-P
11/4/22,Fukui,3190-P
11/4/22,Minnow,145-P
11/4/22,Fukui,1187-R
11/4/22,Minnow,678-P
11/4/22,Fukui,3157-P
11/4/22,Minnow,188-P
11/4/22,Minnow,174-P
11/4/22,Fukui,3151-P
11/4/22,Minnow,692-P
11/4/22,Fukui,3153-P
11/4/22,Minnow,691-P
11/4/22,Fukui,3173-P
11/4/22,Minnow,177-P
11/4/22,Fukui,1387-G
11/4/22,Fukui,1169-R
11/4/22,Minnow,670-P
11/4/22,Minnow,185-P
11/4/22,Fukui,3103-P
11/4/22,Fukui,3172-P
11/4/22,Minnow,1366-P
11/4/22,Minnow,130-P
11/4/22,Fukui,3194-P
11/4/22,Shrimp,3090-P
11/4/22,Shrimp,3101-P
11/3/22,Minnow,1378-P
11/3/22,Minnow,658-P
11/3/22,Minnow,1367-P
11/3/22,Minnow,1368-P
11/3/22,Minnow,29-P
11/3/22,Minnow,668-P
11/3/22,Minnow,662-P
11/3/22,Minnow,643-P
11/3/22,Minnow,166-P
11/3/22,Minnow,684-P
11/3/22,Minnow,74-P
11/3/22,Minnow,189-P
11/3/22,Minnow,564-P
11/3/22,Minnow,180-P
11/3/22,Minnow,158-P
11/3/22,Shrimp,3192-P
11/3/22,Shrimp,1157-R
11/3/22,Shrimp,1379-P
11/4/22,Minnow,1367-P
11/4/22,Minnow,29-P
11/4/22,Minnow,668-P
11/4/22,Minnow,1368-P
11/4/22,Minnow,1378-P
11/4/22,Minnow,658-P
11/4/22,Minnow,662-P
11/4/22,Minnow,643-P
11/4/22,Minnow,684-P
11/4/22,Minnow,166-P
11/4/22,Minnow,74-P
11/4/22,Minnow,189-P
11/4/22,Minnow,564-P
11/4/22,Minnow,180-P
11/4/22,Minnow,158-P
11/4/22,Shrimp,3192-P
11/4/22,Shrimp,1157-R
11/4/22,Shrimp,1379-P
4/25/23,Fukui,172-Y
4/25/23,Minnow,643-P
4/25/23,Fukui,1141-B
4/25/23,Minnow,1381-P
4/25/23,Fukui,111-Y
4/25/23,Minnow,128-P
4/25/23,Fukui,62-P
4/25/23,Minnow,692-P
4/25/23,Fukui,1197-Y
4/25/23,Minnow,30-P
4/25/23,Fukui,1139-B
4/25/23,Minnow,185-P
4/25/23,Fukui,102-Y
4/25/23,Minnow,29-P
4/25/23,Fukui,23-P
4/25/23,Minnow,1383-P
4/25/23,Fukui,609-P
4/25/23,Minnow,691-P
4/25/23,Fukui,1173-P
4/25/23,Minnow,1382-P
4/25/23,Fukui,116-Y
4/25/23,Minnow,1396-P
4/25/23,Fukui,1144-B
4/25/23,Minnow,682-P
4/25/23,Fukui,117-Y
4/25/23,Minnow,115-P
4/25/23,Fukui,1108-Y
4/25/23,Minnow,626-P
4/25/23,Fukui,603-P
4/25/23,Minnow,No Tag
4/26/23,Fukui,172-Y
4/26/23,Minnow,643-P
4/26/23,Fukui,1141-B
4/26/23,Minnow,1381-P
4/26/23,Fukui,111-Y
4/26/23,Minnow,128-P
4/26/23,Fukui,62-P
4/26/23,Minnow,692-P
4/26/23,Fukui,1197-Y
4/26/23,Minnow,30-P
4/26/23,Fukui,1139-B
4/26/23,Minnow,185-P
4/26/23,Fukui,102-Y
4/26/23,Minnow,29-P
4/26/23,Fukui,23-P
4/26/23,Minnow,1383-P
4/26/23,Fukui,609-P
4/26/23,Minnow,691-P
4/26/23,Fukui,1173-P
4/26/23,Minnow,1382-P
4/26/23,Fukui,116-Y
4/26/23,Minnow,1396-P
4/26/23,Fukui,1144-B
4/26/23,Minnow,682-P
4/26/23,Fukui,117-Y
4/26/23,Minnow,115-P
4/26/23,Fukui,1108-Y
4/26/23,Minnow,626-P
4/26/23,Fukui,603-P
4/26/23,Minnow,No Tag
4/25/23,Shrimp,2457
4/25/23,Shrimp,2484
4/26/23,Shrimp,2457
4/26/23,Shrimp,2484
4/27/23,Shrimp,2457
4/27/23,Shrimp,2484
4/25/23,Minnow,163-P
4/25/23,Fukui,1139-Y
4/25/23,Minnow,174-P
4/25/23,Fukui,1135-B
4/25/23,Minnow,1390-P
4/25/23,Fukui,1126-B
4/25/23,Minnow,1398-P
4/25/23,Fukui,1129-B
4/25/23,Minnow,132-P
4/25/23,Fukui,128-Y
4/25/23,Minnow,169-P
4/25/23,Fukui,1167-Y
4/25/23,Minnow,150-P
4/25/23,Fukui,1192-Y
4/25/23,Minnow,170-P
4/25/23,Fukui,127-Y
4/25/23,Minnow,70-P
4/25/23,Fukui,21-P
4/25/23,Minnow,65-P
4/25/23,Fukui,1122-B
4/25/23,Minnow,183-P
4/25/23,Fukui,638-P
4/25/23,Minnow,1394-P
4/25/23,Fukui,1128-B
4/25/23,Minnow,670-P
4/25/23,Fukui,1132-B
4/25/23,Minnow,145-P
4/25/23,Fukui,1174-Y
4/25/23,Minnow,585-P
4/25/23,Fukui,1176-Y
4/26/23,Minnow,163-P
4/26/23,Fukui,1139-Y
4/26/23,Minnow,174-P
4/26/23,Fukui,1135-B
4/26/23,Minnow,1390-P
4/26/23,Fukui,1126-B
4/26/23,Minnow,1398-P
4/26/23,Fukui,1129-B
4/26/23,Minnow,132-P
4/26/23,Fukui,128-Y
4/26/23,Minnow,169-P
4/26/23,Fukui,1167-Y
4/26/23,Minnow,150-P
4/26/23,Fukui,1192-Y
4/26/23,Minnow,170-P
4/26/23,Fukui,127-Y
4/26/23,Minnow,70-P
4/26/23,Fukui,21-P
4/26/23,Minnow,65-P
4/26/23,Fukui,1122-B
4/26/23,Minnow,183-P
4/26/23,Fukui,638-P
4/26/23,Minnow,1394-P
4/26/23,Fukui,1128-B
4/26/23,Minnow,670-P
4/26/23,Fukui,1132-B
4/26/23,Minnow,145-P
4/26/23,Fukui,1174-Y
4/26/23,Minnow,585-P
4/26/23,Fukui,1176-Y
4/25/23,Shrimp,2487
4/25/23,Shrimp,1828
4/26/23,Shrimp,2487
4/26/23,Shrimp,1828
4/27/23,Shrimp,2487
4/27/23,Shrimp,1828
4/25/23,Minnow,131-P
4/25/23,Fukui,3103-P
4/25/23,Minnow,1387
4/25/23,Fukui,3190-P
4/25/23,Minnow,684-P
4/25/23,Fukui,1393-G
4/25/23,Minnow,658-P
4/25/23,Fukui,3078-P
4/25/23,Fukui,3194-P
4/25/23,Minnow,662-P
4/25/23,Fukui,1387-G
4/25/23,Minnow,130-P
4/25/23,Fukui,3161-P
4/25/23,Minnow,175-P
4/25/23,Minnow,74-P
4/25/23,Fukui,505-G
4/25/23,Minnow,564-P
4/25/23,Fukui,3173-P
4/25/23,Minnow,189-P
4/25/23,Fukui,1169-R
4/25/23,Minnow,678-P
4/25/23,Fukui,1398-G
4/25/23,Fukui,1367-P
4/25/23,Minnow,3114-P
4/25/23,Minnow,1396-G
4/25/23,Fukui,180-P
4/25/23,Fukui,1368-P
4/25/23,Minnow,3079-P
4/25/23,Minnow,1374-P
4/25/23,Fukui,166-P
4/26/23,Minnow,131-P
4/26/23,Fukui,3103-P
4/26/23,Minnow,1387
4/26/23,Fukui,3190-P
4/26/23,Minnow,684-P
4/26/23,Fukui,1393-G
4/26/23,Minnow,658-P
4/26/23,Fukui,3078-P
4/26/23,Fukui,3194-P
4/26/23,Minnow,662-P
4/26/23,Fukui,1387-G
4/26/23,Minnow,130-P
4/26/23,Fukui,3161-P
4/26/23,Minnow,175-P
4/26/23,Minnow,74-P
4/26/23,Fukui,505-G
4/26/23,Minnow,564-P
4/26/23,Fukui,3173-P
4/26/23,Minnow,189-P
4/26/23,Fukui,1169-R
4/26/23,Minnow,678-P
4/26/23,Fukui,1398-G
4/26/23,Fukui,1367-P
4/26/23,Minnow,3114-P
4/26/23,Minnow,1396-G
4/26/23,Fukui,180-P
4/26/23,Fukui,1368-P
4/26/23,Minnow,3079-P
4/26/23,Minnow,1374-P
4/26/23,Fukui,166-P
4/27/23,Minnow,131-P
4/27/23,Fukui,3103-P
4/27/23,Minnow,1387
4/27/23,Fukui,3190-P
4/27/23,Minnow,684-P
4/27/23,Fukui,1393-G
4/27/23,Minnow,658-P
4/27/23,Fukui,3078-P
4/27/23,Fukui,3194-P
4/27/23,Minnow,662-P
4/27/23,Fukui,1387-G
4/27/23,Minnow,130-P
4/27/23,Fukui,3161-P
4/27/23,Minnow,175-P
4/27/23,Minnow,74-P
4/27/23,Fukui,505-G
4/27/23,Minnow,564-P
4/27/23,Fukui,3173-P
4/27/23,Minnow,189-P
4/27/23,Fukui,1169-R
4/27/23,Minnow,678-P
4/27/23,Fukui,1398-G
4/27/23,Fukui,1367-P
4/27/23,Minnow,3114-P
4/27/23,Minnow,1396-G
4/27/23,Fukui,180-P
4/27/23,Fukui,1368-P
4/27/23,Minnow,3079-P
4/27/23,Minnow,1374-P
4/27/23,Fukui,166-P
4/28/23,Minnow,131-P
4/28/23,Fukui,3103-P
4/28/23,Minnow,1387
4/28/23,Fukui,3190-P
4/28/23,Minnow,684-P
4/28/23,Fukui,1393-G
4/28/23,Minnow,658-P
4/28/23,Fukui,3078-P
4/28/23,Fukui,3194-P
4/28/23,Minnow,662-P
4/28/23,Fukui,1387-G
4/28/23,Minnow,130-P
4/28/23,Fukui,3161-P
4/28/23,Minnow,175-P
4/28/23,Minnow,74-P
4/28/23,Fukui,505-G
4/28/23,Minnow,564-P
4/28/23,Fukui,3173-P
4/28/23,Minnow,189-P
4/28/23,Fukui,1169-R
4/28/23,Minnow,678-P
4/28/23,Fukui,1398-G
4/28/23,Fukui,1367-P
4/28/23,Minnow,3114-P
4/28/23,Minnow,1396-G
4/28/23,Fukui,180-P
4/28/23,Fukui,1368-P
4/28/23,Minnow,3079-P
4/28/23,Minnow,1374-P
4/28/23,Fukui,166-P
4/25/23,Shrimp,821
4/25/23,Shrimp,2486
4/26/23,Shrimp,821
4/26/23,Shrimp,2486
4/27/23,Shrimp,821
4/27/23,Shrimp,2486
4/28/23,Shrimp,821
4/28/23,Shrimp,2486
4/27/23,Minnow,632-P
4/27/23,Fukui,581-P
4/27/23,Minnow,64-P
4/27/23,Fukui,1179-Y
4/27/23,Minnow,36-P
4/27/23,Fukui,1121-B
4/27/23,Shrimp,2076
4/27/23,Minnow,1366-P
4/27/23,Fukui,1198-R
4/27/23,Minnow,73-P
4/27/23,Minnow,188-P
4/27/23,Fukui,1187-R
4/27/23,Fukui,3149-P
4/27/23,Minnow,138-P
4/27/23,Fukui,3088-P
4/27/23,Minnow,1378-P
4/27/23,Minnow,663-P
4/27/23,Fukui,3158-P
4/27/23,Shrimp,2468
4/27/23,Fukui,20-P
4/27/23,Minnow,85-P
4/27/23,Fukui,1200-Y
4/28/23,Minnow,632-P
4/28/23,Fukui,581-P
4/28/23,Minnow,64-P
4/28/23,Fukui,1179-Y
4/28/23,Minnow,36-P
4/28/23,Fukui,1121-B
4/28/23,Shrimp,2076
4/28/23,Minnow,1366-P
4/28/23,Fukui,1198-R
4/28/23,Minnow,73-P
4/28/23,Minnow,188-P
4/28/23,Fukui,1187-R
4/28/23,Fukui,3149-P
4/28/23,Minnow,138-P
4/28/23,Fukui,3088-P
4/28/23,Minnow,1378-P
4/28/23,Minnow,663-P
4/28/23,Fukui,3158-P
4/28/23,Shrimp,2468
4/28/23,Fukui,20-P
4/28/23,Minnow,85-P
4/28/23,Fukui,1200-Y
5/9/23,Minnow,1378-P
5/9/23,Fukui,116-Y
5/9/23,Minnow,678-P
5/9/23,Fukui,1198-Y
5/9/23,Minnow,684-P
5/9/23,Fukui,1129-B
5/9/23,Minnow,180-P
5/9/23,Fukui,21-P
5/9/23,Minnow,189-P
5/9/23,Fukui,1141-B
5/9/23,Minnow,662-P
5/9/23,Fukui,172-Y
5/9/23,Minnow,658-P
5/9/23,Fukui,1126-B
5/9/23,Minnow,1387-P
5/9/23,Fukui,102-Y
5/9/23,Minnow,73-P
5/9/23,Fukui,1139-Y
5/9/23,Minnow,74-P
5/9/23,Fukui,1108-Y
5/9/23,Minnow,1367-P
5/9/23,Fukui,1132-B
5/9/23,Minnow,138-P
5/9/23,Fukui,3158-P
5/9/23,Minnow,1366-P
5/9/23,Fukui,127-Y
5/9/23,Minnow,64-P
5/9/23,Fukui,23-P
5/9/23,Minnow,188-P
5/9/23,Fukui,1139-B
5/10/23,Minnow,1378-P
5/10/23,Fukui,116-Y
5/10/23,Minnow,678-P
5/10/23,Fukui,1198-Y
5/10/23,Minnow,684-P
5/10/23,Fukui,1129-B
5/10/23,Minnow,180-P
5/10/23,Fukui,21-P
5/10/23,Minnow,189-P
5/10/23,Fukui,1141-B
5/10/23,Minnow,662-P
5/10/23,Fukui,172-Y
5/10/23,Minnow,658-P
5/10/23,Fukui,1126-B
5/10/23,Minnow,1387-P
5/10/23,Fukui,102-Y
5/10/23,Minnow,73-P
5/10/23,Fukui,1139-Y
5/10/23,Minnow,74-P
5/10/23,Fukui,1108-Y
5/10/23,Minnow,1367-P
5/10/23,Fukui,1132-B
5/10/23,Minnow,138-P
5/10/23,Fukui,3158-P
5/10/23,Minnow,1366-P
5/10/23,Fukui,127-Y
5/10/23,Minnow,64-P
5/10/23,Fukui,23-P
5/10/23,Minnow,188-P
5/10/23,Fukui,1139-B
5/11/23,Minnow,1378-P
5/11/23,Fukui,116-Y
5/11/23,Minnow,678-P
5/11/23,Fukui,1198-Y
5/11/23,Minnow,684-P
5/11/23,Fukui,1129-B
5/11/23,Minnow,180-P
5/11/23,Fukui,21-P
5/11/23,Minnow,189-P
5/11/23,Fukui,1141-B
5/11/23,Minnow,662-P
5/11/23,Fukui,172-Y
5/11/23,Minnow,658-P
5/11/23,Fukui,1126-B
5/11/23,Minnow,1387-P
5/11/23,Fukui,102-Y
5/11/23,Minnow,73-P
5/11/23,Fukui,1139-Y
5/11/23,Minnow,74-P
5/11/23,Fukui,1108-Y
5/11/23,Minnow,1367-P
5/11/23,Fukui,1132-B
5/11/23,Minnow,138-P
5/11/23,Fukui,3158-P
5/11/23,Minnow,1366-P
5/11/23,Fukui,127-Y
5/11/23,Minnow,64-P
5/11/23,Fukui,23-P
5/11/23,Minnow,188-P
5/11/23,Fukui,1139-B
5/9/23,Shrimp,2486
5/9/23,Shrimp,2457
5/10/23,Shrimp,2486
5/10/23,Shrimp,2457
5/11/23,Shrimp,2486
5/11/23,Shrimp,2457
5/9/23,Minnow,564-P
5/9/23,Fukui,1387-G
5/9/23,Minnow,166-P
5/9/23,Fukui,3194-P
5/9/23,Minnow,663-P
5/9/23,Fukui,3078-P
5/9/23,Minnow,160-Y
5/9/23,Fukui,1374-P
5/9/23,Minnow,1398-P
5/9/23,Fukui,1398
5/9/23,Minnow,585-P
5/9/23,Fukui,3088-P
5/9/23,Minnow,85-P
5/9/23,Fukui,1393
5/9/23,Minnow,175-P
5/9/23,Fukui,3114-P
5/9/23,Minnow,130-P
5/9/23,Fukui,505
5/9/23,Minnow,1396-P
5/9/23,Fukui,3173-P
5/9/23,Minnow,692-P
5/9/23,Fukui,20-P
5/9/23,Minnow,155-P
5/9/23,Fukui,1179-Y
5/9/23,Minnow,626-P
5/9/23,Fukui,5811-P
5/9/23,Minnow,1381-P
5/9/23,Fukui,3079-P
5/9/23,Minnow,682-P
5/9/23,Fukui,117-Y
5/9/23,Minnow,668-P
5/9/23,Fukui,1167-Y
5/9/23,Minnow,177-P
5/9/23,Fukui,1121-B
5/9/23,Minnow,146-P
5/9/23,Fukui,1135-B
5/9/23,Minnow,630-P
5/9/23,Fukui,62-P
5/9/23,Minnow,674-P
5/9/23,Fukui,1174-Y
5/9/23,Minnow,643-P
5/9/23,Fukui,120-Y
5/9/23,Minnow,128-P
5/9/23,Fukui,3161-P
5/9/23,Minnow,1382-P
5/9/23,Fukui,1169-R
5/9/23,Minnow,30-P
5/9/23,Fukui,128-Y
5/10/23,Minnow,1396-P
5/10/23,Fukui,3173-P
5/10/23,Minnow,692-P
5/10/23,Fukui,20-P
5/10/23,Minnow,155-P
5/10/23,Fukui,1179-Y
5/10/23,Minnow,626-P
5/10/23,Fukui,5811-P
5/10/23,Minnow,1381-P
5/10/23,Fukui,3079-P
5/10/23,Minnow,682-P
5/10/23,Fukui,117-Y
5/10/23,Minnow,668-P
5/10/23,Fukui,1167-Y
5/10/23,Minnow,177-P
5/10/23,Fukui,1121-B
5/10/23,Minnow,146-P
5/10/23,Fukui,1135-B
5/10/23,Minnow,630-P
5/10/23,Fukui,62-P
5/10/23,Minnow,674-P
5/10/23,Fukui,1174-Y
5/10/23,Minnow,643-P
5/10/23,Fukui,120-Y
5/10/23,Minnow,128-P
5/11/23,Fukui,3161-P
5/11/23,Minnow,1382-P
5/11/23,Fukui,1169-R
5/11/23,Minnow,30-P
5/11/23,Fukui,128-Y
5/11/23,Minnow,1396-P
5/11/23,Fukui,3173-P
5/11/23,Minnow,692-P
5/11/23,Fukui,20-P
5/11/23,Minnow,155-P
5/11/23,Fukui,1179-Y
5/11/23,Minnow,626-P
5/11/23,Fukui,5811-P
5/11/23,Minnow,1381-P
5/11/23,Fukui,3079-P
5/11/23,Minnow,682-P
5/11/23,Fukui,117-Y
5/11/23,Minnow,668-P
5/11/23,Fukui,1167-Y
5/11/23,Minnow,177-P
5/11/23,Fukui,1121-B
5/11/23,Minnow,146-P
5/11/23,Fukui,1135-B
5/11/23,Minnow,630-P
5/11/23,Fukui,62-P
5/11/23,Minnow,674-P
5/11/23,Fukui,1174-Y
5/11/23,Minnow,643-P
5/11/23,Fukui,120-Y
5/11/23,Minnow,128-P
5/11/23,Fukui,3161-P
5/11/23,Minnow,1382-P
5/11/23,Fukui,1169-R
5/11/23,Minnow,30-P
5/11/23,Fukui,128-Y
5/9/23,Shrimp,2487
5/9/23,Shrimp,2468
5/10/23,Shrimp,2487
5/10/23,Shrimp,2468
5/10/23,Shrimp,821
5/10/23,Shrimp,1828
5/11/23,Shrimp,2487
5/11/23,Shrimp,2468
5/11/23,Shrimp,821
5/11/23,Shrimp,1828
5/12/23,Shrimp,2487
5/12/23,Shrimp,2468
5/12/23,Shrimp,821
5/12/23,Shrimp,1828
5/12/23,Shrimp,2457
5/12/23,Shrimp,2486
5/10/23,Minnow,65-P
5/10/23,Fukui,3157-P
5/10/23,Minnow,150-P
5/10/23,Fukui,3172-P
5/10/23,Minnow,670-P
5/10/23,Fukui,111-Y
5/10/23,Minnow,691-P
5/10/23,Fukui,609-P
5/10/23,Fukui,1197-Y
5/10/23,Minnow,70-P
5/10/23,Fukui,1144-B
5/10/23,Minnow,170-P
5/10/23,Fukui,1128-B
5/10/23,Minnow,132-P
5/10/23,Fukui,603-P
5/10/23,Minnow,185-P
5/10/23,Minnow,1383-P
5/10/23,Fukui,3153-P
5/10/23,Minnow,145-P
5/10/23,Fukui,1189-Y
5/10/23,Minnow,163-P
5/10/23,Fukui,3151-P
5/10/23,Fukui,174-P
5/10/23,Minnow,1386
5/10/23,Minnow,907
5/10/23,Fukui,1390-P
5/10/23,Fukui,29-P
5/10/23,Minnow,1122-B
5/10/23,Minnow,992
5/10/23,Fukui,169-P
5/11/23,Minnow,65-P
5/11/23,Fukui,3157-P
5/11/23,Minnow,150-P
5/11/23,Fukui,3172-P
5/11/23,Minnow,670-P
5/11/23,Fukui,111-Y
5/11/23,Minnow,691-P
5/11/23,Fukui,609-P
5/11/23,Fukui,1197-Y
5/11/23,Minnow,70-P
5/11/23,Fukui,1144-B
5/11/23,Minnow,170-P
5/11/23,Fukui,1128-B
5/11/23,Minnow,132-P
5/11/23,Fukui,603-P
5/11/23,Minnow,185-P
5/11/23,Minnow,1383-P
5/11/23,Fukui,3153-P
5/11/23,Minnow,145-P
5/11/23,Fukui,1189-Y
5/11/23,Minnow,163-P
5/11/23,Fukui,3151-P
5/11/23,Fukui,174-P
5/11/23,Minnow,1386
5/11/23,Minnow,907
5/11/23,Fukui,1390-P
5/11/23,Fukui,29-P
5/11/23,Minnow,1122-B
5/11/23,Minnow,992
5/11/23,Fukui,169-P
5/12/23,Minnow,65-P
5/12/23,Fukui,3157-P
5/12/23,Minnow,150-P
5/12/23,Fukui,3172-P
5/12/23,Minnow,670
5/12/23,Fukui,111-Y
5/12/23,Minnow,691-P
5/12/23,Fukui,609-P
5/12/23,Fukui,1197-Y
5/12/23,Minnow,70-P
5/12/23,Fukui,1144-B
5/12/23,Minnow,170-P
5/12/23,Fukui,1128-B
5/12/23,Minnow,132-P
5/12/23,Fukui,603-P
5/12/23,Minnow,185-P
5/12/23,Minnow,1383-P
5/12/23,Fukui,3153-P
5/12/23,Minnow,145-P
5/12/23,Fukui,1189-Y
5/12/23,Minnow,163
5/12/23,Fukui,3151-P
5/12/23,Fukui,174-P
5/12/23,Minnow,1386
5/12/23,Minnow,907
5/12/23,Fukui,1390-P
5/12/23,Fukui,29-P
5/12/23,Minnow,1122-B
5/12/23,Minnow,992
5/12/23,Fukui,169-P
5/10/23,Shrimp,2076
5/10/23,Shrimp,2484
5/11/23,Shrimp,2076
5/11/23,Shrimp,2484
5/12/23,Shrimp,2076
5/12/23,Shrimp,2484
5/9/23,Minnow,131-P
5/9/23,Fukui,1173-Y
5/9/23,Minnow,632-P
5/9/23,Fukui,1176-Y
5/9/23,Minnow,36-P
5/9/23,Fukui,638-P
5/9/23,Minnow,3192-P
5/9/23,Fukui,1396
5/9/23,Minnow,309-P
5/9/23,Fukui,3103-P
5/9/23,Minnow,3085-P
5/9/23,Fukui,4139-P
5/9/23,Minnow,1368-P
5/9/23,Fukui,1198-R
5/9/23,Minnow,192-P
5/9/23,Fukui,3190-P
5/9/23,Minnow,158-P
5/9/23,Fukui,1187-R
5/19/23,Shrimp,2468
5/19/23,Shrimp,821
5/18/23,Fukui,3151-P
5/18/23,Minnow,170-P
5/18/23,Fukui,3172
5/18/23,Minnow,163
5/18/23,Minnow,132-P
5/18/23,Fukui,3149-P
5/18/23,Minnow,145-P
5/18/23,Fukui,1189-R
5/18/23,Fukui,3153-P
5/18/23,Minnow,1383-P
5/18/23,Shrimp,2076
5/19/23,Fukui,3151-P
5/19/23,Minnow,170-P
5/19/23,Fukui,3172
5/19/23,Minnow,163
5/19/23,Minnow,132-P
5/19/23,Fukui,3149-P
5/19/23,Minnow,145-P
5/19/23,Fukui,1189-R
5/19/23,Fukui,3153-P
5/19/23,Minnow,1383-P
5/19/23,Shrimp,2076
5/18/23,Minnow,1387-P
5/18/23,Fukui,1398
5/18/23,Minnow,174-R
5/18/23,Fukui,1387-G
5/18/23,Minnow,1378-P
5/18/23,Fukui,3157-P
5/18/23,Minnow,70-P
5/18/23,Fukui,3114-P
5/18/23,Minnow,643-P
5/18/23,Fukui,505
5/18/23,Shrimp,2487
5/18/23,Shrimp,2457
5/19/23,Minnow,1387-P
5/19/23,Fukui,1398
5/19/23,Minnow,174-R
5/19/23,Fukui,1387-G
5/19/23,Minnow,1378-P
5/19/23,Fukui,3157-P
5/19/23,Minnow,70-P
5/19/23,Fukui,3114-P
5/19/23,Minnow,643-P
5/19/23,Fukui,505
5/19/23,Shrimp,2487
5/19/23,Shrimp,2457
5/23/23,Minnow,163-P
5/23/23,Fukui,117-Y
5/23/23,Minnow,132-P
5/23/23,Fukui,1144-B
5/23/23,Minnow,678-P
5/23/23,Fukui,609-P
5/23/23,Minnow,3085-P
5/23/23,Fukui,111-Y
5/23/23,Minnow,145-P
5/23/23,Fukui,172-Y
5/23/23,Minnow,668-P
5/23/23,Fukui,638-P
5/23/23,Minnow,643-P
5/23/23,Fukui,1197-Y
5/23/23,Minnow,1387-P
5/23/23,Fukui,571-P
5/23/23,Minnow,130-P
5/23/23,Fukui,1122-B
5/23/23,Minnow,146-P
5/23/23,Fukui,1128-B
5/23/23,Minnow,1378-P
5/23/23,Fukui,1139-Y
5/23/23,Minnow,174-P
5/23/23,Fukui,1176-Y
5/23/23,Minnow,70-P
5/23/23,Fukui,1126-B
5/23/23,Minnow,1383-P
5/23/23,Fukui,603-P
5/23/23,Minnow,170-P
5/23/23,Fukui,127-Y
5/24/23,Minnow,163-P
5/24/23,Fukui,117-Y
5/24/23,Minnow,132-P
5/24/23,Fukui,1144-B
5/24/23,Minnow,678-P
5/24/23,Fukui,609-P
5/24/23,Minnow,3085-P
5/24/23,Fukui,111-Y
5/24/23,Minnow,145-P
5/24/23,Fukui,172-Y
5/24/23,Minnow,668-P
5/24/23,Fukui,638-P
5/24/23,Minnow,643-P
5/24/23,Fukui,1197-Y
5/24/23,Minnow,1387-P
5/24/23,Fukui,571-P
5/24/23,Minnow,130-P
5/24/23,Fukui,1122-B
5/24/23,Minnow,146-P
5/24/23,Fukui,1128-B
5/24/23,Minnow,1378-P
5/24/23,Fukui,1139-Y
5/24/23,Minnow,174-P
5/24/23,Fukui,1176-Y
5/24/23,Minnow,70-P
5/24/23,Fukui,1126-B
5/24/23,Minnow,1383-P
5/24/23,Fukui,603-P
5/24/23,Minnow,170-P
5/24/23,Fukui,127-Y
5/25/23,Minnow,163-P
5/25/23,Fukui,117-Y
5/25/23,Minnow,132-P
5/25/23,Fukui,1144-B
5/25/23,Minnow,678-P
5/25/23,Fukui,609-P
5/25/23,Minnow,3085-P
5/25/23,Fukui,111-Y
5/25/23,Minnow,145-P
5/25/23,Fukui,172-Y
5/25/23,Minnow,668-P
5/25/23,Fukui,638-P
5/25/23,Minnow,643-P
5/25/23,Fukui,1197-Y
5/25/23,Minnow,1387-P
5/25/23,Fukui,571-P
5/25/23,Minnow,130-P
5/25/23,Fukui,1122-B
5/25/23,Minnow,146-P
5/25/23,Fukui,1128-B
5/25/23,Minnow,1378-P
5/25/23,Fukui,1139-Y
5/25/23,Minnow,174-P
5/25/23,Fukui,1176-Y
5/25/23,Minnow,70-P
5/25/23,Fukui,1126-B
5/25/23,Minnow,1383-P
5/25/23,Fukui,603-P
5/25/23,Minnow,170-P
5/25/23,Fukui,127-Y
5/23/23,Shrimp,2457
5/23/23,Shrimp,2484
5/24/23,Shrimp,2457
5/24/23,Shrimp,2484
5/24/23,Shrimp,1758
5/24/23,Shrimp,1886
5/24/23,Shrimp,1828
5/24/23,Shrimp,2076
5/25/23,Shrimp,2457
5/25/23,Shrimp,2484
5/25/23,Shrimp,1758
5/25/23,Shrimp,1886
5/25/23,Shrimp,1828
5/25/23,Shrimp,2076
5/25/23,Minnow,682-P
5/25/23,Fukui,3153-P
5/25/23,Minnow,128-P
5/25/23,Fukui,3151-P
5/25/23,Minnow,189-P
5/25/23,Fukui,3158-P
5/25/23,Minnow,177-P
5/25/23,Fukui,3103-P
5/25/23,Fukui,3149-P
5/25/23,Minnow,175-P
5/25/23,Fukui,1387-G
5/25/23,Minnow,1396-P
5/25/23,Fukui,3172-P
5/25/23,Minnow,658-P
5/25/23,Minnow,188-P
5/25/23,Fukui,1398-G
5/25/23,Minnow,684-P
5/25/23,Fukui,3078-P
5/25/23,Minnow,1394-P
5/25/23,Fukui,1198-Y
5/25/23,Fukui,674-P
5/25/23,Minnow,3157-P
5/25/23,Minnow,3088-P
5/25/23,Fukui,1366-P
5/25/23,Fukui,180-P
5/25/23,Minnow,3190-P
5/25/23,Minnow,1187-R
5/25/23,Fukui,73-P
5/25/23,Minnow,1382-P
5/25/23,Fukui,3114-P
5/26/23,Minnow,682-P
5/26/23,Fukui,3153-P
5/26/23,Minnow,128-P
5/26/23,Fukui,3151-P
5/26/23,Minnow,189-P
5/26/23,Fukui,3158-P
5/26/23,Minnow,177-P
5/26/23,Fukui,3103-P
5/26/23,Fukui,3149-P
5/26/23,Minnow,175-P
5/26/23,Fukui,1387-G
5/26/23,Minnow,1396-P
5/26/23,Fukui,3172-P
5/26/23,Minnow,658-P
5/26/23,Minnow,188-P
5/26/23,Fukui,1398-G
5/26/23,Minnow,684-P
5/26/23,Fukui,3078-P
5/26/23,Minnow,1394-P
5/26/23,Fukui,1198-Y
5/26/23,Fukui,674-P
5/26/23,Minnow,3157-P
5/26/23,Minnow,3088-P
5/26/23,Fukui,1366-P
5/26/23,Fukui,180-P
5/26/23,Minnow,3190-P
5/26/23,Minnow,1187-R
5/26/23,Fukui,73-P
5/26/23,Minnow,1382-P
5/26/23,Fukui,3114-P
5/25/23,Shrimp,2432
5/25/23,Shrimp,No tag
5/26/23,Shrimp,2432
5/23/23,Minnow,626-P
5/23/23,Fukui,1173-Y
5/23/23,Minnow,692-P
5/23/23,Fukui,1200-Y
5/23/23,Minnow,192-P
5/23/23,Fukui,62-P
5/23/23,Minnow,158-P
5/23/23,Fukui,21-P
5/23/23,Minnow,630-P
5/23/23,Fukui,1132-B
5/24/23,Minnow,626-P
5/24/23,Fukui,1173-Y
5/24/23,Minnow,692-P
5/24/23,Fukui,1200-Y
5/24/23,Minnow,192-P
5/24/23,Fukui,62-P
5/24/23,Minnow,158-P
5/24/23,Fukui,21-P
5/24/23,Minnow,630-P
5/24/23,Fukui,1132-B
5/23/23,Shrimp,2466
5/23/23,Shrimp,2468
5/23/23,Shrimp,2450
5/23/23,Shrimp,2486
5/24/23,Shrimp,2466
5/24/23,Shrimp,2468
5/24/23,Shrimp,2450
5/24/23,Shrimp,2486
5/25/23,Shrimp,2468
5/25/23,Shrimp,2450
5/25/23,Shrimp,2486
5/25/23,Shrimp,2466
5/23/23,Shrimp,821
5/23/23,Shrimp,2487
5/23/23,Shrimp,2321
5/24/23,Shrimp,861
5/24/23,Shrimp,2321
5/25/23,Minnow,670-P
5/25/23,Fukui,505
5/25/23,Minnow,29-P
5/25/23,Fukui,3079-P
5/25/23,Minnow,74-P
5/25/23,Fukui,1189-R
5/25/23,Minnow,663-P
5/25/23,Fukui,23-P
5/25/23,Minnow,85-P
5/25/23,Fukui,3194
5/25/23,Minnow,585-P
5/25/23,Fukui,1167-Y
5/25/23,Minnow,150-P
5/25/23,Shrimp,2458
5/25/23,Minnow,691-P
5/25/23,Minnow,564-P
5/25/23,Fukui,1393
5/25/23,Minnow,65-P
5/25/23,Fukui,1396
5/25/23,Fukui,102-P
5/25/23,Shrimp,2455
5/25/23,Fukui,1374
5/26/23,Minnow,670-P
5/26/23,Fukui,505
5/26/23,Minnow,29-P
5/26/23,Fukui,3079-P
5/26/23,Minnow,74-P
5/26/23,Fukui,1189-R
5/26/23,Minnow,663-P
5/26/23,Fukui,23-P
5/26/23,Minnow,85-P
5/26/23,Fukui,3194
5/26/23,Minnow,585-P
5/26/23,Fukui,1167-Y
5/26/23,Minnow,150-P
5/26/23,Shrimp,2458
5/26/23,Minnow,691-P
5/26/23,Minnow,564-P
5/26/23,Fukui,1393
5/26/23,Minnow,65-P
5/26/23,Fukui,1396
5/26/23,Fukui,102-P
5/26/23,Shrimp,2455
5/26/23,Fukui,1374
6/6/23,Shrimp,2450
6/6/23,Shrimp,1758
6/6/23,Shrimp,2484
6/6/23,Shrimp,2468
6/7/23,Shrimp,2450
6/7/23,Shrimp,1758
6/7/23,Shrimp,2484
6/7/23,Shrimp,2468
6/6/23,Shrimp,2076
6/6/23,Shrimp,1828
6/6/23,Shrimp,821
6/6/23,Shrimp,2457
6/7/23,Shrimp,2076
6/7/23,Shrimp,1828
6/7/23,Shrimp,821
6/7/23,Shrimp,2457
6/6/23,Shrimp,1886
6/6/23,Shrimp,2458
6/6/23,Shrimp,2432
6/6/23,Shrimp,2455
6/6/23,Shrimp,2487
6/7/23,Shrimp,1886
6/7/23,Shrimp,2432
6/7/23,Shrimp,2458
6/7/23,Shrimp,2455
6/7/23,Shrimp,2487
6/21/23,Minnow,160-Y
6/21/23,Fukui,111-Y
6/21/23,Minnow,174-P
6/21/23,Fukui,1128-B
6/21/23,Minnow,146-P
6/21/23,Fukui,3172-P
6/21/23,Minnow,1390-P
6/21/23,Fukui,1187-Y
6/21/23,Minnow,3192-P
6/21/23,Fukui,3079-P
6/21/23,Minnow,166-P
6/21/23,Fukui,1139-Y
6/21/23,Minnow,163-P
6/21/23,Fukui,3157
6/21/23,Minnow,662-P
6/21/23,Fukui,1144-B
6/21/23,Minnow,180-P
6/21/23,Fukui,3151-P
6/21/23,Minnow,70-P
6/21/23,Fukui,1126-B
6/21/23,Minnow,643-P
6/21/23,Fukui,3114-P
6/21/23,Minnow,155-P
6/21/23,Fukui,127-Y
6/21/23,Minnow,183-P
6/21/23,Fukui,1173-Y
6/21/23,Minnow,64-P
6/21/23,Fukui,505
6/21/23,Minnow,3090-P
6/21/23,Fukui,609-P
6/22/23,Minnow,160-Y
6/22/23,Fukui,111-Y
6/22/23,Minnow,174-P
6/22/23,Fukui,1128-B
6/22/23,Minnow,146-P
6/22/23,Fukui,3172-P
6/22/23,Minnow,1390-P
6/22/23,Fukui,1187-Y
6/22/23,Minnow,3192-P
6/22/23,Fukui,3079-P
6/22/23,Minnow,166-P
6/22/23,Fukui,1139-Y
6/22/23,Minnow,163-P
6/22/23,Fukui,3157
6/22/23,Minnow,662-P
6/22/23,Fukui,1144-B
6/22/23,Minnow,180-P
6/22/23,Fukui,3151-P
6/22/23,Minnow,70-P
6/22/23,Fukui,1126-B
6/22/23,Minnow,643-P
6/22/23,Fukui,3114-P
6/22/23,Minnow,155-P
6/22/23,Fukui,127-Y
6/22/23,Minnow,183-P
6/22/23,Fukui,1173-Y
6/22/23,Minnow,64-P
6/22/23,Fukui,505
6/22/23,Minnow,3090-P
6/22/23,Fukui,609-P
6/22/23,Shrimp,821
6/22/23,Shrimp,2468
6/22/23,Shrimp,2457
6/22/23,Shrimp,1828
6/23/23,Shrimp,821
6/23/23,Shrimp,2468
6/23/23,Shrimp,2457
6/23/23,Shrimp,1828
6/21/23,Minnow,145-P
6/21/23,Fukui,1374-P
6/21/23,Minnow,175-P
6/21/23,Fukui,1189-Y
6/21/23,Minnow,663-P
6/21/23,Fukui,1393-G
6/21/23,Minnow,1383-P
6/21/23,Fukui,3078-P
6/21/23,Fukui,1198-Y
6/21/23,Minnow,1398-P
6/21/23,Fukui,1398-G
6/21/23,Minnow,564-P
6/21/23,Fukui,3158-P
6/21/23,Minnow,668-P
6/21/23,Minnow,1378-P
6/21/23,Fukui,102-Y
6/21/23,Minnow,170-P
6/21/23,Fukui,3194-P
6/21/23,Minnow,1368-P
6/21/23,Fukui,3153-P
6/21/23,Fukui,678-P
6/21/23,Minnow,3149-P
6/21/23,Minnow,3190-P
6/21/23,Fukui,130-P
6/21/23,Fukui,132-P
6/21/23,Minnow,3088-P
6/21/23,Minnow,1396-G
6/21/23,Fukui,1387-P
6/21/23,Minnow,74-P
6/21/23,Fukui,3103-P
6/22/23,Minnow,145-P
6/22/23,Fukui,1374-P
6/22/23,Minnow,175-P
6/22/23,Fukui,1189-Y
6/22/23,Minnow,663-P
6/22/23,Fukui,1393-G
6/22/23,Minnow,1383-P
6/22/23,Fukui,3078-P
6/22/23,Fukui,1198-Y
6/22/23,Minnow,1398-P
6/22/23,Fukui,1398-G
6/22/23,Minnow,564-P
6/22/23,Fukui,3158-P
6/22/23,Minnow,668-P
6/22/23,Minnow,1378-P
6/22/23,Fukui,102-Y
6/22/23,Minnow,170-P
6/22/23,Fukui,3194-P
6/22/23,Minnow,1368-P
6/22/23,Fukui,3153-P
6/22/23,Fukui,678-P
6/22/23,Minnow,3149-P
6/22/23,Minnow,3190-P
6/22/23,Fukui,130-P
6/22/23,Fukui,132-P
6/22/23,Minnow,3088-P
6/22/23,Minnow,1396-G
6/22/23,Fukui,1387-P
6/22/23,Minnow,74-P
6/22/23,Fukui,3103-P
6/22/23,Shrimp,2455
6/22/23,Shrimp,2466
6/22/23,Shrimp,2076
6/22/23,Shrimp,2486
6/23/23,Shrimp,2455
6/23/23,Shrimp,2466
6/23/23,Shrimp,2076
6/23/23,Shrimp,2486
6/21/23,Shrimp,2458
6/21/23,Shrimp,2484
6/21/23,Shrimp,1758
6/21/23,Shrimp,2487
6/22/23,Shrimp,2458
6/22/23,Shrimp,2484
6/22/23,Shrimp,1758
6/22/23,Shrimp,2487
6/23/23,Shrimp,2458
6/23/23,Shrimp,2484
6/23/23,Shrimp,1758
6/23/23,Shrimp,2487
7/6/23,Minnow,674p
7/6/23,Shrimp,1758g
7/6/23,Fukui,3114p
7/6/23,Minnow,585p
7/6/23,Fukui,3088p
7/6/23,Minnow,65p
7/6/23,Fukui,1396g
7/6/23,Shrimp,2458g
7/6/23,Fukui,505g
7/6/23,Minnow,682p
7/6/23,Fukui,3194p
7/6/23,Minnow,684p
7/6/23,Fukui,1398g
7/6/23,Minnow,128p
7/6/23,Fukui,1189r
7/6/23,Minnow,85p
7/6/23,Minnow,3085p
7/6/23,Fukui,3151p
7/6/23,Minnow,150p
7/6/23,Fukui,3103p
7/6/23,Minnow,1367p
7/6/23,Fukui,3190p
7/6/23,Minnow,1366p
7/6/23,Fukui,3149p
7/6/23,Fukui,3172p
7/6/23,Minnow,1394p
7/6/23,Fukui,3157p
7/6/23,Minnow,658p
7/6/23,Fukui,3079p
7/6/23,Minnow,691p
7/6/23,Fukui,1187 R
7/6/23,Minnow,189P
7/6/23,Fukui,111y
7/6/23,Minnow,1390p
7/6/23,Fukui,23p
7/6/23,Minnow,29p
7/6/23,Fukui,127y
7/6/23,Minnow,309p
7/6/23,Fukui,638p
7/6/23,Minnow,146p
7/6/23,Fukui,1139y
7/6/23,Minnow,183p
7/6/23,Fukui,102y
7/6/23,Minnow,138p
7/6/23,Fukui,62p
7/6/23,Minnow,632p
7/6/23,Fukui,1139b
7/6/23,Minnow,64p
7/6/23,Fukui,1128b
7/6/23,Minnow,180p
7/6/23,Fukui,1176y
7/6/23,Minnow,160y
7/6/23,Fukui,1173y
7/6/23,Minnow,174p
7/6/23,Shrimp,2076
7/6/23,Fukui,1167y
7/6/23,Shrimp,2486
7/6/23,Minnow,155p
7/6/23,Fukui,172y
7/6/23,Minnow,1381p
7/6/23,Fukui,1144y
7/6/23,Fukui,1197y
7/7/23,Minnow,674p
7/7/23,Shrimp,1758g
7/7/23,Fukui,3088p
7/7/23,Fukui,3114p
7/7/23,Fukui,1396g
7/7/23,Minnow,585p
7/7/23,Minnow,682p
7/7/23,Minnow,65p
7/7/23,Minnow,684p
7/7/23,Fukui,505g
7/7/23,Minnow,128p
7/7/23,Fukui,3194p
7/7/23,Minnow,85p
7/7/23,Fukui,1398g
7/7/23,Minnow,3085p
7/7/23,Fukui,1189r
7/7/23,Fukui,3151p
7/7/23,Fukui,3103p
7/7/23,Minnow,150p
7/7/23,Minnow,1366p
7/7/23,Minnow,1367p
7/7/23,Minnow,1394p
7/7/23,Fukui,3190p
7/7/23,Minnow,658p
7/7/23,Fukui,3149p
7/7/23,Minnow,691p
7/7/23,Fukui,3172p
7/7/23,Fukui,3157p
7/7/23,Minnow,189P
7/7/23,Fukui,3079p
7/7/23,Fukui,1187 R
7/7/23,Shrimp,2458g
7/7/23,Fukui,1173y
7/7/23,Minnow,174p
7/7/23,Shrimp,2076
7/7/23,Fukui,1167y
7/7/23,Shrimp,2486
7/7/23,Minnow,155p
7/7/23,Fukui,172y
7/7/23,Minnow,1381p
7/7/23,Fukui,1144y
7/7/23,Fukui,1197y
7/6/23,Minnow,3192p
7/7/23,Minnow,3192p
7/7/23,Fukui,609p
7/7/23,Minnow,192p
7/7/23,Fukui,581p
7/7/23,Minnow,630p
7/7/23,Shrimp,821g
7/7/23,Fukui,1200y
7/7/23,Minnow,30p
7/7/23,Fukui,1129b
7/7/23,Minnow,692p
7/7/23,Fukui,21p
7/7/23,Minnow,1396p
7/7/23,Shrimp,2468
7/7/23,Fukui,117y
7/7/23,Minnow,188p
7/6/23,Minnow,670p
7/6/23,Fukui,1126
7/6/23,Minnow,185p
7/6/23,Fukui,1122b
7/6/23,Minnow,1382p
7/6/23,Fukui,1132b
7/6/23,Minnow,177p
7/6/23,Fukui,1192y
7/6/23,Fukui,609p
7/6/23,Minnow,192p
7/6/23,Fukui,581p
7/6/23,Minnow,630p
7/6/23,Shrimp,821g
7/6/23,Fukui,1200y
7/6/23,Minnow,30p
7/6/23,Fukui,1129b
7/6/23,Minnow,692p
7/6/23,Fukui,21p
7/6/23,Minnow,1396p
7/6/23,Shrimp,2468
7/6/23,Fukui,117y
7/7/23,Fukui,111y
7/7/23,Minnow,1390p
7/7/23,Fukui,23p
7/7/23,Minnow,29p
7/7/23,Fukui,127y
7/7/23,Minnow,309p
7/7/23,Fukui,638p
7/7/23,Minnow,146p
7/7/23,Fukui,1139y
7/7/23,Minnow,183p
7/7/23,Fukui,102y
7/7/23,Minnow,138p
7/7/23,Fukui,62p
7/7/23,Minnow,632p
7/7/23,Fukui,1139b
7/7/23,Minnow,64p
7/7/23,Fukui,1128b
7/7/23,Minnow,180p
7/7/23,Fukui,1176y
7/7/23,Minnow,160y
7/6/23,Minnow,73p
7/7/23,Minnow,73p
7/7/23,Minnow,670p
7/7/23,Fukui,1126
7/7/23,Minnow,185p
7/7/23,Fukui,1122b
7/7/23,Minnow,1382p
7/7/23,Fukui,1132b
7/7/23,Minnow,177p
7/7/23,Fukui,1192y
7/7/23,Shrimp,2484
7/7/23,Shrimp,2455
8/1/23,Fukui,3149
8/1/23,Minnow,158p
8/1/23,Minnow,626p
8/1/23,Fukui,3194p
8/1/23,Fukui,1187r
8/1/23,Minnow,181p
8/1/23,Fukui,1398g
8/1/23,Minnow,691p
8/1/23,Fukui,505g
8/1/23,Fukui,3079p
8/1/23,Minnow,630p
8/1/23,Fukui,1396g
8/1/23,Minnow,131p
8/1/23,Fukui,3103p
8/1/23,Minnow,65p
8/1/23,Minnow,3090p
8/1/23,Fukui,3151p
8/1/23,Fukui,1189r
8/1/23,Minnow,189p
8/1/23,Fukui,3190p
8/1/23,Minnow,36p
8/1/23,Fukui,3088p
8/1/23,Minnow,73p
8/1/23,Fukui,3172p
8/1/23,Minnow,1367p
8/1/23,Fukui,3114p
8/1/23,Minnow,174p
8/1/23,Fukui,3157p
8/1/23,Minnow,658p
8/1/23,Minnow,180p
8/1/23,Shrimp,2455
8/1/23,Shrimp,348
8/1/23,Shrimp,552
8/1/23,Shrimp ñ other,1830g
8/1/23,Shrimp,1758
8/1/23,Shrimp,2457
8/1/23,Shrimp,2487
8/1/23,Shrimp,2458g
8/1/23,Shrimp ñ other,2321g
8/1/23,Shrimp,2484g
8/1/23,Fukui,581p
8/1/23,Fukui,1144b
8/1/23,Minnow,177p
8/1/23,Minnow,1381p
8/1/23,Fukui,1128b
8/1/23,Minnow,670p
8/1/23,Fukui,1126b
8/1/23,Shrimp ñ other,2445g
8/1/23,Shrimp ñ other,2432g
8/1/23,Minnow,1396p
8/1/23,Fukui,172y
8/1/23,Minnow,185p
8/1/23,Fukui,102y
8/1/23,Minnow,692p
8/1/23,Fukui,1122b
8/1/23,Fukui,1139y
8/1/23,Minnow,30p
8/1/23,Minnow,1382p
8/1/23,Fukui,1139b
8/1/23,Minnow,1390p
8/1/23,Fukui,1192y
8/1/23,Fukui,1176y
8/1/23,Minnow,1188p
8/1/23,Minnow,3192p
8/1/23,Fukui,609p
8/1/23,Minnow,64p
8/1/23,Fukui,62p
8/1/23,Minnow,155p
8/1/23,Fukui,1167y
8/1/23,Minnow,632p
8/1/23,Fukui,1200y
8/1/23,Minnow,192p
8/2/23,Fukui,3149
8/2/23,Minnow,158p
8/2/23,Minnow,626p
8/2/23,Fukui,3194p
8/2/23,Fukui,1187r
8/2/23,Minnow,181p
8/2/23,Fukui,1398g
8/2/23,Minnow,691p
8/2/23,Fukui,505g
8/2/23,Fukui,3079p
8/2/23,Minnow,630p
8/2/23,Fukui,1396g
8/2/23,Minnow,131p
8/2/23,Fukui,3103p
8/2/23,Minnow,65p
8/2/23,Minnow,3090p
8/2/23,Fukui,3151p
8/2/23,Fukui,1189r
8/2/23,Minnow,189p
8/2/23,Fukui,3190p
8/2/23,Minnow,36p
8/2/23,Fukui,3088p
8/2/23,Minnow,73p
8/2/23,Fukui,3172p
8/2/23,Minnow,1367p
8/2/23,Fukui,3114p
8/2/23,Minnow,174p
8/2/23,Fukui,3157p
8/2/23,Minnow,658p
8/2/23,Minnow,180p
8/2/23,Shrimp ñ other,1828
8/2/23,Shrimp,2466
8/2/23,Shrimp,2455
8/2/23,Shrimp,348
8/2/23,Shrimp ñ other,1830g
8/2/23,Shrimp,552
8/2/23,Shrimp,1758
8/2/23,Shrimp,2457
8/2/23,Shrimp,2487
8/2/23,Shrimp,2458g
8/2/23,Shrimp ñ other,2321g
8/2/23,Shrimp,2484g
8/2/23,Fukui,581p
8/2/23,Fukui,1144b
8/2/23,Minnow,177p
8/2/23,Minnow,1381p
8/2/23,Fukui,1128b
8/2/23,Minnow,670p
8/2/23,Fukui,1126b
8/2/23,Minnow,1396p
8/2/23,Shrimp ñ other,2445g
8/2/23,Shrimp ñ other,2432g
8/2/23,Fukui,172y
8/2/23,Minnow,185p
8/2/23,Fukui,102y
8/2/23,Minnow,692p
8/2/23,Fukui,1122b
8/2/23,Fukui,1139y
8/2/23,Minnow,30p
8/2/23,Minnow,1382p
8/2/23,Fukui,1139b
8/2/23,Minnow,1390p
8/2/23,Fukui,1192y
8/2/23,Fukui,1176y
8/2/23,Minnow,1188p
8/2/23,Minnow,3192p
8/2/23,Fukui,609p
8/2/23,Minnow,64p
8/2/23,Fukui,62p
8/2/23,Minnow,155p
8/2/23,Fukui,1167y
8/2/23,Minnow,632p
8/2/23,Fukui,1200y
8/2/23,Minnow,192p
8/3/23,Shrimp ñ other,1828
8/3/23,Shrimp,2466
8/3/23,Minnow,1387p
8/3/23,Minnow,183p
8/3/23,Fukui,1374p
8/3/23,Minnow,1383p
8/3/23,Fukui,21p
8/3/23,Minnow,146p
8/3/23,Fukui,3153
8/3/23,Minnow,1368p
8/3/23,Fukui,3161p
8/3/23,Minnow,160y
8/3/23,Minnow,138p
8/3/23,Shrimp,2458g
8/3/23,Shrimp ñ other,2321g
8/3/23,Shrimp,2484g
8/3/23,Fukui,1169r
8/3/23,Fukui,3158p
8/3/23,Minnow,170p
8/3/23,Fukui,1387g
8/3/23,Minnow,564p
8/3/23,Fukui,117y
8/3/23,Minnow,130p
8/3/23,Minnow,175p
8/3/23,Fukui,1393
8/3/23,Shrimp,1758
8/3/23,Shrimp,2457
8/3/23,Shrimp,2487
8/3/23,Fukui,3173p
8/3/23,Fukui,547
8/3/23,Minnow,1378p
8/3/23,Fukui,3078p
8/3/23,Minnow,29p
8/3/23,Minnow,678p
8/3/23,Fukui,1198r
8/3/23,Minnow,132p
8/3/23,Fukui,1386g
8/3/23,Fukui,581p
8/3/23,Fukui,1144b
8/3/23,Minnow,177p
8/3/23,Minnow,1381p
8/3/23,Fukui,1128b
8/3/23,Minnow,670p
8/3/23,Fukui,1126b
8/3/23,Fukui,102y
8/3/23,Minnow,692p
8/3/23,Fukui,1122b
8/3/23,Fukui,1139y
8/3/23,Minnow,30p
8/3/23,Minnow,1382p
8/3/23,Fukui,1139b
8/3/23,Minnow,1390p
8/3/23,Fukui,1192y
8/3/23,Fukui,1176y
8/3/23,Minnow,1188p
8/3/23,Minnow,3192p
8/3/23,Fukui,609p
8/3/23,Minnow,64p
8/3/23,Fukui,62p
8/3/23,Minnow,155p
8/3/23,Fukui,1167y
8/3/23,Minnow,632p
8/3/23,Fukui,1200y
8/3/23,Minnow,192p
8/3/23,Minnow,1396p
8/3/23,Shrimp ñ other,2445g
8/3/23,Shrimp ñ other,2432g
8/3/23,Fukui,172y
8/3/23,Minnow,185p
8/4/23,Shrimp,1758
8/4/23,Shrimp,2457
8/4/23,Shrimp,2487
8/4/23,Minnow,1378p
8/4/23,Fukui,1198r
8/4/23,Shrimp,2466
8/4/23,Shrimp ñ other,1828
8/4/23,Shrimp,2455
8/4/23,Shrimp,552
8/4/23,Fukui,1393
8/4/23,Minnow,1387p
8/4/23,Fukui,547
8/4/23,Fukui,3078p
8/4/23,Minnow,29p
8/4/23,Fukui,1386g
8/4/23,Minnow,678p
8/4/23,Minnow,132p
8/4/23,Minnow,183p
8/4/23,Shrimp,2484g
8/4/23,Shrimp,2458g
8/4/23,Shrimp ñ other,2321g
8/4/23,Fukui,1374p
8/4/23,Minnow,1383p
8/4/23,Fukui,21p
8/4/23,Minnow,146p
8/4/23,Fukui,3153
8/4/23,Minnow,1368p
8/4/23,Fukui,3161p
8/4/23,Minnow,160y
8/4/23,Fukui,1169r
8/4/23,Minnow,138p
8/4/23,Fukui,3158p
8/4/23,Minnow,170p
8/4/23,Fukui,1387g
8/4/23,Minnow,564p
8/4/23,Fukui,117y
8/4/23,Minnow,130p
8/4/23,Fukui,3173p
8/4/23,Minnow,175p
8/4/23,Shrimp ñ other,2445g
8/4/23,Shrimp ñ other,2432g
7/6/23,Minnow,188p
8/29/23,Shrimp,552
8/29/23,Shrimp,2487
8/29/23,Minnow,158p
8/29/23,Fukui,117y
8/29/23,Minnow,3090p
8/29/23,Fukui,21p
8/29/23,Minnow,181p
8/29/23,Fukui,1200y
8/29/23,Minnow,73p
8/29/23,Fukui,1187r
8/29/23,Minnow,691p
8/29/23,Minnow,684p
8/29/23,Fukui,1122b
8/29/23,Fukui,3151p
8/29/23,Minnow,1394p
8/29/23,Fukui,3088p
8/29/23,Minnow,1367p
8/29/23,Fukui,3190p
8/29/23,Minnow,131p
8/29/23,Fukui,3157p
8/29/23,Minnow,85P
8/29/23,Fukui,1396
8/29/23,Minnow,585p
8/29/23,Fukui,3194p
8/29/23,Minnow,674p
8/29/23,Fukui,3149p
8/29/23,Minnow,626p
8/29/23,Fukui,1189r
8/29/23,Minnow,180p
8/29/23,Fukui,3172p
8/29/23,Minnow,65p
8/29/23,Fukui,3114p
8/29/23,Fukui,3103
8/29/23,Minnow,189p
8/29/23,Fukui,1126b
8/29/23,Minnow,36p
8/29/23,Fukui,505
8/29/23,Minnow,188p
8/29/23,Fukui,3173p
8/29/23,Minnow,155p
8/29/23,Fukui,1398
8/29/23,Minnow,630p
8/29/23,Fukui, 3079p
8/29/23,Minnow,174p
8/29/23,Minnow,658p
8/29/23,Fukui,1139y
8/29/23,Minnow,192p
8/29/23,Fukui,1192y
8/29/23,Shrimp,2457
8/29/23,Fukui,1176y
8/29/23,Minnow,692p
8/29/23,Shrimp,1758
8/29/23,Fukui,581p
8/29/23,Minnow,3192p
8/29/23,Minnow,678
8/29/23,Fukui,1169
8/29/23,Minnow,1382
8/29/23,Fukui,1374
8/29/23,Minnow,177P
8/29/23,Fukui,3153P
8/29/23,Minnow,64P
8/29/23,Minnow,30 P
8/29/23,Fukui,1386g
8/29/23,Fukui,3161p
8/29/23,Minnow,1390p
8/29/23,Fukui,547
8/29/23,Minnow,138 p
8/29/23,Fukui,1198r
8/29/23,Minnow,130p
8/29/23,Fukui,3158 p
8/29/23,Minnow,185 p
8/29/23,Fukui,1393
8/29/23,Fukui,1387
8/29/23,Minnow,132P
8/29/23,Minnow,1381p
8/29/23,Minnow,175P
8/29/23,Shrimp,348
8/29/23,Minnow,632P
8/29/23,Shrimp,2466
8/29/23,Minnow,183P
8/29/23,Minnow,1378P
8/29/23,Minnow,1396P
8/29/23,Shrimp,2484
8/29/23,Minnow,1368P
8/29/23,Minnow,670P
8/29/23,Minnow,1383P
8/29/23,Shrimp,2458
8/29/23,Minnow,146P
8/29/23,Minnow,29P
8/29/23,Minnow,169P
8/29/23,Shrimp,2455
8/29/23,Minnow,170P
8/29/23,Minnow,160Y
8/29/23,Minnow,1387P
8/30/23,Shrimp,2457
8/30/23,Fukui,1396
8/30/23,Minnow,585p
8/30/23,Fukui,3194p
8/30/23,Minnow,674p
8/30/23,Fukui,3149p
8/30/23,Minnow,626p
8/30/23,Shrimp,552
8/30/23,Shrimp,2487
8/30/23,Fukui,1189r
8/30/23,Minnow,180p
8/30/23,Fukui,3172p
8/30/23,Minnow,65p
8/30/23,Fukui,3114p
8/30/23,Minnow,158p
8/30/23,Fukui,117y
8/30/23,Minnow,3090p
8/30/23,Fukui,21p
8/30/23,Minnow,181p
8/30/23,Fukui,1200y
8/30/23,Minnow,73p
8/30/23,Fukui,1187r
8/30/23,Minnow,684p
8/30/23,Fukui,3151p
8/30/23,Minnow,1394p
8/30/23,Fukui,3088p
8/30/23,Minnow,1367p
8/30/23,Fukui,3190p
8/30/23,Minnow,131p
8/30/23,Fukui,3157p
8/30/23,Minnow,85P
8/30/23,Minnow,691p
8/30/23,Fukui,1122b
8/30/23,Minnow,3085p
8/30/23,Minnow,643p
8/30/23,Shrimp ñ other,2321
8/30/23,Minnow,163p
8/30/23,Minnow,1366p
8/30/23,Minnow,663p
8/30/23,Minnow,682p
8/30/23,Minnow,150p
8/30/23,Minnow,1398p
8/30/23,Minnow,145p
8/30/23,Minnow,128p
8/30/23,Minnow,70p
8/30/23,Minnow,74p
8/30/23,Shrimp ñ other,1828
8/30/23,Minnow,662p
8/30/23,Minnow,668p
8/30/23,Minnow,166p
8/30/23,Minnow,1390p
8/30/23,Fukui,547
8/30/23,Minnow,138 p
8/30/23,Fukui,1198r
8/30/23,Minnow,130p
8/30/23,Fukui,3158 p
8/30/23,Minnow,185 p
8/30/23,Fukui,1393
8/30/23,Fukui,1387
8/30/23,Minnow,1381p
8/30/23,Shrimp,348
8/30/23,Shrimp,2466
8/30/23,Minnow,132P
8/30/23,Minnow,175P
8/30/23,Minnow,632P
8/30/23,Minnow,183P
8/30/23,Minnow,1378P
8/30/23,Minnow,1396P
8/30/23,Shrimp,2484
8/30/23,Minnow,1368P
8/30/23,Minnow,670P
8/30/23,Minnow,1383P
8/30/23,Minnow,146P
8/30/23,Minnow,29P
8/30/23,Minnow,169P
8/30/23,Shrimp,2455
8/30/23,Minnow,170P
8/30/23,Minnow,160Y
8/30/23,Minnow,1387P
8/30/23,Minnow,30p
8/30/23,Fukui,3153p
8/30/23,Minnow,177p
8/30/23,Minnow,673p
8/30/23,Minnow,1382p
8/30/23,Fukui,1169R
8/30/23,Minnow,64p
8/30/23,Fukui,1374p
8/30/23,Fukui,1386g
8/30/23,Fukui,3161p
8/30/23,Shrimp,2458
8/31/23,Shrimp,552
8/31/23,Shrimp,2487
8/31/23,Fukui,1189r
8/31/23,Fukui,3172p
8/31/23,Minnow,65p
8/31/23,Fukui,3114p
8/31/23,Minnow,158p
8/31/23,Fukui,117y
8/31/23,Minnow,3090p
8/31/23,Fukui,21p
8/31/23,Minnow,181p
8/31/23,Fukui,1200y
8/31/23,Minnow,73p
8/31/23,Fukui,1187r
8/31/23,Minnow,691p
8/31/23,Minnow,684p
8/31/23,Fukui,1122b
8/31/23,Fukui,3151p
8/31/23,Minnow,1394p
8/31/23,Fukui,3088p
8/31/23,Minnow,1367p
8/31/23,Fukui,3190p
8/31/23,Minnow,131p
8/31/23,Fukui,3157p
8/31/23,Minnow,85P
8/31/23,Fukui,1396
8/31/23,Minnow,585p
8/31/23,Fukui,3194p
8/31/23,Minnow,674p
8/31/23,Fukui,3149p
8/31/23,Minnow,626p
8/31/23,Minnow,180p
8/31/23,Minnow,74p
8/31/23,Shrimp ñ other,2321
8/31/23,Minnow,163p
8/31/23,Minnow,1366p
8/31/23,Minnow,663p
8/31/23,Minnow,682p
8/31/23,Minnow,150p
8/31/23,Minnow,1398p
8/31/23,Minnow,145p
8/31/23,Minnow,128p
8/31/23,Minnow,70p
8/31/23,Shrimp ñ other,1828
8/31/23,Minnow,662p
8/31/23,Minnow,668p
8/31/23,Minnow,166p
8/31/23,Minnow,3085p
8/31/23,Minnow,643p
8/31/23,Shrimp,2457
8/31/23,Shrimp,1758
8/31/23,Shrimp,2484
8/31/23,Shrimp,2455
8/31/23,Shrimp,2458
9/1/23,Fukui,I.DC.I5B.3153P
9/1/23,Minnow,I.DC.I5B.1387P
9/1/23,Fukui,I.DC.I5B.3158P
9/1/23,Minnow,I.DC.I5B.632P
9/1/23,Fukui,I.DC.I5B.1386
9/1/23,Minnow,I.DC.I5B.1382P
9/1/23,Fukui,I.DC.M.1169y
9/1/23,Minnow,I.DC.M.30p
9/1/23,Fukui,I.DC.M.1198r
9/1/23,Fukui,I.DC.M.547G
9/1/23,Minnow,I.DC.M.130P
9/1/23,Fukui,1396
9/1/23,Minnow,585p
9/1/23,Fukui,3194p
9/1/23,Minnow,674p
9/1/23,Fukui,3149p
9/1/23,Minnow,626p
9/1/23,Shrimp,552
9/1/23,Shrimp,2487
9/1/23,Fukui,3172p
9/1/23,Minnow,65p
9/1/23,Fukui,3114p
9/1/23,Minnow,158p
9/1/23,Fukui,117y
9/1/23,Minnow,3090p
9/1/23,Fukui,21p
9/1/23,Minnow,181p
9/1/23,Fukui,1200y
9/1/23,Minnow,73p
9/1/23,Fukui,1187r
9/1/23,Minnow,691p
9/1/23,Minnow,684p
9/1/23,Fukui,1122b
9/1/23,Fukui,3151p
9/1/23,Minnow,1394p
9/1/23,Fukui,3088p
9/1/23,Minnow,1367p
9/1/23,Fukui,3190p
9/1/23,Minnow,131p
9/1/23,Fukui,3157p
9/1/23,Minnow,85P
9/1/23,Shrimp,2457
9/1/23,Shrimp,1758
9/1/23,Fukui,1189r
9/1/23,Minnow,180p
9/1/23,Fukui,505
9/1/23,Minnow,36g
9/1/23,Fukui,1387g
9/1/23,Minnow,658p
9/1/23,Fukui,1373p
9/1/23,Minnow,192p
9/1/23,Shrimp,2484
9/1/23,Shrimp,2455
9/1/23,Shrimp,2458
9/1/23,Shrimp,214 g 
9/1/23,Shrimp,2466g
9/1/23,Shrimp,348g
9/1/23,Shrimp ñ other,1886g
9/1/23,Shrimp ñ other,2450g
9/1/23,Shrimp ñ other,2321
9/1/23,Minnow,166p
9/1/23,Minnow,3085p
9/1/23,Minnow,643p
9/1/23,Minnow,692p
9/1/23,Minnow,174p
9/1/23,Minnow,189p
9/1/23,Minnow,668p
9/1/23,Minnow,3192p
9/1/23,Fukui,3079p
9/1/23,Minnow,630p
9/1/23,Fukui,3103p
9/1/23,Minnow,155p
9/1/23,Fukui,9311y
9/1/23,Minnow,163p
9/1/23,Minnow,1366p
9/1/23,Minnow,663p
9/1/23,Minnow,682p
9/1/23,Minnow,150p
9/1/23,Minnow,1398p
9/1/23,Minnow,145p
9/1/23,Minnow,128p
9/1/23,Minnow,70p
9/1/23,Minnow,74p
9/1/23,Shrimp ñ other,1828
9/1/23,Minnow,662p
9/12/23,Shrimp,3184p
9/12/23,Shrimp,2455
9/12/23,Shrimp,1758
9/12/23,Shrimp ñ other,2450
9/12/23,Shrimp,159p
9/12/23,Shrimp,2486
9/12/23,Shrimp ñ other,1828
9/12/23,Shrimp,2466
9/12/23,Minnow,160p
9/12/23,Minnow,170p
9/12/23,Minnow,177p
9/12/23,Minnow,185p
9/12/23,Minnow,678p
9/12/23,Minnow,1390p
9/12/23,Minnow,183p
9/12/23,Minnow,29p
9/12/23,Minnow,1378p
9/12/23,Minnow,691p
9/12/23,Minnow,175p
9/12/23,Minnow,1394p
9/12/23,Minnow,684p
9/12/23,Minnow,626p
9/12/23,Minnow,73
9/12/23,Shrimp,2458
9/12/23,Shrimp,2457
9/12/23,Shrimp,552
9/13/23,Shrimp,2457
9/13/23,Shrimp,552
9/13/23,Shrimp,2486
9/13/23,Shrimp ñ other,1828
9/13/23,Shrimp,2466
9/13/23,Minnow,160p
9/13/23,Minnow,170p
9/13/23,Minnow,177p
9/13/23,Minnow,185p
9/13/23,Minnow,678p
9/13/23,Minnow,1390p
9/13/23,Minnow,183p
9/13/23,Minnow,29p
9/13/23,Minnow,1378p
9/13/23,Minnow,691p
9/13/23,Minnow,175p
9/13/23,Minnow,1394p
9/13/23,Minnow,684p
9/13/23,Minnow,626p
9/13/23,Minnow,73
9/13/23,Shrimp,2458
9/13/23,Shrimp,3184p
9/13/23,Shrimp,2455
9/13/23,Shrimp,1758
9/13/23,Shrimp ñ other,2450
9/13/23,Shrimp,159p
9/13/23,Fukui,1187r
9/13/23,Minnow,3090p
9/13/23,Minnow,674p
9/13/23,Fukui,21p
9/13/23,Fukui,3190p
9/13/23,Minnow,1398p
9/13/23,Fukui,3161p
9/13/23,Minnow,663p
9/13/23,Fukui,1122b
9/13/23,Fukui,3114p
9/13/23,Minnow,1366p
9/13/23,Minnow,85p
9/13/23,Fukui,3149p
9/13/23,Minnow,65p
9/13/23,Minnow,585p
9/13/23,Minnow,145p
9/13/23,Fukui,117y
9/13/23,Fukui,3172p
9/13/23,Minnow,131p
9/13/23,Fukui,3088p
9/13/23,Minnow,1367p
9/13/23,Fukui,3151p
9/13/23,Fukui,1209y
9/13/23,Minnow,181p
9/13/23,Fukui,1192p
9/13/23,Minnow,180p
9/13/23,Fukui,1396p
9/13/23,Minnow,158p
9/13/23,Fukui,3194p
9/13/23,Minnow,70p
9/26/23,Minnow,185p
9/26/23,Fukui,3194p
9/26/23,Minnow,170p
9/26/23,Fukui,1187r
9/26/23,Minnow,1378p
9/26/23,Fukui,1192y
9/26/23,Fukui,1122b
9/26/23,Minnow,36p
9/26/23,Minnow,177p
9/26/23,Fukui,3161p
9/26/23,Minnow,183p
9/26/23,Fukui,1200y
9/26/23,Fukui,3114p
9/26/23,Minnow,1390p
9/26/23,Fukui,3172p
9/26/23,Minnow,192p
9/26/23,Fukui,3088p
9/26/23,Fukui,3151p
9/26/23,Minnow,1394p
9/26/23,Minnow,29p
9/26/23,Minnow,626p
9/26/23,Fukui,1396
9/26/23,Shrimp,2458
9/26/23,Shrimp,2487
9/26/23,Fukui,21p
9/26/23,Fukui,3190p
9/26/23,Minnow,658p
9/26/23,Fukui,117y
9/26/23,Minnow,128p
9/26/23,Minnow,678p
9/26/23,Minnow,155p
9/26/23,Fukui,3149p
9/26/23,Minnow,73p
9/26/23,Minnow,684p
9/26/23,Minnow,175p
9/26/23,Minnow,160y
9/26/23,Minnow,70p
9/26/23,Minnow,65p
9/26/23,Minnow,1366p
9/26/23,Minnow,181p
9/26/23,Minnow,1367p
9/26/23,Minnow,163p
9/26/23,Shrimp,348
9/26/23,Shrimp ñ other,214
9/26/23,Minnow,74p
9/26/23,Minnow,3192p
9/26/23,Minnow,180p
9/26/23,Minnow,630p
9/26/23,Minnow,691p
9/26/23,Shrimp ñ other,2450
9/26/23,Minnow,3085p
9/26/23,Minnow,174p
9/26/23,Minnow,130p
9/26/23,Minnow,30p
9/26/23,Minnow,692p
9/26/23,Minnow,668p
9/26/23,Minnow,166p
9/26/23,Minnow,682p
9/26/23,Minnow,189p
9/26/23,Minnow, 1387p
9/26/23,Minnow,632p
9/26/23,Minnow,150p
9/26/23,Minnow,1382p
9/26/23,Minnow,643p
9/26/23,Minnow,662p
9/26/23,Shrimp,2468
9/26/23,Shrimp,2486
9/26/23,Shrimp,1758
9/27/23,Minnow,626p
9/27/23,Fukui,1396
9/27/23,Shrimp,2458
9/27/23,Shrimp,2487
9/27/23,Fukui,21p
9/27/23,Fukui,3161p
9/27/23,Minnow,183p
9/27/23,Fukui,3088p
9/27/23,Fukui,1187r
9/27/23,Minnow,185p
9/27/23,Fukui,3194p
9/27/23,Minnow,170p
9/27/23,Minnow,1378p
9/27/23,Fukui,1192y
9/27/23,Fukui,1122b
9/27/23,Minnow,36p
9/27/23,Minnow,177p
9/27/23,Fukui,1200y
9/27/23,Fukui,3114p
9/27/23,Minnow,1390p
9/27/23,Fukui,3172p
9/27/23,Minnow,192p
9/27/23,Fukui,3151p
9/27/23,Minnow,1394p
9/27/23,Minnow,29p
9/27/23,Fukui,3190p
9/27/23,Minnow,658p
9/27/23,Fukui,117y
9/27/23,Minnow,128p
9/27/23,Minnow,678p
9/27/23,Minnow,155p
9/27/23,Fukui,3149p
9/27/23,Minnow,691p
9/27/23,Minnow,73p
9/27/23,Minnow,684p
9/27/23,Minnow,175p
9/27/23,Minnow,160y
9/27/23,Minnow,70p
9/27/23,Minnow,65p
9/27/23,Minnow,1366p
9/27/23,Minnow,181p
9/27/23,Minnow,1367p
9/27/23,Minnow,163p
9/27/23,Shrimp,348
9/27/23,Shrimp ñ other,214
9/27/23,Minnow,74p
9/27/23,Minnow,3192p
9/27/23,Minnow,180p
9/27/23,Minnow,630p
9/27/23,Minnow,668p
9/27/23,Minnow,166p
9/27/23,Minnow,682p
9/27/23,Minnow,189p
9/27/23,Minnow, 1387p
9/27/23,Minnow,632p
9/27/23,Minnow,150p
9/27/23,Minnow,1382p
9/27/23,Minnow,643p
9/27/23,Minnow,662p
9/27/23,Shrimp,2468
9/27/23,Shrimp,2486
9/27/23,Shrimp,1758
9/27/23,Shrimp ñ other,2450
9/27/23,Minnow,3085p
9/27/23,Minnow,174p
9/27/23,Minnow,130p
9/27/23,Minnow,30p
9/27/23,Minnow,692p
9/28/23,Fukui,3172p
9/28/23,Shrimp,2458g
9/28/23,Minnow,128p
9/28/23,Fukui,3190p
9/28/23,Minnow,29p
9/28/23,Fukui,177y
9/28/23,Minnow,185p
9/28/23,Shrimp,2487g
9/28/23,Fukui,3151p
9/28/23,Minnow,678p
9/28/23,Fukui,1187r
9/28/23,Minnow,170p
9/28/23,Fukui,3161p
9/28/23,Minnow,36p
9/28/23,Fukui,3149p
9/28/23,Minnow,1390p
9/28/23,Fukui,21p
9/28/23,Minnow,192p
9/28/23,Fukui,3114p
9/28/23,Minnow,155p
9/28/23,Minnow,1378p
9/28/23,Fukui,1396g
9/28/23,Minnow,177p
9/28/23,Fukui,3088p
9/28/23,Fukui,3194p
9/28/23,Minnow,1394p
9/28/23,Fukui,1122b
9/28/23,Minnow,658p
9/28/23,Fukui,1192y
9/28/23,Minnow,626p
9/28/23,Fukui,1200y
9/28/23,Minnow,183p
9/28/23,Shrimp,2468
9/28/23,Shrimp,2486
9/28/23,Shrimp,1758
9/28/23,Shrimp ñ other,2450
9/28/23,Minnow,691p
9/28/23,Minnow,73p
9/28/23,Minnow,684p
9/28/23,Minnow,175p
9/28/23,Minnow,160y
9/28/23,Minnow,70p
9/28/23,Minnow,65p
9/28/23,Minnow,1366p
9/28/23,Minnow,181p
9/28/23,Minnow,1367p
9/28/23,Minnow,163p
9/28/23,Shrimp,348
9/28/23,Shrimp ñ other,214
9/28/23,Minnow,74p
9/28/23,Minnow,3192p
9/28/23,Minnow,180p
9/28/23,Minnow,630p
9/29/23,Shrimp,2487g
9/29/23,Fukui,3151p
9/29/23,Minnow,678p
9/29/23,Fukui,1187r
9/29/23,Minnow,170p
9/29/23,Fukui,3161p
9/29/23,Minnow,36p
9/29/23,Fukui,3149p
9/29/23,Minnow,1390p
9/29/23,Fukui,21p
9/29/23,Minnow,192p
9/29/23,Fukui,3114p
9/29/23,Minnow,155p
9/29/23,Minnow,1378p
9/29/23,Fukui,1396g
9/29/23,Minnow,177p
9/29/23,Fukui,3088p
9/29/23,Fukui,3194p
9/29/23,Minnow,1394p
9/29/23,Fukui,1122b
9/29/23,Minnow,658p
9/29/23,Minnow,626p
9/29/23,Fukui,1200y
9/29/23,Minnow,183p
9/29/23,Fukui,1192y
9/29/23,Fukui,3172p
9/29/23,Shrimp,2458g
9/29/23,Minnow,128p
9/29/23,Fukui,3190p
9/29/23,Minnow,29p
9/29/23,Fukui,177y
9/29/23,Minnow,185p
9/29/23,Shrimp ñ other,2450
9/29/23,Shrimp,2468
9/29/23,Shrimp,2486
9/29/23,Shrimp,1758
9/30/23,Shrimp ñ other,2450
9/30/23,Shrimp,2468
9/30/23,Shrimp,2486
9/30/23,Shrimp,1758
10/10/23,Minnow,185p
10/10/23,Shrimp,1758
10/10/23,Shrimp,3184p
10/10/23,Minnow,29p
10/10/23,Shrimp,2486
10/10/23,Shrimp,2468
10/10/23,Shrimp,2487
10/10/23,Minnow,1390p
10/10/23,Minnow,128p
10/10/23,Minnow,678p
10/10/23,Minnow,658p
10/10/23,Minnow,183p
10/11/23,Minnow,185p
10/11/23,Shrimp,1758
10/11/23,Shrimp,3184p
10/11/23,Minnow,29p
10/11/23,Shrimp,2486
10/11/23,Shrimp,2468
10/11/23,Shrimp,2487
10/11/23,Minnow,1390p
10/11/23,Minnow,128p
10/11/23,Minnow,678p
10/11/23,Minnow,658p
10/11/23,Minnow,183p
10/24/23,Minnow,185p
10/24/23,Minnow,128p
10/24/23,Minnow,658p
10/24/23,Minnow,74p
10/24/23,Minnow,585p
10/24/23,Minnow,85p
10/24/23,Minnow,663p
10/24/23,Minnow,1398p
10/24/23,Minnow,3090p
10/24/23,Minnow,158p
10/24/23,Minnow,131p
10/24/23,Minnow,145p
10/24/23,Minnow,1390p
10/24/23,Shrimp ñ other,2321
10/24/23,Shrimp ñ other,214
10/24/23,Minnow,29p
10/24/23,Minnow,678p
10/24/23,Shrimp,2455
10/24/23,Minnow,1367p
10/24/23,Minnow,691p
10/24/23,Minnow,630p
10/24/23,Minnow,74p
10/24/23,Minnow,181p
10/24/23,Minnow,684p
10/24/23,Minnow,70p
10/24/23,Minnow,175p
10/24/23,Minnow,163p
10/24/23,Minnow,65p
10/24/23,Minnow,1366p
10/24/23,Minnow,160y
10/24/23,Minnow,180p
10/24/23,Shrimp ñ other,1886
10/24/23,Minnow,73p
10/24/23,Minnow,3192p
10/24/23,Fukui,3194p
10/24/23,Minnow,670p
10/24/23,Fukui,1187r
10/24/23,Minnow,132p
10/24/23,Fukui,3161
10/24/23,Minnow,1378p
10/24/23,Shrimp,2484
10/24/23,Shrimp,2486
10/24/23,Fukui,3088p
10/24/23,Minnow,36p
10/24/23,Fukui,1192y
10/24/23,Minnow,64p
10/24/23,Fukui,1200y
10/24/23,Fukui,3114p
10/24/23,Minnow,1381p
10/24/23,Minnow,1396p
10/24/23,Minnow,169p
10/24/23,Fukui,1122b
10/24/23,Minnow,1383p
10/24/23,Fukui,3190p
10/24/23,Minnow,1368p
10/24/23,Fukui,117y
10/24/23,Minnow,146p
10/24/23,Fukui,3172p
10/24/23,Fukui,1396
10/24/23,Minnow,1394p
10/24/23,Fukui,3149p
10/24/23,Minnow,138p
10/24/23,Shrimp,552
10/24/23,Fukui,21p
10/24/23,Minnow,155p
10/24/23,Fukui,3151p
10/24/23,Minnow,177p
10/24/23,Shrimp,2851
10/24/23,Shrimp,1158r
10/24/23,Shrimp ñ other,2401
10/24/23,Shrimp,2117
10/24/23,Shrimp,1749
10/24/23,Shrimp,2014
10/24/23,Shrimp ñ other,842
10/24/23,Shrimp,2076
10/24/23,Shrimp,1013
10/24/23,Shrimp,1867
10/24/23,Shrimp,3184p
10/24/23,Shrimp,348
10/24/23,Shrimp,1758
10/24/23,Shrimp,2468
10/24/23,Shrimp,2487
10/24/23,Shrimp,2457
10/24/23,Shrimp,159p
10/24/23,Shrimp,2458
10/24/23,Shrimp,2466
10/24/23,Shrimp,840
10/24/23,Shrimp ñ other,3188p
10/24/23,Shrimp ñ other,2503
10/24/23,Shrimp ñ other,953
10/24/23,Shrimp ñ other,2523
10/24/23,Shrimp ñ other,433
10/24/23,Shrimp ñ other,1817
10/24/23,Shrimp,1748
10/24/23,Shrimp,2145
10/24/23,Shrimp,1734
10/24/23,Shrimp,2003
10/24/23,Shrimp,605
10/24/23,Shrimp,2517
10/25/23,Minnow,74p
10/25/23,Minnow,585p
10/25/23,Minnow,85p
10/25/23,Minnow,663p
10/25/23,Minnow,1398p
10/25/23,Minnow,3090p
10/25/23,Minnow,158p
10/25/23,Minnow,131p
10/25/23,Minnow,145p
10/25/23,Minnow,1390p
10/25/23,Shrimp ñ other,2321
10/25/23,Shrimp ñ other,214
10/25/23,Minnow,29p
10/25/23,Minnow,678p
10/25/23,Minnow,185p
10/25/23,Minnow,128p
10/25/23,Minnow,658p
10/25/23,Fukui,3194p
10/25/23,Minnow,670p
10/25/23,Fukui,1187r
10/25/23,Minnow,132p
10/25/23,Fukui,3161
10/25/23,Minnow,1378p
10/25/23,Shrimp,2484
10/25/23,Shrimp,2486
10/25/23,Fukui,3088p
10/25/23,Minnow,36p
10/25/23,Fukui,1192y
10/25/23,Minnow,64p
10/25/23,Fukui,1200y
10/25/23,Fukui,3114p
10/25/23,Minnow,1381p
10/25/23,Minnow,1396p
10/25/23,Minnow,169p
10/25/23,Fukui,1122b
10/25/23,Minnow,1383p
10/25/23,Fukui,3190p
10/25/23,Minnow,1368p
10/25/23,Fukui,117y
10/25/23,Minnow,146p
10/25/23,Fukui,3172p
10/25/23,Fukui,1396
10/25/23,Minnow,1394p
10/25/23,Fukui,3149p
10/25/23,Minnow,138p
10/25/23,Shrimp,552
10/25/23,Fukui,21p
10/25/23,Minnow,155p
10/25/23,Fukui,3151p
10/25/23,Minnow,177p
10/25/23,Shrimp,840
10/25/23,Shrimp,2466
10/25/23,Shrimp,2458
10/25/23,Shrimp,159p
10/25/23,Shrimp,2457
10/25/23,Shrimp,2487
10/25/23,Shrimp,2468
10/25/23,Shrimp,348
10/25/23,Shrimp ñ other,3188p
10/25/23,Shrimp,1758
10/25/23,Shrimp,2145
10/25/23,Shrimp,1748
10/25/23,Shrimp,1734
10/25/23,Shrimp,2003
10/25/23,Shrimp,2517
10/25/23,Shrimp,1749
10/25/23,Shrimp,2117
10/25/23,Shrimp ñ other,2401
10/25/23,Shrimp,1158r
10/25/23,Shrimp,2851
10/25/23,Shrimp,2014
10/25/23,Shrimp,1867
10/25/23,Shrimp,1013
10/25/23,Shrimp,2076
10/25/23,Shrimp ñ other,842
10/25/23,Shrimp,3184p
10/25/23,Shrimp,605
10/25/23,Shrimp ñ other,2503
10/25/23,Shrimp ñ other,953
10/25/23,Shrimp ñ other,2523
10/25/23,Shrimp ñ other,433
10/25/23,Shrimp ñ other,1817
10/26/23,Shrimp,2468
10/26/23,Shrimp,2145
10/26/23,Shrimp,1748
10/26/23,Shrimp,2003
10/26/23,Shrimp,1734
10/26/23,Shrimp,605
10/26/23,Shrimp ñ other,2503
10/26/23,Shrimp ñ other,1817
10/26/23,Shrimp ñ other,953
10/26/23,Shrimp ñ other,2523
10/26/23,Shrimp ñ other,433
10/26/23,Shrimp,1013
10/26/23,Shrimp ñ other,1158r
10/26/23,Shrimp ñ other,2401
10/26/23,Shrimp,2076
10/26/23,Shrimp ñ other,842
10/26/23,Shrimp,2117
10/26/23,Shrimp,1749
10/26/23,Shrimp,3184p
10/26/23,Shrimp,2851
10/26/23,Shrimp,2014
10/26/23,Shrimp,1867
10/26/23,Shrimp ñ other,3188p
10/26/23,Shrimp,1758
10/26/23,Shrimp,348
10/26/23,Shrimp,2458
10/26/23,Shrimp,2457
10/26/23,Shrimp,2487
10/26/23,Shrimp,159p
10/26/23,Shrimp,840
10/26/23,Shrimp,2466
10/26/23,Fukui,1189r
10/26/23,Minnow,158p
10/26/23,Fukui,1393g
10/26/23,Minnow,131p
10/26/23,Fukui,3079p
10/26/23,Minnow,185p
10/26/23,Fukui,1387g
10/26/23,Minnow,128p
10/26/23,Fukui,3157p
10/26/23,Minnow,585p
10/26/23,Fukui,1374p
10/26/23,Minnow,145p
10/26/23,Fukui,3078p
10/26/23,Minnow,658p
10/26/23,Fukui,505g
10/26/23,Minnow,678p
10/26/23,Fukui,3173p
10/26/23,Minnow,29p
10/26/23,Fukui,1139y
10/26/23,Minnow,1390p
10/26/23,Shrimp ñ other,1886g
10/26/23,Shrimp ñ other,2321
10/26/23,Shrimp ñ other,214
10/26/23,Fukui,3194p
10/26/23,Minnow,670p
10/26/23,Fukui,1187r
10/26/23,Minnow,132p
10/26/23,Fukui,3161
10/26/23,Minnow,1378p
10/26/23,Shrimp,2484
10/26/23,Shrimp,2486
10/26/23,Fukui,3088p
10/26/23,Minnow,36p
10/26/23,Fukui,1192y
10/26/23,Minnow,64p
10/26/23,Fukui,1200y
10/26/23,Fukui,3114p
10/26/23,Minnow,1381p
10/26/23,Minnow,1396p
10/26/23,Minnow,169p
10/26/23,Fukui,1122b
10/26/23,Minnow,1383p
10/26/23,Fukui,3190p
10/26/23,Minnow,1368p
10/26/23,Fukui,117y
10/26/23,Minnow,146p
10/26/23,Fukui,3172p
10/26/23,Fukui,1396
10/26/23,Minnow,1394p
10/26/23,Fukui,3149p
10/26/23,Minnow,138p
10/26/23,Shrimp,552
10/26/23,Fukui,21p
10/26/23,Minnow,155p
10/26/23,Fukui,3151p
10/26/23,Minnow,177p