"","TrapID","Year","Date","trap_type","WidthSpine"
"1","hillier_127_4_20_1",2007,2007-04-20,"Fukui",NA
"2","hillier_127_4_20_2",2007,2007-04-20,"Fukui",NA
"3","hillier_127_4_20_2",2007,2007-04-20,"Fukui",NA
"4","hillier_81_9_17_1",2010,2010-09-17,"Fukui",73
"5","hillier_81_9_17_1",2010,2010-09-17,"Fukui",73
"6","hillier_81_9_17_1",2010,2010-09-17,"Fukui",73
"7","hillier_81_9_17_1",2010,2010-09-17,"Fukui",54
"8","hillier_81_9_17_1",2010,2010-09-17,"Fukui",62
"9","hillier_81_9_17_1",2010,2010-09-17,"Fukui",55
"10","hillier_81_9_17_3",2010,2010-09-17,"Fukui",74
"11","hillier_81_9_17_3",2010,2010-09-17,"Fukui",74
"12","hillier_81_9_17_3",2010,2010-09-17,"Fukui",68
"13","hillier_81_9_17_3",2010,2010-09-17,"Fukui",77
"14","hillier_81_9_17_3",2010,2010-09-17,"Fukui",75
"15","hillier_81_9_17_4",2010,2010-09-17,"Fukui",77
"16","hillier_81_9_17_4",2010,2010-09-17,"Fukui",79
"17","hillier_81_9_17_4",2010,2010-09-17,"Fukui",81
"18","hillier_81_9_17_4",2010,2010-09-17,"Fukui",58
"19","hillier_81_9_17_5",2010,2010-09-17,"Fukui",79
"20","hillier_81_9_17_5",2010,2010-09-17,"Fukui",79
"21","hillier_81_9_17_5",2010,2010-09-17,"Fukui",72
"22","hillier_81_9_17_5",2010,2010-09-17,"Fukui",68
"23","hillier_81_9_17_5",2010,2010-09-17,"Fukui",81
"24","hillier_81_9_17_5",2010,2010-09-17,"Fukui",59
"25","hillier_81_9_17_5",2010,2010-09-17,"Fukui",65
"26","hillier_81_9_17_6",2010,2010-09-17,"Fukui",75
"27","hillier_81_9_17_6",2010,2010-09-17,"Fukui",73
"28","hillier_82_9_17_1",2010,2010-09-17,"Fukui",77
"29","hillier_82_9_17_1",2010,2010-09-17,"Fukui",78
"30","hillier_82_9_17_1",2010,2010-09-17,"Fukui",77
"31","hillier_82_9_17_1",2010,2010-09-17,"Fukui",80
"32","hillier_82_9_17_2",2010,2010-09-17,"Fukui",70
"33","hillier_82_9_17_2",2010,2010-09-17,"Fukui",75
"34","hillier_82_9_17_2",2010,2010-09-17,"Fukui",86
"35","hillier_82_9_17_3",2010,2010-09-17,"Fukui",77
"36","hillier_82_9_17_3",2010,2010-09-17,"Fukui",71
"37","hillier_82_9_17_3",2010,2010-09-17,"Fukui",71
"38","hillier_82_9_17_4",2010,2010-09-17,"Fukui",78
"39","hillier_82_9_17_4",2010,2010-09-17,"Fukui",77
"40","hillier_82_9_17_4",2010,2010-09-17,"Fukui",71
"41","hillier_82_9_17_4",2010,2010-09-17,"Fukui",65
"42","hillier_82_9_17_6",2010,2010-09-17,"Fukui",73
"43","hillier_82_9_17_6",2010,2010-09-17,"Fukui",73
"44","hillier_82_9_17_6",2010,2010-09-17,"Fukui",72
"45","hillier_82_9_17_6",2010,2010-09-17,"Fukui",75
"46","hillier_82_9_17_6",2010,2010-09-17,"Fukui",74
"47","hillier_82_9_17_6",2010,2010-09-17,"Fukui",72
"48","hillier_82_9_17_6",2010,2010-09-17,"Fukui",83
"49","hillier_82_9_17_6",2010,2010-09-17,"Fukui",74
"50","hillier_82_9_17_6",2010,2010-09-17,"Fukui",74
"51","hillier_82_9_17_6",2010,2010-09-17,"Fukui",68
"52","hillier_82_9_17_6",2010,2010-09-17,"Fukui",74
"53","hillier_83_9_17_1",2010,2010-09-17,"Fukui",73
"54","hillier_83_9_17_2",2010,2010-09-17,"Fukui",79
"55","hillier_83_9_17_3",2010,2010-09-17,"Fukui",70
"56","hillier_83_9_17_3",2010,2010-09-17,"Fukui",90
"57","hillier_83_9_17_4",2010,2010-09-17,"Fukui",81
"58","hillier_92_9_18_1",2010,2010-09-18,"Fukui",78
"59","hillier_92_9_18_1",2010,2010-09-18,"Fukui",91
"60","hillier_92_9_18_1",2010,2010-09-18,"Fukui",86
"61","hillier_92_9_18_1",2010,2010-09-18,"Fukui",88
"62","hillier_92_9_18_2",2010,2010-09-18,"Fukui",96
"63","hillier_92_9_18_2",2010,2010-09-18,"Fukui",84
"64","hillier_92_9_18_2",2010,2010-09-18,"Fukui",90
"65","hillier_92_9_18_2",2010,2010-09-18,"Fukui",66
"66","hillier_92_9_18_3",2010,2010-09-18,"Fukui",65
"67","hillier_92_9_18_3",2010,2010-09-18,"Fukui",77
"68","hillier_92_9_18_3",2010,2010-09-18,"Fukui",76
"69","hillier_92_9_18_3",2010,2010-09-18,"Fukui",86
"70","hillier_92_9_18_3",2010,2010-09-18,"Fukui",73
"71","hillier_92_9_18_3",2010,2010-09-18,"Fukui",82
"72","hillier_92_9_18_4",2010,2010-09-18,"Fukui",83
"73","hillier_92_9_18_4",2010,2010-09-18,"Fukui",77
"74","hillier_92_9_18_4",2010,2010-09-18,"Fukui",83
"75","hillier_92_9_18_5",2010,2010-09-18,"Fukui",86
"76","hillier_92_9_18_5",2010,2010-09-18,"Fukui",67
"77","hillier_92_9_18_5",2010,2010-09-18,"Fukui",80
"78","hillier_92_9_18_5",2010,2010-09-18,"Fukui",76
"79","hillier_92_9_18_5",2010,2010-09-18,"Fukui",77
"80","hillier_92_9_18_6",2010,2010-09-18,"Fukui",78
"81","hillier_92_9_18_6",2010,2010-09-18,"Fukui",90
"82","hillier_92_9_18_6",2010,2010-09-18,"Fukui",79
"83","hillier_92_9_18_6",2010,2010-09-18,"Fukui",76
"84","hillier_92_9_18_6",2010,2010-09-18,"Fukui",73
"85","hillier_92_9_18_6",2010,2010-09-18,"Fukui",55
"86","hillier_92_9_18_6",2010,2010-09-18,"Fukui",68
"87","hillier_92_9_18_6",2010,2010-09-18,"Fukui",70
"88","hillier_93_9_18_1",2010,2010-09-18,"Fukui",80
"89","hillier_93_9_18_1",2010,2010-09-18,"Fukui",79
"90","hillier_93_9_18_1",2010,2010-09-18,"Fukui",80
"91","hillier_93_9_18_1",2010,2010-09-18,"Fukui",80
"92","hillier_93_9_18_1",2010,2010-09-18,"Fukui",66
"93","hillier_93_9_18_1",2010,2010-09-18,"Fukui",72
"94","hillier_93_9_18_1",2010,2010-09-18,"Fukui",73
"95","hillier_93_9_18_2",2010,2010-09-18,"Fukui",91
"96","hillier_93_9_18_2",2010,2010-09-18,"Fukui",94
"97","hillier_93_9_18_2",2010,2010-09-18,"Fukui",91
"98","hillier_93_9_18_2",2010,2010-09-18,"Fukui",77
"99","hillier_93_9_18_2",2010,2010-09-18,"Fukui",76
"100","hillier_93_9_18_2",2010,2010-09-18,"Fukui",77
"101","hillier_93_9_18_2",2010,2010-09-18,"Fukui",76
"102","hillier_93_9_18_2",2010,2010-09-18,"Fukui",70
"103","hillier_93_9_18_2",2010,2010-09-18,"Fukui",65
"104","hillier_93_9_18_2",2010,2010-09-18,"Fukui",77
"105","hillier_93_9_18_2",2010,2010-09-18,"Fukui",67
"106","hillier_93_9_18_2",2010,2010-09-18,"Fukui",66
"107","hillier_93_9_18_2",2010,2010-09-18,"Fukui",71
"108","hillier_93_9_18_2",2010,2010-09-18,"Fukui",79
"109","hillier_93_9_18_2",2010,2010-09-18,"Fukui",74
"110","hillier_93_9_18_2",2010,2010-09-18,"Fukui",65
"111","hillier_93_9_18_2",2010,2010-09-18,"Fukui",76
"112","hillier_93_9_18_2",2010,2010-09-18,"Fukui",73
"113","hillier_93_9_18_3",2010,2010-09-18,"Fukui",77
"114","hillier_93_9_18_3",2010,2010-09-18,"Fukui",77
"115","hillier_93_9_18_3",2010,2010-09-18,"Fukui",81
"116","hillier_93_9_18_3",2010,2010-09-18,"Fukui",77
"117","hillier_93_9_18_3",2010,2010-09-18,"Fukui",76
"118","hillier_93_9_18_3",2010,2010-09-18,"Fukui",77
"119","hillier_93_9_18_3",2010,2010-09-18,"Fukui",75
"120","hillier_93_9_18_3",2010,2010-09-18,"Fukui",62
"121","hillier_93_9_18_4",2010,2010-09-18,"Fukui",85
"122","hillier_93_9_18_4",2010,2010-09-18,"Fukui",73
"123","hillier_93_9_18_4",2010,2010-09-18,"Fukui",75
"124","hillier_93_9_18_4",2010,2010-09-18,"Fukui",69
"125","hillier_93_9_18_4",2010,2010-09-18,"Fukui",72
"126","hillier_93_9_18_6",2010,2010-09-18,"Fukui",84
"127","hillier_93_9_18_6",2010,2010-09-18,"Fukui",86
"128","hillier_93_9_18_6",2010,2010-09-18,"Fukui",89
"129","hillier_93_9_18_6",2010,2010-09-18,"Fukui",76
"130","hillier_93_9_18_6",2010,2010-09-18,"Fukui",72
"131","hillier_94_9_18_5",2010,2010-09-18,"Fukui",69
"132","hillier_94_9_18_5",2010,2010-09-18,"Fukui",67
"133","hillier_94_9_18_6",2010,2010-09-18,"Fukui",74
"134","hillier_104_9_19_3",2010,2010-09-19,"Fukui",79
"135","hillier_104_9_19_3",2010,2010-09-19,"Fukui",79
"136","hillier_104_9_19_3",2010,2010-09-19,"Fukui",64
"137","hillier_104_9_19_3",2010,2010-09-19,"Fukui",68
"138","hillier_104_9_19_4",2010,2010-09-19,"Fukui",65
"139","hillier_104_9_19_4",2010,2010-09-19,"Fukui",67
"140","hillier_104_9_19_4",2010,2010-09-19,"Fukui",73
"141","hillier_104_9_19_4",2010,2010-09-19,"Fukui",75
"142","hillier_104_9_19_4",2010,2010-09-19,"Fukui",70
"143","hillier_104_9_19_4",2010,2010-09-19,"Fukui",67
"144","hillier_104_9_19_4",2010,2010-09-19,"Fukui",56
"145","hillier_104_9_19_5",2010,2010-09-19,"Fukui",77
"146","hillier_104_9_19_6",2010,2010-09-19,"Fukui",71
"147","hillier_104_9_19_6",2010,2010-09-19,"Fukui",71
"148","hillier_105_9_19_2",2010,2010-09-19,"Fukui",79
"149","hillier_13_9_9_1",2010,2010-09-09,"Fukui",75
"150","hillier_13_9_9_1",2010,2010-09-09,"Fukui",73
"151","hillier_13_9_9_1",2010,2010-09-09,"Fukui",80
"152","hillier_13_9_9_1",2010,2010-09-09,"Fukui",77
"153","hillier_13_9_9_1",2010,2010-09-09,"Fukui",73
"154","hillier_13_9_9_1",2010,2010-09-09,"Fukui",72
"155","hillier_13_9_9_1",2010,2010-09-09,"Fukui",70
"156","hillier_13_9_9_1",2010,2010-09-09,"Fukui",70
"157","hillier_13_9_9_1",2010,2010-09-09,"Fukui",77
"158","hillier_13_9_9_1",2010,2010-09-09,"Fukui",83
"159","hillier_13_9_9_1",2010,2010-09-09,"Fukui",79
"160","hillier_13_9_9_1",2010,2010-09-09,"Fukui",79
"161","hillier_13_9_9_1",2010,2010-09-09,"Fukui",77
"162","hillier_13_9_9_1",2010,2010-09-09,"Fukui",91
"163","hillier_13_9_9_1",2010,2010-09-09,"Fukui",75
"164","hillier_13_9_9_1",2010,2010-09-09,"Fukui",78
"165","hillier_13_9_9_1",2010,2010-09-09,"Fukui",77
"166","hillier_13_9_9_1",2010,2010-09-09,"Fukui",71
"167","hillier_13_9_9_1",2010,2010-09-09,"Fukui",88
"168","hillier_13_9_9_1",2010,2010-09-09,"Fukui",75
"169","hillier_13_9_9_1",2010,2010-09-09,"Fukui",69
"170","hillier_13_9_9_1",2010,2010-09-09,"Fukui",77
"171","hillier_13_9_9_1",2010,2010-09-09,"Fukui",77
"172","hillier_13_9_9_1",2010,2010-09-09,"Fukui",71
"173","hillier_13_9_9_1",2010,2010-09-09,"Fukui",76
"174","hillier_13_9_9_1",2010,2010-09-09,"Fukui",83
"175","hillier_13_9_9_1",2010,2010-09-09,"Fukui",86
"176","hillier_13_9_9_1",2010,2010-09-09,"Fukui",68
"177","hillier_13_9_9_1",2010,2010-09-09,"Fukui",77
"178","hillier_13_9_9_1",2010,2010-09-09,"Fukui",74
"179","hillier_13_9_9_1",2010,2010-09-09,"Fukui",73
"180","hillier_13_9_9_1",2010,2010-09-09,"Fukui",75
"181","hillier_13_9_9_1",2010,2010-09-09,"Fukui",76
"182","hillier_13_9_9_1",2010,2010-09-09,"Fukui",78
"183","hillier_13_9_9_1",2010,2010-09-09,"Fukui",66
"184","hillier_13_9_9_1",2010,2010-09-09,"Fukui",68
"185","hillier_13_9_9_1",2010,2010-09-09,"Fukui",72
"186","hillier_13_9_9_1",2010,2010-09-09,"Fukui",75
"187","hillier_13_9_9_1",2010,2010-09-09,"Fukui",79
"188","hillier_13_9_9_1",2010,2010-09-09,"Fukui",77
"189","hillier_13_9_9_1",2010,2010-09-09,"Fukui",71
"190","hillier_13_9_9_1",2010,2010-09-09,"Fukui",78
"191","hillier_13_9_9_1",2010,2010-09-09,"Fukui",70
"192","hillier_13_9_9_1",2010,2010-09-09,"Fukui",69
"193","hillier_13_9_9_1",2010,2010-09-09,"Fukui",70
"194","hillier_13_9_9_1",2010,2010-09-09,"Fukui",76
"195","hillier_13_9_9_1",2010,2010-09-09,"Fukui",64
"196","hillier_13_9_9_1",2010,2010-09-09,"Fukui",70
"197","hillier_13_9_9_1",2010,2010-09-09,"Fukui",68
"198","hillier_13_9_9_1",2010,2010-09-09,"Fukui",65
"199","hillier_13_9_9_1",2010,2010-09-09,"Fukui",80
"200","hillier_13_9_9_1",2010,2010-09-09,"Fukui",72
"201","hillier_13_9_9_1",2010,2010-09-09,"Fukui",73
"202","hillier_13_9_9_2",2010,2010-09-09,"Fukui",73
"203","hillier_13_9_9_2",2010,2010-09-09,"Fukui",70
"204","hillier_13_9_9_2",2010,2010-09-09,"Fukui",85
"205","hillier_13_9_9_2",2010,2010-09-09,"Fukui",76
"206","hillier_13_9_9_2",2010,2010-09-09,"Fukui",75
"207","hillier_13_9_9_2",2010,2010-09-09,"Fukui",73
"208","hillier_13_9_9_2",2010,2010-09-09,"Fukui",76
"209","hillier_13_9_9_2",2010,2010-09-09,"Fukui",75
"210","hillier_13_9_9_2",2010,2010-09-09,"Fukui",78
"211","hillier_13_9_9_2",2010,2010-09-09,"Fukui",72
"212","hillier_13_9_9_2",2010,2010-09-09,"Fukui",75
"213","hillier_13_9_9_2",2010,2010-09-09,"Fukui",73
"214","hillier_13_9_9_2",2010,2010-09-09,"Fukui",64
"215","hillier_13_9_9_2",2010,2010-09-09,"Fukui",71
"216","hillier_13_9_9_2",2010,2010-09-09,"Fukui",75
"217","hillier_13_9_9_2",2010,2010-09-09,"Fukui",73
"218","hillier_13_9_9_2",2010,2010-09-09,"Fukui",70
"219","hillier_13_9_9_2",2010,2010-09-09,"Fukui",68
"220","hillier_13_9_9_2",2010,2010-09-09,"Fukui",70
"221","hillier_13_9_9_2",2010,2010-09-09,"Fukui",78
"222","hillier_13_9_9_2",2010,2010-09-09,"Fukui",74
"223","hillier_13_9_9_2",2010,2010-09-09,"Fukui",54
"224","hillier_13_9_9_2",2010,2010-09-09,"Fukui",74
"225","hillier_13_9_9_2",2010,2010-09-09,"Fukui",59
"226","hillier_13_9_9_2",2010,2010-09-09,"Fukui",77
"227","hillier_13_9_9_2",2010,2010-09-09,"Fukui",73
"228","hillier_13_9_9_2",2010,2010-09-09,"Fukui",72
"229","hillier_13_9_9_2",2010,2010-09-09,"Fukui",71
"230","hillier_13_9_9_3",2010,2010-09-09,"Fukui",82
"231","hillier_13_9_9_3",2010,2010-09-09,"Fukui",90
"232","hillier_13_9_9_3",2010,2010-09-09,"Fukui",80
"233","hillier_13_9_9_3",2010,2010-09-09,"Fukui",72
"234","hillier_13_9_9_3",2010,2010-09-09,"Fukui",70
"235","hillier_13_9_9_4",2010,2010-09-09,"Fukui",84
"236","hillier_13_9_9_4",2010,2010-09-09,"Fukui",79
"237","hillier_13_9_9_4",2010,2010-09-09,"Fukui",73
"238","hillier_13_9_9_4",2010,2010-09-09,"Fukui",74
"239","hillier_13_9_9_4",2010,2010-09-09,"Fukui",72
"240","hillier_13_9_9_4",2010,2010-09-09,"Fukui",77
"241","hillier_13_9_9_4",2010,2010-09-09,"Fukui",82
"242","hillier_13_9_9_4",2010,2010-09-09,"Fukui",79
"243","hillier_13_9_9_4",2010,2010-09-09,"Fukui",77
"244","hillier_13_9_9_4",2010,2010-09-09,"Fukui",75
"245","hillier_13_9_9_4",2010,2010-09-09,"Fukui",77
"246","hillier_13_9_9_4",2010,2010-09-09,"Fukui",72
"247","hillier_13_9_9_4",2010,2010-09-09,"Fukui",78
"248","hillier_13_9_9_4",2010,2010-09-09,"Fukui",77
"249","hillier_13_9_9_4",2010,2010-09-09,"Fukui",79
"250","hillier_13_9_9_4",2010,2010-09-09,"Fukui",70
"251","hillier_13_9_9_4",2010,2010-09-09,"Fukui",70
"252","hillier_13_9_9_4",2010,2010-09-09,"Fukui",76
"253","hillier_13_9_9_4",2010,2010-09-09,"Fukui",71
"254","hillier_13_9_9_4",2010,2010-09-09,"Fukui",73
"255","hillier_13_9_9_4",2010,2010-09-09,"Fukui",77
"256","hillier_13_9_9_4",2010,2010-09-09,"Fukui",66
"257","hillier_13_9_9_4",2010,2010-09-09,"Fukui",66
"258","hillier_13_9_9_4",2010,2010-09-09,"Fukui",76
"259","hillier_13_9_9_4",2010,2010-09-09,"Fukui",71
"260","hillier_13_9_9_4",2010,2010-09-09,"Fukui",69
"261","hillier_13_9_9_4",2010,2010-09-09,"Fukui",70
"262","hillier_13_9_9_4",2010,2010-09-09,"Fukui",70
"263","hillier_13_9_9_4",2010,2010-09-09,"Fukui",76
"264","hillier_13_9_9_5",2010,2010-09-09,"Fukui",78
"265","hillier_13_9_9_5",2010,2010-09-09,"Fukui",85
"266","hillier_13_9_9_5",2010,2010-09-09,"Fukui",78
"267","hillier_13_9_9_5",2010,2010-09-09,"Fukui",75
"268","hillier_13_9_9_5",2010,2010-09-09,"Fukui",85
"269","hillier_13_9_9_5",2010,2010-09-09,"Fukui",92
"270","hillier_13_9_9_5",2010,2010-09-09,"Fukui",81
"271","hillier_13_9_9_5",2010,2010-09-09,"Fukui",80
"272","hillier_13_9_9_5",2010,2010-09-09,"Fukui",81
"273","hillier_13_9_9_5",2010,2010-09-09,"Fukui",72
"274","hillier_13_9_9_5",2010,2010-09-09,"Fukui",73
"275","hillier_13_9_9_5",2010,2010-09-09,"Fukui",75
"276","hillier_13_9_9_5",2010,2010-09-09,"Fukui",77
"277","hillier_13_9_9_5",2010,2010-09-09,"Fukui",77
"278","hillier_13_9_9_5",2010,2010-09-09,"Fukui",75
"279","hillier_13_9_9_5",2010,2010-09-09,"Fukui",74
"280","hillier_13_9_9_5",2010,2010-09-09,"Fukui",78
"281","hillier_13_9_9_5",2010,2010-09-09,"Fukui",71
"282","hillier_13_9_9_5",2010,2010-09-09,"Fukui",75
"283","hillier_13_9_9_5",2010,2010-09-09,"Fukui",72
"284","hillier_13_9_9_5",2010,2010-09-09,"Fukui",77
"285","hillier_13_9_9_5",2010,2010-09-09,"Fukui",77
"286","hillier_13_9_9_5",2010,2010-09-09,"Fukui",72
"287","hillier_13_9_9_5",2010,2010-09-09,"Fukui",81
"288","hillier_13_9_9_5",2010,2010-09-09,"Fukui",76
"289","hillier_13_9_9_5",2010,2010-09-09,"Fukui",73
"290","hillier_13_9_9_5",2010,2010-09-09,"Fukui",74
"291","hillier_13_9_9_5",2010,2010-09-09,"Fukui",69
"292","hillier_13_9_9_5",2010,2010-09-09,"Fukui",68
"293","hillier_13_9_9_5",2010,2010-09-09,"Fukui",67
"294","hillier_13_9_9_5",2010,2010-09-09,"Fukui",77
"295","hillier_13_9_9_5",2010,2010-09-09,"Fukui",73
"296","hillier_13_9_9_5",2010,2010-09-09,"Fukui",72
"297","hillier_13_9_9_5",2010,2010-09-09,"Fukui",71
"298","hillier_13_9_9_5",2010,2010-09-09,"Fukui",78
"299","hillier_13_9_9_6",2010,2010-09-09,"Fukui",80
"300","hillier_13_9_9_6",2010,2010-09-09,"Fukui",86
"301","hillier_13_9_9_6",2010,2010-09-09,"Fukui",78
"302","hillier_13_9_9_6",2010,2010-09-09,"Fukui",82
"303","hillier_13_9_9_6",2010,2010-09-09,"Fukui",75
"304","hillier_13_9_9_6",2010,2010-09-09,"Fukui",73
"305","hillier_14_9_9_1",2010,2010-09-09,"Fukui",84
"306","hillier_14_9_9_1",2010,2010-09-09,"Fukui",90
"307","hillier_14_9_9_1",2010,2010-09-09,"Fukui",86
"308","hillier_14_9_9_1",2010,2010-09-09,"Fukui",89
"309","hillier_14_9_9_1",2010,2010-09-09,"Fukui",87
"310","hillier_14_9_9_1",2010,2010-09-09,"Fukui",81
"311","hillier_14_9_9_1",2010,2010-09-09,"Fukui",77
"312","hillier_14_9_9_1",2010,2010-09-09,"Fukui",76
"313","hillier_14_9_9_1",2010,2010-09-09,"Fukui",74
"314","hillier_14_9_9_1",2010,2010-09-09,"Fukui",90
"315","hillier_14_9_9_1",2010,2010-09-09,"Fukui",69
"316","hillier_14_9_9_1",2010,2010-09-09,"Fukui",68
"317","hillier_14_9_9_1",2010,2010-09-09,"Fukui",77
"318","hillier_14_9_9_1",2010,2010-09-09,"Fukui",67
"319","hillier_14_9_9_1",2010,2010-09-09,"Fukui",72
"320","hillier_14_9_9_1",2010,2010-09-09,"Fukui",62
"321","hillier_14_9_9_1",2010,2010-09-09,"Fukui",69
"322","hillier_14_9_9_1",2010,2010-09-09,"Fukui",76
"323","hillier_14_9_9_1",2010,2010-09-09,"Fukui",68
"324","hillier_14_9_9_1",2010,2010-09-09,"Fukui",77
"325","hillier_14_9_9_1",2010,2010-09-09,"Fukui",79
"326","hillier_14_9_9_1",2010,2010-09-09,"Fukui",52
"327","hillier_14_9_9_1",2010,2010-09-09,"Fukui",62
"328","hillier_14_9_9_1",2010,2010-09-09,"Fukui",76
"329","hillier_14_9_9_2",2010,2010-09-09,"Fukui",84
"330","hillier_14_9_9_2",2010,2010-09-09,"Fukui",87
"331","hillier_14_9_9_2",2010,2010-09-09,"Fukui",78
"332","hillier_14_9_9_2",2010,2010-09-09,"Fukui",74
"333","hillier_14_9_9_2",2010,2010-09-09,"Fukui",97
"334","hillier_14_9_9_2",2010,2010-09-09,"Fukui",84
"335","hillier_14_9_9_2",2010,2010-09-09,"Fukui",83
"336","hillier_14_9_9_2",2010,2010-09-09,"Fukui",72
"337","hillier_14_9_9_2",2010,2010-09-09,"Fukui",76
"338","hillier_14_9_9_2",2010,2010-09-09,"Fukui",72
"339","hillier_14_9_9_2",2010,2010-09-09,"Fukui",74
"340","hillier_14_9_9_2",2010,2010-09-09,"Fukui",74
"341","hillier_14_9_9_2",2010,2010-09-09,"Fukui",74
"342","hillier_14_9_9_2",2010,2010-09-09,"Fukui",75
"343","hillier_14_9_9_2",2010,2010-09-09,"Fukui",80
"344","hillier_14_9_9_2",2010,2010-09-09,"Fukui",85
"345","hillier_14_9_9_2",2010,2010-09-09,"Fukui",68
"346","hillier_14_9_9_2",2010,2010-09-09,"Fukui",71
"347","hillier_14_9_9_2",2010,2010-09-09,"Fukui",84
"348","hillier_14_9_9_2",2010,2010-09-09,"Fukui",70
"349","hillier_14_9_9_2",2010,2010-09-09,"Fukui",72
"350","hillier_14_9_9_2",2010,2010-09-09,"Fukui",74
"351","hillier_14_9_9_2",2010,2010-09-09,"Fukui",70
"352","hillier_14_9_9_2",2010,2010-09-09,"Fukui",75
"353","hillier_14_9_9_2",2010,2010-09-09,"Fukui",67
"354","hillier_14_9_9_3",2010,2010-09-09,"Fukui",95
"355","hillier_14_9_9_3",2010,2010-09-09,"Fukui",80
"356","hillier_14_9_9_3",2010,2010-09-09,"Fukui",83
"357","hillier_14_9_9_3",2010,2010-09-09,"Fukui",79
"358","hillier_14_9_9_3",2010,2010-09-09,"Fukui",86
"359","hillier_14_9_9_3",2010,2010-09-09,"Fukui",74
"360","hillier_14_9_9_3",2010,2010-09-09,"Fukui",74
"361","hillier_14_9_9_3",2010,2010-09-09,"Fukui",73
"362","hillier_14_9_9_3",2010,2010-09-09,"Fukui",75
"363","hillier_14_9_9_3",2010,2010-09-09,"Fukui",75
"364","hillier_14_9_9_3",2010,2010-09-09,"Fukui",74
"365","hillier_14_9_9_3",2010,2010-09-09,"Fukui",76
"366","hillier_14_9_9_3",2010,2010-09-09,"Fukui",72
"367","hillier_14_9_9_3",2010,2010-09-09,"Fukui",74
"368","hillier_14_9_9_3",2010,2010-09-09,"Fukui",72
"369","hillier_14_9_9_3",2010,2010-09-09,"Fukui",71
"370","hillier_14_9_9_3",2010,2010-09-09,"Fukui",77
"371","hillier_14_9_9_3",2010,2010-09-09,"Fukui",73
"372","hillier_14_9_9_3",2010,2010-09-09,"Fukui",69
"373","hillier_14_9_9_3",2010,2010-09-09,"Fukui",62
"374","hillier_14_9_9_3",2010,2010-09-09,"Fukui",72
"375","hillier_14_9_9_3",2010,2010-09-09,"Fukui",73
"376","hillier_14_9_9_3",2010,2010-09-09,"Fukui",76
"377","hillier_14_9_9_3",2010,2010-09-09,"Fukui",69
"378","hillier_14_9_9_3",2010,2010-09-09,"Fukui",70
"379","hillier_14_9_9_3",2010,2010-09-09,"Fukui",70
"380","hillier_14_9_9_3",2010,2010-09-09,"Fukui",64
"381","hillier_14_9_9_3",2010,2010-09-09,"Fukui",65
"382","hillier_14_9_9_4",2010,2010-09-09,"Fukui",84
"383","hillier_14_9_9_4",2010,2010-09-09,"Fukui",69
"384","hillier_14_9_9_4",2010,2010-09-09,"Fukui",64
"385","hillier_14_9_9_4",2010,2010-09-09,"Fukui",72
"386","hillier_14_9_9_4",2010,2010-09-09,"Fukui",70
"387","hillier_14_9_9_4",2010,2010-09-09,"Fukui",77
"388","hillier_14_9_9_4",2010,2010-09-09,"Fukui",75
"389","hillier_14_9_9_4",2010,2010-09-09,"Fukui",72
"390","hillier_14_9_9_4",2010,2010-09-09,"Fukui",80
"391","hillier_14_9_9_4",2010,2010-09-09,"Fukui",71
"392","hillier_14_9_9_4",2010,2010-09-09,"Fukui",67
"393","hillier_14_9_9_4",2010,2010-09-09,"Fukui",70
"394","hillier_14_9_9_4",2010,2010-09-09,"Fukui",62
"395","hillier_14_9_9_4",2010,2010-09-09,"Fukui",66
"396","hillier_14_9_9_4",2010,2010-09-09,"Fukui",69
"397","hillier_14_9_9_4",2010,2010-09-09,"Fukui",67
"398","hillier_14_9_9_4",2010,2010-09-09,"Fukui",73
"399","hillier_14_9_9_4",2010,2010-09-09,"Fukui",71
"400","hillier_14_9_9_4",2010,2010-09-09,"Fukui",69
"401","hillier_14_9_9_4",2010,2010-09-09,"Fukui",73
"402","hillier_14_9_9_4",2010,2010-09-09,"Fukui",72
"403","hillier_14_9_9_4",2010,2010-09-09,"Fukui",73
"404","hillier_14_9_9_5",2010,2010-09-09,"Fukui",78
"405","hillier_14_9_9_5",2010,2010-09-09,"Fukui",73
"406","hillier_14_9_9_5",2010,2010-09-09,"Fukui",92
"407","hillier_14_9_9_5",2010,2010-09-09,"Fukui",73
"408","hillier_14_9_9_5",2010,2010-09-09,"Fukui",69
"409","hillier_14_9_9_5",2010,2010-09-09,"Fukui",71
"410","hillier_14_9_9_5",2010,2010-09-09,"Fukui",79
"411","hillier_14_9_9_5",2010,2010-09-09,"Fukui",85
"412","hillier_14_9_9_5",2010,2010-09-09,"Fukui",77
"413","hillier_14_9_9_5",2010,2010-09-09,"Fukui",80
"414","hillier_14_9_9_5",2010,2010-09-09,"Fukui",83
"415","hillier_14_9_9_5",2010,2010-09-09,"Fukui",78
"416","hillier_14_9_9_5",2010,2010-09-09,"Fukui",76
"417","hillier_14_9_9_5",2010,2010-09-09,"Fukui",75
"418","hillier_14_9_9_5",2010,2010-09-09,"Fukui",72
"419","hillier_14_9_9_5",2010,2010-09-09,"Fukui",67
"420","hillier_14_9_9_5",2010,2010-09-09,"Fukui",75
"421","hillier_14_9_9_5",2010,2010-09-09,"Fukui",81
"422","hillier_14_9_9_5",2010,2010-09-09,"Fukui",79
"423","hillier_14_9_9_5",2010,2010-09-09,"Fukui",81
"424","hillier_14_9_9_5",2010,2010-09-09,"Fukui",70
"425","hillier_14_9_9_5",2010,2010-09-09,"Fukui",70
"426","hillier_14_9_9_5",2010,2010-09-09,"Fukui",80
"427","hillier_14_9_9_5",2010,2010-09-09,"Fukui",70
"428","hillier_14_9_9_5",2010,2010-09-09,"Fukui",67
"429","hillier_14_9_9_5",2010,2010-09-09,"Fukui",95
"430","hillier_14_9_9_5",2010,2010-09-09,"Fukui",76
"431","hillier_14_9_9_5",2010,2010-09-09,"Fukui",73
"432","hillier_14_9_9_5",2010,2010-09-09,"Fukui",67
"433","hillier_14_9_9_5",2010,2010-09-09,"Fukui",72
"434","hillier_14_9_9_5",2010,2010-09-09,"Fukui",73
"435","hillier_14_9_9_5",2010,2010-09-09,"Fukui",73
"436","hillier_14_9_9_5",2010,2010-09-09,"Fukui",78
"437","hillier_14_9_9_5",2010,2010-09-09,"Fukui",67
"438","hillier_14_9_9_5",2010,2010-09-09,"Fukui",74
"439","hillier_14_9_9_5",2010,2010-09-09,"Fukui",73
"440","hillier_14_9_9_5",2010,2010-09-09,"Fukui",81
"441","hillier_14_9_9_5",2010,2010-09-09,"Fukui",66
"442","hillier_14_9_9_5",2010,2010-09-09,"Fukui",71
"443","hillier_14_9_9_5",2010,2010-09-09,"Fukui",69
"444","hillier_14_9_9_5",2010,2010-09-09,"Fukui",70
"445","hillier_14_9_9_5",2010,2010-09-09,"Fukui",69
"446","hillier_14_9_9_5",2010,2010-09-09,"Fukui",50
"447","hillier_14_9_9_5",2010,2010-09-09,"Fukui",74
"448","hillier_14_9_9_6",2010,2010-09-09,"Fukui",86
"449","hillier_14_9_9_6",2010,2010-09-09,"Fukui",77
"450","hillier_14_9_9_6",2010,2010-09-09,"Fukui",92
"451","hillier_14_9_9_6",2010,2010-09-09,"Fukui",87
"452","hillier_14_9_9_6",2010,2010-09-09,"Fukui",76
"453","hillier_14_9_9_5",2010,2010-09-09,"Fukui",79
"454","hillier_14_9_9_5",2010,2010-09-09,"Fukui",71
"455","hillier_14_9_9_5",2010,2010-09-09,"Fukui",69
"456","hillier_14_9_9_5",2010,2010-09-09,"Fukui",88
"457","hillier_14_9_9_5",2010,2010-09-09,"Fukui",72
"458","hillier_14_9_9_5",2010,2010-09-09,"Fukui",74
"459","hillier_14_9_9_5",2010,2010-09-09,"Fukui",73
"460","hillier_14_9_9_5",2010,2010-09-09,"Fukui",76
"461","hillier_14_9_9_5",2010,2010-09-09,"Fukui",75
"462","hillier_14_9_9_5",2010,2010-09-09,"Fukui",77
"463","hillier_14_9_9_5",2010,2010-09-09,"Fukui",70
"464","hillier_14_9_9_5",2010,2010-09-09,"Fukui",74
"465","hillier_14_9_9_5",2010,2010-09-09,"Fukui",67
"466","hillier_14_9_9_5",2010,2010-09-09,"Fukui",74
"467","hillier_14_9_9_5",2010,2010-09-09,"Fukui",72
"468","hillier_14_9_9_5",2010,2010-09-09,"Fukui",75
"469","hillier_14_9_9_5",2010,2010-09-09,"Fukui",64
"470","hillier_14_9_9_5",2010,2010-09-09,"Fukui",78
"471","hillier_14_9_9_5",2010,2010-09-09,"Fukui",73
"472","hillier_14_9_9_5",2010,2010-09-09,"Fukui",65
"473","hillier_14_9_9_5",2010,2010-09-09,"Fukui",76
"474","hillier_14_9_9_5",2010,2010-09-09,"Fukui",75
"475","hillier_14_9_9_5",2010,2010-09-09,"Fukui",69
"476","hillier_14_9_9_5",2010,2010-09-09,"Fukui",69
"477","hillier_14_9_9_5",2010,2010-09-09,"Fukui",69
"478","hillier_14_9_9_6",2010,2010-09-09,"Fukui",70
"479","hillier_14_9_9_6",2010,2010-09-09,"Fukui",78
"480","hillier_14_9_9_6",2010,2010-09-09,"Fukui",66
"481","hillier_14_9_9_6",2010,2010-09-09,"Fukui",68
"482","hillier_14_9_9_6",2010,2010-09-09,"Fukui",72
"483","hillier_104_6_15_1",2010,2010-06-15,"Fukui",83
"484","hillier_104_6_15_1",2010,2010-06-15,"Fukui",81
"485","hillier_104_6_15_1",2010,2010-06-15,"Fukui",73
"486","hillier_104_6_15_1",2010,2010-06-15,"Fukui",77
"487","hillier_104_6_15_1",2010,2010-06-15,"Fukui",89
"488","hillier_104_6_15_1",2010,2010-06-15,"Fukui",88
"489","hillier_104_6_15_1",2010,2010-06-15,"Fukui",85
"490","hillier_104_6_15_1",2010,2010-06-15,"Fukui",67
"491","hillier_104_6_15_1",2010,2010-06-15,"Fukui",64
"492","hillier_104_6_15_1",2010,2010-06-15,"Fukui",88
"493","hillier_104_6_15_1",2010,2010-06-15,"Fukui",92
"494","hillier_104_6_15_1",2010,2010-06-15,"Fukui",77
"495","hillier_104_6_15_1",2010,2010-06-15,"Fukui",72
"496","hillier_104_6_15_1",2010,2010-06-15,"Fukui",94
"497","hillier_104_6_15_1",2010,2010-06-15,"Fukui",83
"498","hillier_104_6_15_1",2010,2010-06-15,"Fukui",83
"499","hillier_104_6_15_1",2010,2010-06-15,"Fukui",73
"500","hillier_104_6_15_2",2010,2010-06-15,"Fukui",96
"501","hillier_104_6_15_2",2010,2010-06-15,"Fukui",67
"502","hillier_104_6_15_2",2010,2010-06-15,"Fukui",68
"503","hillier_104_6_15_2",2010,2010-06-15,"Fukui",69
"504","hillier_104_6_15_2",2010,2010-06-15,"Fukui",68
"505","hillier_104_6_15_2",2010,2010-06-15,"Fukui",72
"506","hillier_104_6_15_3",2010,2010-06-15,"Fukui",90
"507","hillier_104_6_15_3",2010,2010-06-15,"Fukui",78
"508","hillier_104_6_15_3",2010,2010-06-15,"Fukui",91
"509","hillier_104_6_15_3",2010,2010-06-15,"Fukui",77
"510","hillier_104_6_15_3",2010,2010-06-15,"Fukui",85
"511","hillier_104_6_15_3",2010,2010-06-15,"Fukui",80
"512","hillier_104_6_15_3",2010,2010-06-15,"Fukui",67
"513","hillier_104_6_15_3",2010,2010-06-15,"Fukui",78
"514","hillier_104_6_15_3",2010,2010-06-15,"Fukui",76
"515","hillier_104_6_15_3",2010,2010-06-15,"Fukui",70
"516","hillier_104_6_15_3",2010,2010-06-15,"Fukui",81
"517","hillier_104_6_15_3",2010,2010-06-15,"Fukui",78
"518","hillier_104_6_15_3",2010,2010-06-15,"Fukui",81
"519","hillier_104_6_15_3",2010,2010-06-15,"Fukui",69
"520","hillier_104_6_15_3",2010,2010-06-15,"Fukui",73
"521","hillier_104_6_15_3",2010,2010-06-15,"Fukui",64
"522","hillier_104_6_15_3",2010,2010-06-15,"Fukui",74
"523","hillier_104_6_15_3",2010,2010-06-15,"Fukui",75
"524","hillier_104_6_15_3",2010,2010-06-15,"Fukui",87
"525","hillier_104_6_15_4",2010,2010-06-15,"Fukui",94
"526","hillier_104_6_15_4",2010,2010-06-15,"Fukui",89
"527","hillier_104_6_15_4",2010,2010-06-15,"Fukui",84
"528","hillier_104_6_15_4",2010,2010-06-15,"Fukui",86
"529","hillier_104_6_15_4",2010,2010-06-15,"Fukui",84
"530","hillier_104_6_15_4",2010,2010-06-15,"Fukui",64
"531","hillier_104_6_15_4",2010,2010-06-15,"Fukui",85
"532","hillier_104_6_15_4",2010,2010-06-15,"Fukui",95
"533","hillier_104_6_15_4",2010,2010-06-15,"Fukui",84
"534","hillier_104_6_15_4",2010,2010-06-15,"Fukui",85
"535","hillier_104_6_15_4",2010,2010-06-15,"Fukui",79
"536","hillier_104_6_15_4",2010,2010-06-15,"Fukui",91
"537","hillier_104_6_15_4",2010,2010-06-15,"Fukui",83
"538","hillier_104_6_15_4",2010,2010-06-15,"Fukui",86
"539","hillier_104_6_15_4",2010,2010-06-15,"Fukui",93
"540","hillier_104_6_15_4",2010,2010-06-15,"Fukui",97
"541","hillier_104_6_15_4",2010,2010-06-15,"Fukui",88
"542","hillier_104_6_15_4",2010,2010-06-15,"Fukui",84
"543","hillier_104_6_15_4",2010,2010-06-15,"Fukui",71
"544","hillier_104_6_15_4",2010,2010-06-15,"Fukui",90
"545","hillier_104_6_15_4",2010,2010-06-15,"Fukui",90
"546","hillier_104_6_15_4",2010,2010-06-15,"Fukui",96
"547","hillier_104_6_15_4",2010,2010-06-15,"Fukui",81
"548","hillier_104_6_15_4",2010,2010-06-15,"Fukui",84
"549","hillier_104_6_15_4",2010,2010-06-15,"Fukui",82
"550","hillier_104_6_15_4",2010,2010-06-15,"Fukui",79
"551","hillier_104_6_15_4",2010,2010-06-15,"Fukui",68
"552","hillier_104_6_15_4",2010,2010-06-15,"Fukui",72
"553","hillier_104_6_15_5",2010,2010-06-15,"Fukui",92
"554","hillier_104_6_15_6",2010,2010-06-15,"Fukui",73
"555","hillier_104_6_15_6",2010,2010-06-15,"Fukui",87
"556","hillier_104_6_15_6",2010,2010-06-15,"Fukui",87
"557","hillier_104_6_15_6",2010,2010-06-15,"Fukui",77
"558","hillier_29_9_11_2",2010,2010-09-11,"Fukui",77
"559","hillier_29_9_11_2",2010,2010-09-11,"Fukui",80
"560","hillier_29_9_11_2",2010,2010-09-11,"Fukui",73
"561","hillier_29_9_11_3",2010,2010-09-11,"Fukui",93
"562","hillier_29_9_11_3",2010,2010-09-11,"Fukui",67
"563","hillier_29_9_11_3",2010,2010-09-11,"Fukui",93
"564","hillier_29_9_11_3",2010,2010-09-11,"Fukui",79
"565","hillier_29_9_11_3",2010,2010-09-11,"Fukui",89
"566","hillier_29_9_11_3",2010,2010-09-11,"Fukui",84
"567","hillier_29_9_11_3",2010,2010-09-11,"Fukui",77
"568","hillier_29_9_11_5",2010,2010-09-11,"Fukui",69
"569","hillier_29_9_11_5",2010,2010-09-11,"Fukui",93
"570","hillier_29_9_11_5",2010,2010-09-11,"Fukui",90
"571","hillier_29_9_11_5",2010,2010-09-11,"Fukui",80
"572","hillier_29_9_11_5",2010,2010-09-11,"Fukui",69
"573","hillier_29_9_11_5",2010,2010-09-11,"Fukui",75
"574","hillier_29_9_11_6",2010,2010-09-11,"Fukui",92
"575","hillier_29_9_11_6",2010,2010-09-11,"Fukui",86
"576","hillier_29_9_11_6",2010,2010-09-11,"Fukui",90
"577","hillier_29_9_11_6",2010,2010-09-11,"Fukui",74
"578","hillier_29_9_11_6",2010,2010-09-11,"Fukui",83
"579","hillier_29_9_11_6",2010,2010-09-11,"Fukui",79
"580","hillier_29_9_11_6",2010,2010-09-11,"Fukui",95
"581","hillier_30_9_11_3",2010,2010-09-11,"Fukui",96
"582","hillier_30_9_11_3",2010,2010-09-11,"Fukui",74
"583","hillier_30_9_11_3",2010,2010-09-11,"Fukui",81
"584","hillier_30_9_11_3",2010,2010-09-11,"Fukui",86
"585","hillier_30_9_11_3",2010,2010-09-11,"Fukui",74
"586","hillier_30_9_11_3",2010,2010-09-11,"Fukui",69
"587","hillier_30_9_11_4",2010,2010-09-11,"Fukui",91
"588","hillier_30_9_11_4",2010,2010-09-11,"Fukui",90
"589","hillier_30_9_11_5",2010,2010-09-11,"Fukui",83
"590","hillier_31_9_12_1",2010,2010-09-12,"Fukui",87
"591","hillier_31_9_12_1",2010,2010-09-12,"Fukui",65
"592","hillier_31_9_12_1",2010,2010-09-12,"Fukui",90
"593","hillier_31_9_12_1",2010,2010-09-12,"Fukui",78
"594","hillier_31_9_12_1",2010,2010-09-12,"Fukui",78
"595","hillier_31_9_12_1",2010,2010-09-12,"Fukui",72
"596","hillier_31_9_12_1",2010,2010-09-12,"Fukui",82
"597","hillier_31_9_12_1",2010,2010-09-12,"Fukui",84
"598","hillier_31_9_12_1",2010,2010-09-12,"Fukui",67
"599","hillier_31_9_12_1",2010,2010-09-12,"Fukui",81
"600","hillier_31_9_12_1",2010,2010-09-12,"Fukui",78
"601","hillier_31_9_12_1",2010,2010-09-12,"Fukui",78
"602","hillier_31_9_12_1",2010,2010-09-12,"Fukui",80
"603","hillier_31_9_12_1",2010,2010-09-12,"Fukui",75
"604","hillier_31_9_12_1",2010,2010-09-12,"Fukui",78
"605","hillier_31_9_12_1",2010,2010-09-12,"Fukui",80
"606","hillier_31_9_12_1",2010,2010-09-12,"Fukui",76
"607","hillier_31_9_12_1",2010,2010-09-12,"Fukui",74
"608","hillier_31_9_12_1",2010,2010-09-12,"Fukui",79
"609","hillier_31_9_12_1",2010,2010-09-12,"Fukui",82
"610","hillier_31_9_12_1",2010,2010-09-12,"Fukui",75
"611","hillier_31_9_12_1",2010,2010-09-12,"Fukui",78
"612","hillier_31_9_12_1",2010,2010-09-12,"Fukui",73
"613","hillier_31_9_12_1",2010,2010-09-12,"Fukui",71
"614","hillier_31_9_12_1",2010,2010-09-12,"Fukui",81
"615","hillier_31_9_12_1",2010,2010-09-12,"Fukui",80
"616","hillier_31_9_12_1",2010,2010-09-12,"Fukui",76
"617","hillier_31_9_12_1",2010,2010-09-12,"Fukui",79
"618","hillier_31_9_12_1",2010,2010-09-12,"Fukui",76
"619","hillier_31_9_12_1",2010,2010-09-12,"Fukui",81
"620","hillier_31_9_12_1",2010,2010-09-12,"Fukui",74
"621","hillier_31_9_12_1",2010,2010-09-12,"Fukui",75
"622","hillier_31_9_12_1",2010,2010-09-12,"Fukui",78
"623","hillier_31_9_12_1",2010,2010-09-12,"Fukui",74
"624","hillier_31_9_12_1",2010,2010-09-12,"Fukui",75
"625","hillier_31_9_12_1",2010,2010-09-12,"Fukui",76
"626","hillier_31_9_12_1",2010,2010-09-12,"Fukui",71
"627","hillier_31_9_12_1",2010,2010-09-12,"Fukui",83
"628","hillier_31_9_12_1",2010,2010-09-12,"Fukui",80
"629","hillier_31_9_12_1",2010,2010-09-12,"Fukui",75
"630","hillier_31_9_12_1",2010,2010-09-12,"Fukui",71
"631","hillier_31_9_12_1",2010,2010-09-12,"Fukui",75
"632","hillier_31_9_12_1",2010,2010-09-12,"Fukui",83
"633","hillier_31_9_12_1",2010,2010-09-12,"Fukui",70
"634","hillier_31_9_12_1",2010,2010-09-12,"Fukui",70
"635","hillier_31_9_12_1",2010,2010-09-12,"Fukui",79
"636","hillier_31_9_12_1",2010,2010-09-12,"Fukui",68
"637","hillier_31_9_12_1",2010,2010-09-12,"Fukui",70
"638","hillier_31_9_12_1",2010,2010-09-12,"Fukui",82
"639","hillier_31_9_12_1",2010,2010-09-12,"Fukui",75
"640","hillier_31_9_12_1",2010,2010-09-12,"Fukui",76
"641","hillier_31_9_12_1",2010,2010-09-12,"Fukui",73
"642","hillier_31_9_12_2",2010,2010-09-12,"Fukui",72
"643","hillier_31_9_12_2",2010,2010-09-12,"Fukui",87
"644","hillier_31_9_12_2",2010,2010-09-12,"Fukui",72
"645","hillier_31_9_12_2",2010,2010-09-12,"Fukui",78
"646","hillier_31_9_12_2",2010,2010-09-12,"Fukui",69
"647","hillier_31_9_12_2",2010,2010-09-12,"Fukui",71
"648","hillier_31_9_12_2",2010,2010-09-12,"Fukui",73
"649","hillier_31_9_12_2",2010,2010-09-12,"Fukui",71
"650","hillier_31_9_12_2",2010,2010-09-12,"Fukui",67
"651","hillier_31_9_12_2",2010,2010-09-12,"Fukui",77
"652","hillier_31_9_12_2",2010,2010-09-12,"Fukui",74
"653","hillier_31_9_12_2",2010,2010-09-12,"Fukui",77
"654","hillier_31_9_12_2",2010,2010-09-12,"Fukui",77
"655","hillier_31_9_12_2",2010,2010-09-12,"Fukui",67
"656","hillier_31_9_12_2",2010,2010-09-12,"Fukui",63
"657","hillier_31_9_12_2",2010,2010-09-12,"Fukui",74
"658","hillier_31_9_12_2",2010,2010-09-12,"Fukui",73
"659","hillier_31_9_12_3",2010,2010-09-12,"Fukui",81
"660","hillier_31_9_12_3",2010,2010-09-12,"Fukui",71
"661","hillier_31_9_12_3",2010,2010-09-12,"Fukui",72
"662","hillier_31_9_12_3",2010,2010-09-12,"Fukui",77
"663","hillier_31_9_12_3",2010,2010-09-12,"Fukui",74
"664","hillier_31_9_12_3",2010,2010-09-12,"Fukui",72
"665","hillier_31_9_12_3",2010,2010-09-12,"Fukui",70
"666","hillier_31_9_12_3",2010,2010-09-12,"Fukui",81
"667","hillier_31_9_12_3",2010,2010-09-12,"Fukui",73
"668","hillier_31_9_12_3",2010,2010-09-12,"Fukui",77
"669","hillier_31_9_12_3",2010,2010-09-12,"Fukui",73
"670","hillier_31_9_12_3",2010,2010-09-12,"Fukui",76
"671","hillier_31_9_12_3",2010,2010-09-12,"Fukui",79
"672","hillier_31_9_12_3",2010,2010-09-12,"Fukui",78
"673","hillier_31_9_12_3",2010,2010-09-12,"Fukui",60
"674","hillier_31_9_12_3",2010,2010-09-12,"Fukui",71
"675","hillier_31_9_12_3",2010,2010-09-12,"Fukui",72
"676","hillier_31_9_12_3",2010,2010-09-12,"Fukui",73
"677","hillier_31_9_12_3",2010,2010-09-12,"Fukui",74
"678","hillier_31_9_12_3",2010,2010-09-12,"Fukui",70
"679","hillier_31_9_12_3",2010,2010-09-12,"Fukui",70
"680","hillier_31_9_12_3",2010,2010-09-12,"Fukui",68
"681","hillier_31_9_12_3",2010,2010-09-12,"Fukui",72
"682","hillier_31_9_12_3",2010,2010-09-12,"Fukui",73
"683","hillier_31_9_12_3",2010,2010-09-12,"Fukui",76
"684","hillier_31_9_12_3",2010,2010-09-12,"Fukui",79
"685","hillier_31_9_12_3",2010,2010-09-12,"Fukui",84
"686","hillier_31_9_12_3",2010,2010-09-12,"Fukui",65
"687","hillier_31_9_12_4",2010,2010-09-12,"Fukui",75
"688","hillier_31_9_12_4",2010,2010-09-12,"Fukui",78
"689","hillier_31_9_12_4",2010,2010-09-12,"Fukui",77
"690","hillier_31_9_12_4",2010,2010-09-12,"Fukui",71
"691","hillier_31_9_12_4",2010,2010-09-12,"Fukui",73
"692","hillier_31_9_12_4",2010,2010-09-12,"Fukui",80
"693","hillier_31_9_12_4",2010,2010-09-12,"Fukui",80
"694","hillier_31_9_12_4",2010,2010-09-12,"Fukui",78
"695","hillier_31_9_12_4",2010,2010-09-12,"Fukui",80
"696","hillier_31_9_12_4",2010,2010-09-12,"Fukui",75
"697","hillier_31_9_12_4",2010,2010-09-12,"Fukui",79
"698","hillier_31_9_12_4",2010,2010-09-12,"Fukui",71
"699","hillier_31_9_12_4",2010,2010-09-12,"Fukui",71
"700","hillier_31_9_12_4",2010,2010-09-12,"Fukui",77
"701","hillier_31_9_12_4",2010,2010-09-12,"Fukui",70
"702","hillier_31_9_12_4",2010,2010-09-12,"Fukui",69
"703","hillier_31_9_12_4",2010,2010-09-12,"Fukui",75
"704","hillier_31_9_12_4",2010,2010-09-12,"Fukui",94
"705","hillier_31_9_12_4",2010,2010-09-12,"Fukui",72
"706","hillier_31_9_12_4",2010,2010-09-12,"Fukui",74
"707","hillier_31_9_12_4",2010,2010-09-12,"Fukui",72
"708","hillier_31_9_12_4",2010,2010-09-12,"Fukui",82
"709","hillier_31_9_12_4",2010,2010-09-12,"Fukui",73
"710","hillier_31_9_12_4",2010,2010-09-12,"Fukui",78
"711","hillier_31_9_12_4",2010,2010-09-12,"Fukui",68
"712","hillier_31_9_12_4",2010,2010-09-12,"Fukui",76
"713","hillier_31_9_12_4",2010,2010-09-12,"Fukui",69
"714","hillier_31_9_12_4",2010,2010-09-12,"Fukui",75
"715","hillier_31_9_12_5",2010,2010-09-12,"Fukui",94
"716","hillier_31_9_12_5",2010,2010-09-12,"Fukui",78
"717","hillier_31_9_12_5",2010,2010-09-12,"Fukui",85
"718","hillier_31_9_12_5",2010,2010-09-12,"Fukui",81
"719","hillier_31_9_12_5",2010,2010-09-12,"Fukui",87
"720","hillier_31_9_12_5",2010,2010-09-12,"Fukui",79
"721","hillier_31_9_12_5",2010,2010-09-12,"Fukui",73
"722","hillier_31_9_12_5",2010,2010-09-12,"Fukui",81
"723","hillier_31_9_12_5",2010,2010-09-12,"Fukui",81
"724","hillier_31_9_12_5",2010,2010-09-12,"Fukui",62
"725","hillier_31_9_12_5",2010,2010-09-12,"Fukui",81
"726","hillier_31_9_12_5",2010,2010-09-12,"Fukui",70
"727","hillier_31_9_12_5",2010,2010-09-12,"Fukui",80
"728","hillier_31_9_12_5",2010,2010-09-12,"Fukui",77
"729","hillier_31_9_12_5",2010,2010-09-12,"Fukui",78
"730","hillier_31_9_12_5",2010,2010-09-12,"Fukui",80
"731","hillier_31_9_12_5",2010,2010-09-12,"Fukui",83
"732","hillier_31_9_12_5",2010,2010-09-12,"Fukui",64
"733","hillier_31_9_12_5",2010,2010-09-12,"Fukui",85
"734","hillier_31_9_12_5",2010,2010-09-12,"Fukui",68
"735","hillier_31_9_12_5",2010,2010-09-12,"Fukui",74
"736","hillier_31_9_12_5",2010,2010-09-12,"Fukui",69
"737","hillier_31_9_12_5",2010,2010-09-12,"Fukui",72
"738","hillier_31_9_12_5",2010,2010-09-12,"Fukui",73
"739","hillier_31_9_12_6",2010,2010-09-12,"Fukui",81
"740","hillier_31_9_12_6",2010,2010-09-12,"Fukui",80
"741","hillier_31_9_12_6",2010,2010-09-12,"Fukui",69
"742","hillier_31_9_12_6",2010,2010-09-12,"Fukui",82
"743","hillier_31_9_12_6",2010,2010-09-12,"Fukui",80
"744","hillier_31_9_12_6",2010,2010-09-12,"Fukui",83
"745","hillier_31_9_12_6",2010,2010-09-12,"Fukui",73
"746","hillier_31_9_12_6",2010,2010-09-12,"Fukui",77
"747","hillier_31_9_12_6",2010,2010-09-12,"Fukui",76
"748","hillier_31_9_12_6",2010,2010-09-12,"Fukui",73
"749","hillier_31_9_12_6",2010,2010-09-12,"Fukui",70
"750","hillier_31_9_12_6",2010,2010-09-12,"Fukui",74
"751","hillier_31_9_12_6",2010,2010-09-12,"Fukui",73
"752","hillier_31_9_12_6",2010,2010-09-12,"Fukui",68
"753","hillier_31_9_12_6",2010,2010-09-12,"Fukui",78
"754","hillier_31_9_12_6",2010,2010-09-12,"Fukui",76
"755","hillier_31_9_12_6",2010,2010-09-12,"Fukui",88
"756","hillier_31_9_12_6",2010,2010-09-12,"Fukui",85
"757","hillier_31_9_12_6",2010,2010-09-12,"Fukui",75
"758","hillier_31_9_12_6",2010,2010-09-12,"Fukui",78
"759","hillier_31_9_12_6",2010,2010-09-12,"Fukui",76
"760","hillier_31_9_12_6",2010,2010-09-12,"Fukui",78
"761","hillier_31_9_12_6",2010,2010-09-12,"Fukui",74
"762","hillier_31_9_12_6",2010,2010-09-12,"Fukui",77
"763","hillier_31_9_12_6",2010,2010-09-12,"Fukui",68
"764","hillier_31_9_12_6",2010,2010-09-12,"Fukui",81
"765","hillier_31_9_12_6",2010,2010-09-12,"Fukui",74
"766","hillier_31_9_12_6",2010,2010-09-12,"Fukui",82
"767","hillier_31_9_12_6",2010,2010-09-12,"Fukui",79
"768","hillier_31_9_12_6",2010,2010-09-12,"Fukui",80
"769","hillier_31_9_12_6",2010,2010-09-12,"Fukui",77
"770","hillier_31_9_12_6",2010,2010-09-12,"Fukui",73
"771","hillier_31_9_12_6",2010,2010-09-12,"Fukui",75
"772","hillier_31_9_12_6",2010,2010-09-12,"Fukui",68
"773","hillier_31_9_12_6",2010,2010-09-12,"Fukui",75
"774","hillier_31_9_12_6",2010,2010-09-12,"Fukui",61
"775","hillier_31_9_12_6",2010,2010-09-12,"Fukui",75
"776","hillier_31_9_12_6",2010,2010-09-12,"Fukui",73
"777","hillier_31_9_12_6",2010,2010-09-12,"Fukui",75
"778","hillier_31_9_12_6",2010,2010-09-12,"Fukui",75
"779","hillier_31_9_12_6",2010,2010-09-12,"Fukui",58
"780","hillier_31_9_12_6",2010,2010-09-12,"Fukui",82
"781","hillier_32_9_12_1",2010,2010-09-12,"Fukui",79
"782","hillier_32_9_12_1",2010,2010-09-12,"Fukui",81
"783","hillier_32_9_12_1",2010,2010-09-12,"Fukui",68
"784","hillier_32_9_12_1",2010,2010-09-12,"Fukui",93
"785","hillier_32_9_12_1",2010,2010-09-12,"Fukui",82
"786","hillier_32_9_12_1",2010,2010-09-12,"Fukui",78
"787","hillier_32_9_12_1",2010,2010-09-12,"Fukui",77
"788","hillier_32_9_12_1",2010,2010-09-12,"Fukui",86
"789","hillier_32_9_12_1",2010,2010-09-12,"Fukui",88
"790","hillier_32_9_12_1",2010,2010-09-12,"Fukui",89
"791","hillier_32_9_12_1",2010,2010-09-12,"Fukui",72
"792","hillier_32_9_12_1",2010,2010-09-12,"Fukui",75
"793","hillier_32_9_12_1",2010,2010-09-12,"Fukui",72
"794","hillier_32_9_12_1",2010,2010-09-12,"Fukui",89
"795","hillier_32_9_12_1",2010,2010-09-12,"Fukui",94
"796","hillier_32_9_12_1",2010,2010-09-12,"Fukui",80
"797","hillier_32_9_12_1",2010,2010-09-12,"Fukui",73
"798","hillier_32_9_12_1",2010,2010-09-12,"Fukui",72
"799","hillier_32_9_12_1",2010,2010-09-12,"Fukui",75
"800","hillier_32_9_12_1",2010,2010-09-12,"Fukui",73
"801","hillier_32_9_12_1",2010,2010-09-12,"Fukui",74
"802","hillier_32_9_12_1",2010,2010-09-12,"Fukui",73
"803","hillier_32_9_12_1",2010,2010-09-12,"Fukui",72
"804","hillier_32_9_12_1",2010,2010-09-12,"Fukui",87
"805","hillier_32_9_12_1",2010,2010-09-12,"Fukui",71
"806","hillier_32_9_12_1",2010,2010-09-12,"Fukui",78
"807","hillier_32_9_12_1",2010,2010-09-12,"Fukui",69
"808","hillier_32_9_12_2",2010,2010-09-12,"Fukui",79
"809","hillier_32_9_12_2",2010,2010-09-12,"Fukui",82
"810","hillier_32_9_12_2",2010,2010-09-12,"Fukui",74
"811","hillier_32_9_12_2",2010,2010-09-12,"Fukui",78
"812","hillier_32_9_12_2",2010,2010-09-12,"Fukui",80
"813","hillier_32_9_12_2",2010,2010-09-12,"Fukui",73
"814","hillier_32_9_12_2",2010,2010-09-12,"Fukui",75
"815","hillier_32_9_12_2",2010,2010-09-12,"Fukui",80
"816","hillier_32_9_12_2",2010,2010-09-12,"Fukui",77
"817","hillier_32_9_12_2",2010,2010-09-12,"Fukui",73
"818","hillier_32_9_12_2",2010,2010-09-12,"Fukui",74
"819","hillier_32_9_12_2",2010,2010-09-12,"Fukui",74
"820","hillier_32_9_12_2",2010,2010-09-12,"Fukui",83
"821","hillier_32_9_12_2",2010,2010-09-12,"Fukui",76
"822","hillier_32_9_12_2",2010,2010-09-12,"Fukui",72
"823","hillier_32_9_12_2",2010,2010-09-12,"Fukui",75
"824","hillier_32_9_12_2",2010,2010-09-12,"Fukui",73
"825","hillier_32_9_12_2",2010,2010-09-12,"Fukui",73
"826","hillier_32_9_12_2",2010,2010-09-12,"Fukui",79
"827","hillier_32_9_12_2",2010,2010-09-12,"Fukui",79
"828","hillier_32_9_12_2",2010,2010-09-12,"Fukui",77
"829","hillier_32_9_12_2",2010,2010-09-12,"Fukui",71
"830","hillier_32_9_12_2",2010,2010-09-12,"Fukui",68
"831","hillier_32_9_12_2",2010,2010-09-12,"Fukui",72
"832","hillier_32_9_12_2",2010,2010-09-12,"Fukui",74
"833","hillier_32_9_12_2",2010,2010-09-12,"Fukui",63
"834","hillier_32_9_12_2",2010,2010-09-12,"Fukui",73
"835","hillier_32_9_12_2",2010,2010-09-12,"Fukui",76
"836","hillier_32_9_12_2",2010,2010-09-12,"Fukui",82
"837","hillier_32_9_12_2",2010,2010-09-12,"Fukui",65
"838","hillier_32_9_12_2",2010,2010-09-12,"Fukui",73
"839","hillier_32_9_12_2",2010,2010-09-12,"Fukui",72
"840","hillier_32_9_12_2",2010,2010-09-12,"Fukui",71
"841","hillier_32_9_12_2",2010,2010-09-12,"Fukui",68
"842","hillier_32_9_12_2",2010,2010-09-12,"Fukui",80
"843","hillier_32_9_12_2",2010,2010-09-12,"Fukui",71
"844","hillier_32_9_12_2",2010,2010-09-12,"Fukui",73
"845","hillier_32_9_12_2",2010,2010-09-12,"Fukui",73
"846","hillier_32_9_12_2",2010,2010-09-12,"Fukui",74
"847","hillier_32_9_12_2",2010,2010-09-12,"Fukui",70
"848","hillier_32_9_12_2",2010,2010-09-12,"Fukui",71
"849","hillier_32_9_12_2",2010,2010-09-12,"Fukui",78
"850","hillier_32_9_12_2",2010,2010-09-12,"Fukui",71
"851","hillier_32_9_12_2",2010,2010-09-12,"Fukui",64
"852","hillier_32_9_12_3",2010,2010-09-12,"Fukui",87
"853","hillier_32_9_12_3",2010,2010-09-12,"Fukui",78
"854","hillier_32_9_12_3",2010,2010-09-12,"Fukui",78
"855","hillier_32_9_12_3",2010,2010-09-12,"Fukui",78
"856","hillier_32_9_12_3",2010,2010-09-12,"Fukui",88
"857","hillier_32_9_12_3",2010,2010-09-12,"Fukui",85
"858","hillier_32_9_12_3",2010,2010-09-12,"Fukui",75
"859","hillier_32_9_12_3",2010,2010-09-12,"Fukui",88
"860","hillier_32_9_12_3",2010,2010-09-12,"Fukui",75
"861","hillier_32_9_12_3",2010,2010-09-12,"Fukui",90
"862","hillier_32_9_12_3",2010,2010-09-12,"Fukui",85
"863","hillier_32_9_12_3",2010,2010-09-12,"Fukui",81
"864","hillier_32_9_12_3",2010,2010-09-12,"Fukui",75
"865","hillier_32_9_12_3",2010,2010-09-12,"Fukui",78
"866","hillier_32_9_12_3",2010,2010-09-12,"Fukui",78
"867","hillier_32_9_12_3",2010,2010-09-12,"Fukui",68
"868","hillier_32_9_12_3",2010,2010-09-12,"Fukui",77
"869","hillier_32_9_12_3",2010,2010-09-12,"Fukui",71
"870","hillier_32_9_12_3",2010,2010-09-12,"Fukui",76
"871","hillier_32_9_12_3",2010,2010-09-12,"Fukui",77
"872","hillier_32_9_12_3",2010,2010-09-12,"Fukui",78
"873","hillier_32_9_12_3",2010,2010-09-12,"Fukui",77
"874","hillier_32_9_12_3",2010,2010-09-12,"Fukui",71
"875","hillier_32_9_12_3",2010,2010-09-12,"Fukui",75
"876","hillier_32_9_12_3",2010,2010-09-12,"Fukui",77
"877","hillier_32_9_12_3",2010,2010-09-12,"Fukui",77
"878","hillier_32_9_12_3",2010,2010-09-12,"Fukui",76
"879","hillier_32_9_12_3",2010,2010-09-12,"Fukui",73
"880","hillier_32_9_12_3",2010,2010-09-12,"Fukui",76
"881","hillier_32_9_12_3",2010,2010-09-12,"Fukui",67
"882","hillier_32_9_12_3",2010,2010-09-12,"Fukui",78
"883","hillier_32_9_12_3",2010,2010-09-12,"Fukui",81
"884","hillier_32_9_12_3",2010,2010-09-12,"Fukui",72
"885","hillier_32_9_12_3",2010,2010-09-12,"Fukui",79
"886","hillier_32_9_12_3",2010,2010-09-12,"Fukui",79
"887","hillier_32_9_12_4",2010,2010-09-12,"Fukui",91
"888","hillier_32_9_12_4",2010,2010-09-12,"Fukui",74
"889","hillier_32_9_12_4",2010,2010-09-12,"Fukui",80
"890","hillier_32_9_12_4",2010,2010-09-12,"Fukui",90
"891","hillier_32_9_12_4",2010,2010-09-12,"Fukui",84
"892","hillier_32_9_12_4",2010,2010-09-12,"Fukui",78
"893","hillier_32_9_12_4",2010,2010-09-12,"Fukui",71
"894","hillier_32_9_12_4",2010,2010-09-12,"Fukui",82
"895","hillier_32_9_12_4",2010,2010-09-12,"Fukui",74
"896","hillier_32_9_12_4",2010,2010-09-12,"Fukui",81
"897","hillier_32_9_12_4",2010,2010-09-12,"Fukui",73
"898","hillier_32_9_12_4",2010,2010-09-12,"Fukui",79
"899","hillier_32_9_12_4",2010,2010-09-12,"Fukui",75
"900","hillier_32_9_12_4",2010,2010-09-12,"Fukui",88
"901","hillier_32_9_12_4",2010,2010-09-12,"Fukui",73
"902","hillier_32_9_12_4",2010,2010-09-12,"Fukui",75
"903","hillier_32_9_12_4",2010,2010-09-12,"Fukui",75
"904","hillier_32_9_12_4",2010,2010-09-12,"Fukui",76
"905","hillier_32_9_12_4",2010,2010-09-12,"Fukui",77
"906","hillier_32_9_12_4",2010,2010-09-12,"Fukui",78
"907","hillier_32_9_12_4",2010,2010-09-12,"Fukui",75
"908","hillier_32_9_12_4",2010,2010-09-12,"Fukui",76
"909","hillier_32_9_12_4",2010,2010-09-12,"Fukui",72
"910","hillier_32_9_12_4",2010,2010-09-12,"Fukui",67
"911","hillier_32_9_12_4",2010,2010-09-12,"Fukui",74
"912","hillier_32_9_12_4",2010,2010-09-12,"Fukui",60
"913","hillier_32_9_12_4",2010,2010-09-12,"Fukui",74
"914","hillier_32_9_12_4",2010,2010-09-12,"Fukui",73
"915","hillier_32_9_12_4",2010,2010-09-12,"Fukui",83
"916","hillier_32_9_12_4",2010,2010-09-12,"Fukui",73
"917","hillier_32_9_12_4",2010,2010-09-12,"Fukui",74
"918","hillier_32_9_12_4",2010,2010-09-12,"Fukui",74
"919","hillier_32_9_12_4",2010,2010-09-12,"Fukui",69
"920","hillier_32_9_12_4",2010,2010-09-12,"Fukui",71
"921","hillier_32_9_12_4",2010,2010-09-12,"Fukui",74
"922","hillier_32_9_12_4",2010,2010-09-12,"Fukui",73
"923","hillier_32_9_12_4",2010,2010-09-12,"Fukui",76
"924","hillier_32_9_12_4",2010,2010-09-12,"Fukui",63
"925","hillier_32_9_12_4",2010,2010-09-12,"Fukui",69
"926","hillier_32_9_12_4",2010,2010-09-12,"Fukui",79
"927","hillier_32_9_12_4",2010,2010-09-12,"Fukui",68
"928","hillier_32_9_12_4",2010,2010-09-12,"Fukui",67
"929","hillier_32_9_12_4",2010,2010-09-12,"Fukui",80
"930","hillier_32_9_12_4",2010,2010-09-12,"Fukui",77
"931","hillier_32_9_12_4",2010,2010-09-12,"Fukui",72
"932","hillier_32_9_12_4",2010,2010-09-12,"Fukui",68
"933","hillier_32_9_12_4",2010,2010-09-12,"Fukui",70
"934","hillier_32_9_12_4",2010,2010-09-12,"Fukui",75
"935","hillier_32_9_12_4",2010,2010-09-12,"Fukui",75
"936","hillier_32_9_12_4",2010,2010-09-12,"Fukui",77
"937","hillier_32_9_12_4",2010,2010-09-12,"Fukui",72
"938","hillier_32_9_12_4",2010,2010-09-12,"Fukui",68
"939","hillier_32_9_12_4",2010,2010-09-12,"Fukui",71
"940","hillier_32_9_12_4",2010,2010-09-12,"Fukui",70
"941","hillier_32_9_12_4",2010,2010-09-12,"Fukui",69
"942","hillier_32_9_12_4",2010,2010-09-12,"Fukui",72
"943","hillier_32_9_12_4",2010,2010-09-12,"Fukui",73
"944","hillier_32_9_12_4",2010,2010-09-12,"Fukui",58
"945","hillier_32_9_12_4",2010,2010-09-12,"Fukui",66
"946","hillier_32_9_12_4",2010,2010-09-12,"Fukui",74
"947","hillier_32_9_12_4",2010,2010-09-12,"Fukui",68
"948","hillier_32_9_12_5",2010,2010-09-12,"Fukui",81
"949","hillier_32_9_12_5",2010,2010-09-12,"Fukui",80
"950","hillier_32_9_12_5",2010,2010-09-12,"Fukui",80
"951","hillier_32_9_12_5",2010,2010-09-12,"Fukui",74
"952","hillier_32_9_12_5",2010,2010-09-12,"Fukui",74
"953","hillier_32_9_12_5",2010,2010-09-12,"Fukui",70
"954","hillier_32_9_12_5",2010,2010-09-12,"Fukui",73
"955","hillier_32_9_12_5",2010,2010-09-12,"Fukui",72
"956","hillier_32_9_12_5",2010,2010-09-12,"Fukui",66
"957","hillier_32_9_12_5",2010,2010-09-12,"Fukui",69
"958","hillier_32_9_12_5",2010,2010-09-12,"Fukui",68
"959","hillier_32_9_12_5",2010,2010-09-12,"Fukui",61
"960","hillier_32_9_12_5",2010,2010-09-12,"Fukui",75
"961","hillier_32_9_12_5",2010,2010-09-12,"Fukui",73
"962","hillier_32_9_12_6",2010,2010-09-12,"Fukui",91
"963","hillier_32_9_12_6",2010,2010-09-12,"Fukui",73
"964","hillier_32_9_12_6",2010,2010-09-12,"Fukui",76
"965","hillier_32_9_12_6",2010,2010-09-12,"Fukui",81
"966","hillier_32_9_12_6",2010,2010-09-12,"Fukui",74
"967","hillier_32_9_12_6",2010,2010-09-12,"Fukui",75
"968","hillier_32_9_12_6",2010,2010-09-12,"Fukui",76
"969","hillier_32_9_12_6",2010,2010-09-12,"Fukui",75
"970","hillier_32_9_12_6",2010,2010-09-12,"Fukui",80
"971","hillier_32_9_12_6",2010,2010-09-12,"Fukui",85
"972","hillier_32_9_12_6",2010,2010-09-12,"Fukui",69
"973","hillier_32_9_12_6",2010,2010-09-12,"Fukui",83
"974","hillier_32_9_12_6",2010,2010-09-12,"Fukui",73
"975","hillier_32_9_12_6",2010,2010-09-12,"Fukui",71
"976","hillier_32_9_12_6",2010,2010-09-12,"Fukui",70
"977","hillier_32_9_12_6",2010,2010-09-12,"Fukui",75
"978","hillier_32_9_12_6",2010,2010-09-12,"Fukui",69
"979","hillier_32_9_12_6",2010,2010-09-12,"Fukui",79
"980","hillier_32_9_12_6",2010,2010-09-12,"Fukui",68
"981","hillier_32_9_12_6",2010,2010-09-12,"Fukui",71
"982","hillier_32_9_12_6",2010,2010-09-12,"Fukui",74
"983","hillier_32_9_12_6",2010,2010-09-12,"Fukui",74
"984","hillier_32_9_12_6",2010,2010-09-12,"Fukui",89
"985","hillier_32_9_12_6",2010,2010-09-12,"Fukui",88
"986","hillier_32_9_12_6",2010,2010-09-12,"Fukui",83
"987","hillier_32_9_12_6",2010,2010-09-12,"Fukui",78
"988","hillier_32_9_12_6",2010,2010-09-12,"Fukui",93
"989","hillier_32_9_12_6",2010,2010-09-12,"Fukui",69
"990","hillier_32_9_12_6",2010,2010-09-12,"Fukui",70
"991","hillier_32_9_12_6",2010,2010-09-12,"Fukui",73
"992","hillier_32_9_12_6",2010,2010-09-12,"Fukui",72
"993","hillier_32_9_12_6",2010,2010-09-12,"Fukui",79
"994","hillier_32_9_12_6",2010,2010-09-12,"Fukui",74
"995","hillier_32_9_12_6",2010,2010-09-12,"Fukui",73
"996","hillier_32_9_12_6",2010,2010-09-12,"Fukui",81
"997","hillier_32_9_12_6",2010,2010-09-12,"Fukui",71
"998","hillier_32_9_12_6",2010,2010-09-12,"Fukui",71
"999","hillier_32_9_12_6",2010,2010-09-12,"Fukui",84
"1000","hillier_32_9_12_6",2010,2010-09-12,"Fukui",69
"1001","hillier_32_9_12_6",2010,2010-09-12,"Fukui",70
"1002","hillier_32_9_12_6",2010,2010-09-12,"Fukui",64
"1003","hillier_32_9_12_6",2010,2010-09-12,"Fukui",68
"1004","hillier_32_9_12_6",2010,2010-09-12,"Fukui",83
"1005","hillier_32_9_12_6",2010,2010-09-12,"Fukui",72
"1006","hillier_32_9_12_6",2010,2010-09-12,"Fukui",68
"1007","hillier_32_9_12_6",2010,2010-09-12,"Fukui",74
"1008","hillier_32_9_12_6",2010,2010-09-12,"Fukui",75
"1009","hillier_32_9_12_6",2010,2010-09-12,"Fukui",75
"1010","hillier_32_9_12_6",2010,2010-09-12,"Fukui",75
"1011","hillier_33_9_12_1",2010,2010-09-12,"Fukui",67
"1012","hillier_33_9_12_1",2010,2010-09-12,"Fukui",67
"1013","hillier_33_9_12_1",2010,2010-09-12,"Fukui",75
"1014","hillier_33_9_12_1",2010,2010-09-12,"Fukui",69
"1015","hillier_33_9_12_1",2010,2010-09-12,"Fukui",81
"1016","hillier_33_9_12_1",2010,2010-09-12,"Fukui",72
"1017","hillier_33_9_12_1",2010,2010-09-12,"Fukui",72
"1018","hillier_33_9_12_1",2010,2010-09-12,"Fukui",72
"1019","hillier_33_9_12_1",2010,2010-09-12,"Fukui",77
"1020","hillier_33_9_12_1",2010,2010-09-12,"Fukui",78
"1021","hillier_33_9_12_1",2010,2010-09-12,"Fukui",73
"1022","hillier_33_9_12_2",2010,2010-09-12,"Fukui",71
"1023","hillier_33_9_12_2",2010,2010-09-12,"Fukui",78
"1024","hillier_33_9_12_2",2010,2010-09-12,"Fukui",78
"1025","hillier_33_9_12_2",2010,2010-09-12,"Fukui",81
"1026","hillier_33_9_12_2",2010,2010-09-12,"Fukui",73
"1027","hillier_33_9_12_2",2010,2010-09-12,"Fukui",74
"1028","hillier_33_9_12_2",2010,2010-09-12,"Fukui",76
"1029","hillier_33_9_12_2",2010,2010-09-12,"Fukui",74
"1030","hillier_33_9_12_2",2010,2010-09-12,"Fukui",76
"1031","hillier_33_9_12_2",2010,2010-09-12,"Fukui",70
"1032","hillier_33_9_12_2",2010,2010-09-12,"Fukui",76
"1033","hillier_33_9_12_2",2010,2010-09-12,"Fukui",75
"1034","hillier_33_9_12_2",2010,2010-09-12,"Fukui",77
"1035","hillier_33_9_12_2",2010,2010-09-12,"Fukui",77
"1036","hillier_33_9_12_2",2010,2010-09-12,"Fukui",78
"1037","hillier_33_9_12_2",2010,2010-09-12,"Fukui",77
"1038","hillier_33_9_12_2",2010,2010-09-12,"Fukui",72
"1039","hillier_33_9_12_2",2010,2010-09-12,"Fukui",77
"1040","hillier_33_9_12_2",2010,2010-09-12,"Fukui",74
"1041","hillier_33_9_12_2",2010,2010-09-12,"Fukui",75
"1042","hillier_33_9_12_2",2010,2010-09-12,"Fukui",74
"1043","hillier_33_9_12_2",2010,2010-09-12,"Fukui",74
"1044","hillier_33_9_12_2",2010,2010-09-12,"Fukui",82
"1045","hillier_33_9_12_2",2010,2010-09-12,"Fukui",69
"1046","hillier_33_9_12_2",2010,2010-09-12,"Fukui",71
"1047","hillier_33_9_12_2",2010,2010-09-12,"Fukui",80
"1048","hillier_33_9_12_2",2010,2010-09-12,"Fukui",74
"1049","hillier_33_9_12_2",2010,2010-09-12,"Fukui",69
"1050","hillier_33_9_12_2",2010,2010-09-12,"Fukui",68
"1051","hillier_33_9_12_3",2010,2010-09-12,"Fukui",79
"1052","hillier_33_9_12_4",2010,2010-09-12,"Fukui",78
"1053","hillier_33_9_12_4",2010,2010-09-12,"Fukui",77
"1054","hillier_33_9_12_4",2010,2010-09-12,"Fukui",75
"1055","hillier_33_9_12_4",2010,2010-09-12,"Fukui",72
"1056","hillier_33_9_12_4",2010,2010-09-12,"Fukui",71
"1057","hillier_33_9_12_5",2010,2010-09-12,"Fukui",87
"1058","hillier_33_9_12_5",2010,2010-09-12,"Fukui",77
"1059","hillier_33_9_12_5",2010,2010-09-12,"Fukui",75
"1060","hillier_33_9_12_5",2010,2010-09-12,"Fukui",77
"1061","hillier_33_9_12_5",2010,2010-09-12,"Fukui",65
"1062","hillier_33_9_12_5",2010,2010-09-12,"Fukui",75
"1063","hillier_33_9_12_5",2010,2010-09-12,"Fukui",69
"1064","hillier_33_9_12_5",2010,2010-09-12,"Fukui",73
"1065","hillier_33_9_12_5",2010,2010-09-12,"Fukui",72
"1066","hillier_33_9_12_5",2010,2010-09-12,"Fukui",64
"1067","hillier_33_9_12_5",2010,2010-09-12,"Fukui",64
"1068","hillier_33_9_12_5",2010,2010-09-12,"Fukui",73
"1069","hillier_33_9_12_5",2010,2010-09-12,"Fukui",66
"1070","hillier_33_9_12_5",2010,2010-09-12,"Fukui",81
"1071","hillier_33_9_12_5",2010,2010-09-12,"Fukui",69
"1072","hillier_33_9_12_6",2010,2010-09-12,"Fukui",83
"1073","hillier_33_9_12_6",2010,2010-09-12,"Fukui",80
"1074","hillier_33_9_12_6",2010,2010-09-12,"Fukui",78
"1075","hillier_33_9_12_6",2010,2010-09-12,"Fukui",71
"1076","hillier_33_9_12_6",2010,2010-09-12,"Fukui",75
"1077","hillier_33_9_12_6",2010,2010-09-12,"Fukui",65
"1078","hillier_33_9_12_6",2010,2010-09-12,"Fukui",73
"1079","hillier_33_9_12_6",2010,2010-09-12,"Fukui",67
"1080","hillier_33_9_12_6",2010,2010-09-12,"Fukui",76
"1081","hillier_33_9_12_6",2010,2010-09-12,"Fukui",72
"1082","hillier_40_9_13_1",2010,2010-09-13,"Fukui",77
"1083","hillier_40_9_13_1",2010,2010-09-13,"Fukui",76
"1084","hillier_40_9_13_1",2010,2010-09-13,"Fukui",78
"1085","hillier_40_9_13_1",2010,2010-09-13,"Fukui",87
"1086","hillier_40_9_13_1",2010,2010-09-13,"Fukui",78
"1087","hillier_40_9_13_1",2010,2010-09-13,"Fukui",78
"1088","hillier_40_9_13_1",2010,2010-09-13,"Fukui",76
"1089","hillier_40_9_13_1",2010,2010-09-13,"Fukui",75
"1090","hillier_40_9_13_1",2010,2010-09-13,"Fukui",70
"1091","hillier_40_9_13_1",2010,2010-09-13,"Fukui",86
"1092","hillier_40_9_13_1",2010,2010-09-13,"Fukui",90
"1093","hillier_40_9_13_1",2010,2010-09-13,"Fukui",75
"1094","hillier_40_9_13_1",2010,2010-09-13,"Fukui",69
"1095","hillier_40_9_13_1",2010,2010-09-13,"Fukui",80
"1096","hillier_40_9_13_1",2010,2010-09-13,"Fukui",73
"1097","hillier_40_9_13_1",2010,2010-09-13,"Fukui",68
"1098","hillier_40_9_13_1",2010,2010-09-13,"Fukui",81
"1099","hillier_40_9_13_1",2010,2010-09-13,"Fukui",76
"1100","hillier_40_9_13_1",2010,2010-09-13,"Fukui",71
"1101","hillier_40_9_13_1",2010,2010-09-13,"Fukui",77
"1102","hillier_40_9_13_1",2010,2010-09-13,"Fukui",75
"1103","hillier_40_9_13_1",2010,2010-09-13,"Fukui",76
"1104","hillier_40_9_13_1",2010,2010-09-13,"Fukui",79
"1105","hillier_40_9_13_1",2010,2010-09-13,"Fukui",78
"1106","hillier_40_9_13_1",2010,2010-09-13,"Fukui",74
"1107","hillier_40_9_13_1",2010,2010-09-13,"Fukui",69
"1108","hillier_40_9_13_1",2010,2010-09-13,"Fukui",75
"1109","hillier_40_9_13_1",2010,2010-09-13,"Fukui",79
"1110","hillier_40_9_13_1",2010,2010-09-13,"Fukui",71
"1111","hillier_40_9_13_1",2010,2010-09-13,"Fukui",67
"1112","hillier_40_9_13_1",2010,2010-09-13,"Fukui",72
"1113","hillier_40_9_13_2",2010,2010-09-13,"Fukui",88
"1114","hillier_40_9_13_2",2010,2010-09-13,"Fukui",89
"1115","hillier_40_9_13_2",2010,2010-09-13,"Fukui",76
"1116","hillier_40_9_13_2",2010,2010-09-13,"Fukui",80
"1117","hillier_40_9_13_2",2010,2010-09-13,"Fukui",71
"1118","hillier_40_9_13_2",2010,2010-09-13,"Fukui",72
"1119","hillier_40_9_13_2",2010,2010-09-13,"Fukui",76
"1120","hillier_40_9_13_2",2010,2010-09-13,"Fukui",73
"1121","hillier_40_9_13_2",2010,2010-09-13,"Fukui",75
"1122","hillier_40_9_13_2",2010,2010-09-13,"Fukui",74
"1123","hillier_40_9_13_2",2010,2010-09-13,"Fukui",73
"1124","hillier_40_9_13_2",2010,2010-09-13,"Fukui",76
"1125","hillier_40_9_13_2",2010,2010-09-13,"Fukui",72
"1126","hillier_40_9_13_2",2010,2010-09-13,"Fukui",73
"1127","hillier_40_9_13_2",2010,2010-09-13,"Fukui",70
"1128","hillier_40_9_13_2",2010,2010-09-13,"Fukui",73
"1129","hillier_40_9_13_3",2010,2010-09-13,"Fukui",77
"1130","hillier_40_9_13_3",2010,2010-09-13,"Fukui",71
"1131","hillier_40_9_13_3",2010,2010-09-13,"Fukui",89
"1132","hillier_40_9_13_3",2010,2010-09-13,"Fukui",86
"1133","hillier_40_9_13_3",2010,2010-09-13,"Fukui",79
"1134","hillier_40_9_13_3",2010,2010-09-13,"Fukui",77
"1135","hillier_40_9_13_3",2010,2010-09-13,"Fukui",81
"1136","hillier_40_9_13_3",2010,2010-09-13,"Fukui",77
"1137","hillier_40_9_13_3",2010,2010-09-13,"Fukui",68
"1138","hillier_40_9_13_3",2010,2010-09-13,"Fukui",73
"1139","hillier_40_9_13_3",2010,2010-09-13,"Fukui",68
"1140","hillier_40_9_13_3",2010,2010-09-13,"Fukui",78
"1141","hillier_40_9_13_3",2010,2010-09-13,"Fukui",72
"1142","hillier_40_9_13_3",2010,2010-09-13,"Fukui",77
"1143","hillier_40_9_13_3",2010,2010-09-13,"Fukui",77
"1144","hillier_40_9_13_3",2010,2010-09-13,"Fukui",75
"1145","hillier_40_9_13_4",2010,2010-09-13,"Fukui",78
"1146","hillier_40_9_13_4",2010,2010-09-13,"Fukui",78
"1147","hillier_40_9_13_4",2010,2010-09-13,"Fukui",65
"1148","hillier_40_9_13_4",2010,2010-09-13,"Fukui",75
"1149","hillier_40_9_13_4",2010,2010-09-13,"Fukui",70
"1150","hillier_40_9_13_5",2010,2010-09-13,"Fukui",76
"1151","hillier_40_9_13_5",2010,2010-09-13,"Fukui",74
"1152","hillier_40_9_13_5",2010,2010-09-13,"Fukui",95
"1153","hillier_40_9_13_5",2010,2010-09-13,"Fukui",87
"1154","hillier_40_9_13_5",2010,2010-09-13,"Fukui",78
"1155","hillier_40_9_13_5",2010,2010-09-13,"Fukui",66
"1156","hillier_40_9_13_5",2010,2010-09-13,"Fukui",71
"1157","hillier_40_9_13_5",2010,2010-09-13,"Fukui",72
"1158","hillier_40_9_13_5",2010,2010-09-13,"Fukui",80
"1159","hillier_40_9_13_5",2010,2010-09-13,"Fukui",73
"1160","hillier_40_9_13_5",2010,2010-09-13,"Fukui",70
"1161","hillier_40_9_13_5",2010,2010-09-13,"Fukui",69
"1162","hillier_40_9_13_6",2010,2010-09-13,"Fukui",92
"1163","hillier_40_9_13_6",2010,2010-09-13,"Fukui",87
"1164","hillier_40_9_13_6",2010,2010-09-13,"Fukui",73
"1165","hillier_40_9_13_6",2010,2010-09-13,"Fukui",77
"1166","hillier_40_9_13_6",2010,2010-09-13,"Fukui",74
"1167","hillier_40_9_13_6",2010,2010-09-13,"Fukui",79
"1168","hillier_40_9_13_6",2010,2010-09-13,"Fukui",76
"1169","hillier_40_9_13_6",2010,2010-09-13,"Fukui",71
"1170","hillier_40_9_13_6",2010,2010-09-13,"Fukui",76
"1171","hillier_40_9_13_6",2010,2010-09-13,"Fukui",86
"1172","hillier_40_9_13_6",2010,2010-09-13,"Fukui",77
"1173","hillier_40_9_13_6",2010,2010-09-13,"Fukui",73
"1174","hillier_40_9_13_6",2010,2010-09-13,"Fukui",73
"1175","hillier_40_9_13_6",2010,2010-09-13,"Fukui",77
"1176","hillier_40_9_13_6",2010,2010-09-13,"Fukui",70
"1177","hillier_40_9_13_6",2010,2010-09-13,"Fukui",79
"1178","hillier_40_9_13_6",2010,2010-09-13,"Fukui",69
"1179","hillier_40_9_13_6",2010,2010-09-13,"Fukui",74
"1180","hillier_40_9_13_6",2010,2010-09-13,"Fukui",69
"1181","hillier_40_9_13_6",2010,2010-09-13,"Fukui",64
"1182","hillier_40_9_13_6",2010,2010-09-13,"Fukui",73
"1183","hillier_40_9_13_6",2010,2010-09-13,"Fukui",74
"1184","hillier_40_9_13_6",2010,2010-09-13,"Fukui",75
"1185","hillier_40_9_13_6",2010,2010-09-13,"Fukui",57
"1186","hillier_40_9_13_6",2010,2010-09-13,"Fukui",74
"1187","hillier_40_9_13_6",2010,2010-09-13,"Fukui",72
"1188","hillier_40_9_13_6",2010,2010-09-13,"Fukui",67
"1189","hillier_40_9_13_6",2010,2010-09-13,"Fukui",63
"1190","hillier_40_9_13_6",2010,2010-09-13,"Fukui",69
"1191","hillier_41_9_13_1",2010,2010-09-13,"Fukui",79
"1192","hillier_41_9_13_1",2010,2010-09-13,"Fukui",76
"1193","hillier_41_9_13_1",2010,2010-09-13,"Fukui",78
"1194","hillier_41_9_13_1",2010,2010-09-13,"Fukui",82
"1195","hillier_41_9_13_1",2010,2010-09-13,"Fukui",76
"1196","hillier_41_9_13_1",2010,2010-09-13,"Fukui",75
"1197","hillier_41_9_13_1",2010,2010-09-13,"Fukui",75
"1198","hillier_41_9_13_1",2010,2010-09-13,"Fukui",73
"1199","hillier_41_9_13_1",2010,2010-09-13,"Fukui",75
"1200","hillier_41_9_13_1",2010,2010-09-13,"Fukui",65
"1201","hillier_41_9_13_1",2010,2010-09-13,"Fukui",73
"1202","hillier_41_9_13_1",2010,2010-09-13,"Fukui",79
"1203","hillier_41_9_13_2",2010,2010-09-13,"Fukui",79
"1204","hillier_41_9_13_2",2010,2010-09-13,"Fukui",74
"1205","hillier_41_9_13_2",2010,2010-09-13,"Fukui",70
"1206","hillier_41_9_13_2",2010,2010-09-13,"Fukui",69
"1207","hillier_41_9_13_2",2010,2010-09-13,"Fukui",73
"1208","hillier_41_9_13_2",2010,2010-09-13,"Fukui",73
"1209","hillier_41_9_13_2",2010,2010-09-13,"Fukui",69
"1210","hillier_41_9_13_2",2010,2010-09-13,"Fukui",80
"1211","hillier_41_9_13_2",2010,2010-09-13,"Fukui",82
"1212","hillier_41_9_13_2",2010,2010-09-13,"Fukui",78
"1213","hillier_41_9_13_2",2010,2010-09-13,"Fukui",73
"1214","hillier_41_9_13_2",2010,2010-09-13,"Fukui",67
"1215","hillier_41_9_13_3",2010,2010-09-13,"Fukui",83
"1216","hillier_41_9_13_3",2010,2010-09-13,"Fukui",74
"1217","hillier_41_9_13_3",2010,2010-09-13,"Fukui",78
"1218","hillier_41_9_13_3",2010,2010-09-13,"Fukui",73
"1219","hillier_41_9_13_3",2010,2010-09-13,"Fukui",73
"1220","hillier_41_9_13_3",2010,2010-09-13,"Fukui",73
"1221","hillier_41_9_13_3",2010,2010-09-13,"Fukui",83
"1222","hillier_41_9_13_3",2010,2010-09-13,"Fukui",78
"1223","hillier_41_9_13_3",2010,2010-09-13,"Fukui",71
"1224","hillier_41_9_13_3",2010,2010-09-13,"Fukui",79
"1225","hillier_41_9_13_3",2010,2010-09-13,"Fukui",70
"1226","hillier_41_9_13_3",2010,2010-09-13,"Fukui",76
"1227","hillier_41_9_13_3",2010,2010-09-13,"Fukui",70
"1228","hillier_41_9_13_3",2010,2010-09-13,"Fukui",70
"1229","hillier_41_9_13_3",2010,2010-09-13,"Fukui",77
"1230","hillier_41_9_13_3",2010,2010-09-13,"Fukui",68
"1231","hillier_41_9_13_3",2010,2010-09-13,"Fukui",69
"1232","hillier_41_9_13_3",2010,2010-09-13,"Fukui",67
"1233","hillier_41_9_13_3",2010,2010-09-13,"Fukui",79
"1234","hillier_41_9_13_3",2010,2010-09-13,"Fukui",79
"1235","hillier_41_9_13_3",2010,2010-09-13,"Fukui",74
"1236","hillier_41_9_13_4",2010,2010-09-13,"Fukui",83
"1237","hillier_41_9_13_4",2010,2010-09-13,"Fukui",75
"1238","hillier_41_9_13_4",2010,2010-09-13,"Fukui",77
"1239","hillier_41_9_13_4",2010,2010-09-13,"Fukui",79
"1240","hillier_41_9_13_4",2010,2010-09-13,"Fukui",72
"1241","hillier_41_9_13_4",2010,2010-09-13,"Fukui",77
"1242","hillier_41_9_13_4",2010,2010-09-13,"Fukui",73
"1243","hillier_41_9_13_4",2010,2010-09-13,"Fukui",73
"1244","hillier_41_9_13_4",2010,2010-09-13,"Fukui",70
"1245","hillier_41_9_13_4",2010,2010-09-13,"Fukui",71
"1246","hillier_41_9_13_4",2010,2010-09-13,"Fukui",69
"1247","hillier_41_9_13_4",2010,2010-09-13,"Fukui",69
"1248","hillier_41_9_13_4",2010,2010-09-13,"Fukui",64
"1249","hillier_41_9_13_4",2010,2010-09-13,"Fukui",69
"1250","hillier_41_9_13_4",2010,2010-09-13,"Fukui",78
"1251","hillier_41_9_13_4",2010,2010-09-13,"Fukui",75
"1252","hillier_41_9_13_4",2010,2010-09-13,"Fukui",78
"1253","hillier_41_9_13_4",2010,2010-09-13,"Fukui",76
"1254","hillier_41_9_13_4",2010,2010-09-13,"Fukui",71
"1255","hillier_41_9_13_4",2010,2010-09-13,"Fukui",77
"1256","hillier_41_9_13_4",2010,2010-09-13,"Fukui",75
"1257","hillier_41_9_13_4",2010,2010-09-13,"Fukui",80
"1258","hillier_41_9_13_5",2010,2010-09-13,"Fukui",76
"1259","hillier_41_9_13_5",2010,2010-09-13,"Fukui",78
"1260","hillier_41_9_13_5",2010,2010-09-13,"Fukui",69
"1261","hillier_41_9_13_5",2010,2010-09-13,"Fukui",78
"1262","hillier_41_9_13_5",2010,2010-09-13,"Fukui",75
"1263","hillier_41_9_13_5",2010,2010-09-13,"Fukui",73
"1264","hillier_41_9_13_5",2010,2010-09-13,"Fukui",77
"1265","hillier_41_9_13_5",2010,2010-09-13,"Fukui",74
"1266","hillier_41_9_13_5",2010,2010-09-13,"Fukui",78
"1267","hillier_41_9_13_5",2010,2010-09-13,"Fukui",75
"1268","hillier_41_9_13_5",2010,2010-09-13,"Fukui",77
"1269","hillier_41_9_13_5",2010,2010-09-13,"Fukui",69
"1270","hillier_41_9_13_5",2010,2010-09-13,"Fukui",73
"1271","hillier_41_9_13_5",2010,2010-09-13,"Fukui",78
"1272","hillier_41_9_13_5",2010,2010-09-13,"Fukui",78
"1273","hillier_41_9_13_5",2010,2010-09-13,"Fukui",66
"1274","hillier_41_9_13_5",2010,2010-09-13,"Fukui",73
"1275","hillier_41_9_13_5",2010,2010-09-13,"Fukui",72
"1276","hillier_41_9_13_5",2010,2010-09-13,"Fukui",70
"1277","hillier_41_9_13_5",2010,2010-09-13,"Fukui",73
"1278","hillier_41_9_13_5",2010,2010-09-13,"Fukui",69
"1279","hillier_41_9_13_5",2010,2010-09-13,"Fukui",75
"1280","hillier_41_9_13_5",2010,2010-09-13,"Fukui",63
"1281","hillier_41_9_13_6",2010,2010-09-13,"Fukui",75
"1282","hillier_41_9_13_6",2010,2010-09-13,"Fukui",86
"1283","hillier_41_9_13_6",2010,2010-09-13,"Fukui",86
"1284","hillier_41_9_13_6",2010,2010-09-13,"Fukui",86
"1285","hillier_41_9_13_6",2010,2010-09-13,"Fukui",78
"1286","hillier_41_9_13_6",2010,2010-09-13,"Fukui",80
"1287","hillier_41_9_13_6",2010,2010-09-13,"Fukui",70
"1288","hillier_41_9_13_6",2010,2010-09-13,"Fukui",81
"1289","hillier_41_9_13_6",2010,2010-09-13,"Fukui",78
"1290","hillier_41_9_13_6",2010,2010-09-13,"Fukui",68
"1291","hillier_41_9_13_6",2010,2010-09-13,"Fukui",79
"1292","hillier_41_9_13_6",2010,2010-09-13,"Fukui",78
"1293","hillier_41_9_13_6",2010,2010-09-13,"Fukui",73
"1294","hillier_41_9_13_6",2010,2010-09-13,"Fukui",68
"1295","hillier_41_9_13_6",2010,2010-09-13,"Fukui",74
"1296","hillier_41_9_13_6",2010,2010-09-13,"Fukui",68
"1297","hillier_41_9_13_6",2010,2010-09-13,"Fukui",73
"1298","hillier_41_9_13_6",2010,2010-09-13,"Fukui",68
"1299","hillier_41_9_13_6",2010,2010-09-13,"Fukui",67
"1300","hillier_41_9_13_6",2010,2010-09-13,"Fukui",74
"1301","hillier_41_9_13_6",2010,2010-09-13,"Fukui",70
"1302","hillier_41_9_13_6",2010,2010-09-13,"Fukui",71
"1303","hillier_41_9_13_6",2010,2010-09-13,"Fukui",76
"1304","hillier_41_9_13_6",2010,2010-09-13,"Fukui",73
"1305","hillier_41_9_13_6",2010,2010-09-13,"Fukui",75
"1306","hillier_41_9_13_6",2010,2010-09-13,"Fukui",69
"1307","hillier_42_9_13_1",2010,2010-09-13,"Fukui",92
"1308","hillier_42_9_13_1",2010,2010-09-13,"Fukui",93
"1309","hillier_42_9_13_2",2010,2010-09-13,"Fukui",73
"1310","hillier_42_9_13_2",2010,2010-09-13,"Fukui",70
"1311","hillier_42_9_13_2",2010,2010-09-13,"Fukui",57
"1312","hillier_42_9_13_3",2010,2010-09-13,"Fukui",74
"1313","hillier_42_9_13_3",2010,2010-09-13,"Fukui",73
"1314","hillier_42_9_13_3",2010,2010-09-13,"Fukui",73
"1315","hillier_42_9_13_3",2010,2010-09-13,"Fukui",75
"1316","hillier_42_9_13_3",2010,2010-09-13,"Fukui",72
"1317","hillier_42_9_13_3",2010,2010-09-13,"Fukui",70
"1318","hillier_42_9_13_4",2010,2010-09-13,"Fukui",82
"1319","hillier_42_9_13_4",2010,2010-09-13,"Fukui",70
"1320","hillier_42_9_13_5",2010,2010-09-13,"Fukui",73
"1321","hillier_49_9_14_1",2010,2010-09-14,"Fukui",92
"1322","hillier_49_9_14_1",2010,2010-09-14,"Fukui",89
"1323","hillier_49_9_14_1",2010,2010-09-14,"Fukui",72
"1324","hillier_49_9_14_1",2010,2010-09-14,"Fukui",73
"1325","hillier_49_9_14_1",2010,2010-09-14,"Fukui",76
"1326","hillier_49_9_14_1",2010,2010-09-14,"Fukui",67
"1327","hillier_49_9_14_1",2010,2010-09-14,"Fukui",78
"1328","hillier_49_9_14_1",2010,2010-09-14,"Fukui",78
"1329","hillier_49_9_14_1",2010,2010-09-14,"Fukui",81
"1330","hillier_49_9_14_2",2010,2010-09-14,"Fukui",82
"1331","hillier_49_9_14_2",2010,2010-09-14,"Fukui",81
"1332","hillier_49_9_14_2",2010,2010-09-14,"Fukui",72
"1333","hillier_49_9_14_2",2010,2010-09-14,"Fukui",85
"1334","hillier_49_9_14_3",2010,2010-09-14,"Fukui",76
"1335","hillier_49_9_14_4",2010,2010-09-14,"Fukui",88
"1336","hillier_49_9_14_4",2010,2010-09-14,"Fukui",89
"1337","hillier_49_9_14_4",2010,2010-09-14,"Fukui",76
"1338","hillier_49_9_14_4",2010,2010-09-14,"Fukui",82
"1339","hillier_49_9_14_4",2010,2010-09-14,"Fukui",70
"1340","hillier_49_9_14_4",2010,2010-09-14,"Fukui",68
"1341","hillier_49_9_14_5",2010,2010-09-14,"Fukui",77
"1342","hillier_49_9_14_5",2010,2010-09-14,"Fukui",78
"1343","hillier_49_9_14_5",2010,2010-09-14,"Fukui",70
"1344","hillier_49_9_14_5",2010,2010-09-14,"Fukui",70
"1345","hillier_49_9_14_5",2010,2010-09-14,"Fukui",67
"1346","hillier_49_9_14_5",2010,2010-09-14,"Fukui",71
"1347","hillier_49_9_14_5",2010,2010-09-14,"Fukui",67
"1348","hillier_49_9_14_5",2010,2010-09-14,"Fukui",67
"1349","hillier_49_9_14_5",2010,2010-09-14,"Fukui",74
"1350","hillier_49_9_14_5",2010,2010-09-14,"Fukui",90
"1351","hillier_49_9_14_5",2010,2010-09-14,"Fukui",84
"1352","hillier_49_9_14_5",2010,2010-09-14,"Fukui",77
"1353","hillier_49_9_14_5",2010,2010-09-14,"Fukui",77
"1354","hillier_49_9_14_5",2010,2010-09-14,"Fukui",76
"1355","hillier_49_9_14_5",2010,2010-09-14,"Fukui",71
"1356","hillier_49_9_14_6",2010,2010-09-14,"Fukui",77
"1357","hillier_49_9_14_6",2010,2010-09-14,"Fukui",77
"1358","hillier_50_9_14_1",2010,2010-09-14,"Fukui",79
"1359","hillier_50_9_14_1",2010,2010-09-14,"Fukui",75
"1360","hillier_50_9_14_1",2010,2010-09-14,"Fukui",65
"1361","hillier_50_9_14_1",2010,2010-09-14,"Fukui",68
"1362","hillier_50_9_14_1",2010,2010-09-14,"Fukui",84
"1363","hillier_50_9_14_1",2010,2010-09-14,"Fukui",77
"1364","hillier_50_9_14_1",2010,2010-09-14,"Fukui",84
"1365","hillier_50_9_14_1",2010,2010-09-14,"Fukui",84
"1366","hillier_50_9_14_1",2010,2010-09-14,"Fukui",79
"1367","hillier_50_9_14_1",2010,2010-09-14,"Fukui",74
"1368","hillier_50_9_14_1",2010,2010-09-14,"Fukui",71
"1369","hillier_50_9_14_1",2010,2010-09-14,"Fukui",70
"1370","hillier_50_9_14_1",2010,2010-09-14,"Fukui",61
"1371","hillier_50_9_14_1",2010,2010-09-14,"Fukui",76
"1372","hillier_50_9_14_1",2010,2010-09-14,"Fukui",59
"1373","hillier_50_9_14_1",2010,2010-09-14,"Fukui",52
"1374","hillier_50_9_14_1",2010,2010-09-14,"Fukui",53
"1375","hillier_50_9_14_1",2010,2010-09-14,"Fukui",72
"1376","hillier_50_9_14_1",2010,2010-09-14,"Fukui",75
"1377","hillier_50_9_14_1",2010,2010-09-14,"Fukui",75
"1378","hillier_50_9_14_1",2010,2010-09-14,"Fukui",73
"1379","hillier_50_9_14_1",2010,2010-09-14,"Fukui",74
"1380","hillier_50_9_14_2",2010,2010-09-14,"Fukui",82
"1381","hillier_50_9_14_2",2010,2010-09-14,"Fukui",85
"1382","hillier_50_9_14_2",2010,2010-09-14,"Fukui",85
"1383","hillier_50_9_14_2",2010,2010-09-14,"Fukui",86
"1384","hillier_50_9_14_2",2010,2010-09-14,"Fukui",75
"1385","hillier_50_9_14_2",2010,2010-09-14,"Fukui",67
"1386","hillier_50_9_14_2",2010,2010-09-14,"Fukui",75
"1387","hillier_50_9_14_2",2010,2010-09-14,"Fukui",57
"1388","hillier_50_9_14_2",2010,2010-09-14,"Fukui",53
"1389","hillier_50_9_14_2",2010,2010-09-14,"Fukui",66
"1390","hillier_50_9_14_2",2010,2010-09-14,"Fukui",70
"1391","hillier_50_9_14_4",2010,2010-09-14,"Fukui",77
"1392","hillier_50_9_14_4",2010,2010-09-14,"Fukui",75
"1393","hillier_50_9_14_4",2010,2010-09-14,"Fukui",73
"1394","hillier_50_9_14_4",2010,2010-09-14,"Fukui",53
"1395","hillier_50_9_14_4",2010,2010-09-14,"Fukui",74
"1396","hillier_50_9_14_4",2010,2010-09-14,"Fukui",66
"1397","hillier_50_9_14_4",2010,2010-09-14,"Fukui",67
"1398","hillier_50_9_14_4",2010,2010-09-14,"Fukui",66
"1399","hillier_50_9_14_4",2010,2010-09-14,"Fukui",70
"1400","hillier_50_9_14_4",2010,2010-09-14,"Fukui",71
"1401","hillier_50_9_14_4",2010,2010-09-14,"Fukui",76
"1402","hillier_50_9_14_4",2010,2010-09-14,"Fukui",78
"1403","hillier_50_9_14_4",2010,2010-09-14,"Fukui",76
"1404","hillier_50_9_14_4",2010,2010-09-14,"Fukui",74
"1405","hillier_50_9_14_4",2010,2010-09-14,"Fukui",74
"1406","hillier_50_9_14_5",2010,2010-09-14,"Fukui",83
"1407","hillier_50_9_14_5",2010,2010-09-14,"Fukui",80
"1408","hillier_50_9_14_5",2010,2010-09-14,"Fukui",69
"1409","hillier_50_9_14_5",2010,2010-09-14,"Fukui",78
"1410","hillier_50_9_14_5",2010,2010-09-14,"Fukui",74
"1411","hillier_50_9_14_5",2010,2010-09-14,"Fukui",85
"1412","hillier_50_9_14_5",2010,2010-09-14,"Fukui",73
"1413","hillier_50_9_14_5",2010,2010-09-14,"Fukui",70
"1414","hillier_50_9_14_5",2010,2010-09-14,"Fukui",73
"1415","hillier_50_9_14_5",2010,2010-09-14,"Fukui",73
"1416","hillier_50_9_14_5",2010,2010-09-14,"Fukui",74
"1417","hillier_50_9_14_5",2010,2010-09-14,"Fukui",80
"1418","hillier_50_9_14_5",2010,2010-09-14,"Fukui",61
"1419","hillier_50_9_14_5",2010,2010-09-14,"Fukui",72
"1420","hillier_50_9_14_5",2010,2010-09-14,"Fukui",75
"1421","hillier_50_9_14_5",2010,2010-09-14,"Fukui",81
"1422","hillier_50_9_14_5",2010,2010-09-14,"Fukui",76
"1423","hillier_50_9_14_5",2010,2010-09-14,"Fukui",67
"1424","hillier_50_9_14_5",2010,2010-09-14,"Fukui",66
"1425","hillier_50_9_14_5",2010,2010-09-14,"Fukui",77
"1426","hillier_50_9_14_5",2010,2010-09-14,"Fukui",69
"1427","hillier_50_9_14_5",2010,2010-09-14,"Fukui",73
"1428","hillier_50_9_14_5",2010,2010-09-14,"Fukui",66
"1429","hillier_50_9_14_5",2010,2010-09-14,"Fukui",73
"1430","hillier_50_9_14_5",2010,2010-09-14,"Fukui",68
"1431","hillier_50_9_14_6",2010,2010-09-14,"Fukui",86
"1432","hillier_50_9_14_6",2010,2010-09-14,"Fukui",76
"1433","hillier_50_9_14_6",2010,2010-09-14,"Fukui",69
"1434","hillier_50_9_14_6",2010,2010-09-14,"Fukui",75
"1435","hillier_50_9_14_6",2010,2010-09-14,"Fukui",73
"1436","hillier_50_9_14_6",2010,2010-09-14,"Fukui",77
"1437","hillier_50_9_14_6",2010,2010-09-14,"Fukui",70
"1438","hillier_50_9_14_6",2010,2010-09-14,"Fukui",70
"1439","hillier_50_9_14_6",2010,2010-09-14,"Fukui",56
"1440","hillier_51_9_14_1",2010,2010-09-14,"Fukui",74
"1441","hillier_51_9_14_3",2010,2010-09-14,"Fukui",77
"1442","hillier_51_9_14_3",2010,2010-09-14,"Fukui",64
"1443","hillier_51_9_14_3",2010,2010-09-14,"Fukui",71
"1444","hillier_51_9_14_3",2010,2010-09-14,"Fukui",69
"1445","hillier_51_9_14_3",2010,2010-09-14,"Fukui",73
"1446","hillier_51_9_14_3",2010,2010-09-14,"Fukui",69
"1447","hillier_51_9_14_3",2010,2010-09-14,"Fukui",73
"1448","hillier_51_9_14_3",2010,2010-09-14,"Fukui",73
"1449","hillier_51_9_14_3",2010,2010-09-14,"Fukui",73
"1450","hillier_51_9_14_3",2010,2010-09-14,"Fukui",76
"1451","hillier_51_9_14_3",2010,2010-09-14,"Fukui",78
"1452","hillier_51_9_14_4",2010,2010-09-14,"Fukui",68
"1453","hillier_51_9_14_5",2010,2010-09-14,"Fukui",77
"1454","hillier_51_9_14_5",2010,2010-09-14,"Fukui",68
"1455","hillier_59_9_15_1",2010,2010-09-15,"Fukui",63
"1456","hillier_59_9_15_1",2010,2010-09-15,"Fukui",70
"1457","hillier_59_9_15_1",2010,2010-09-15,"Fukui",70
"1458","hillier_59_9_15_1",2010,2010-09-15,"Fukui",75
"1459","hillier_59_9_15_1",2010,2010-09-15,"Fukui",72
"1460","hillier_59_9_15_1",2010,2010-09-15,"Fukui",83
"1461","hillier_59_9_15_2",2010,2010-09-15,"Fukui",73
"1462","hillier_59_9_15_2",2010,2010-09-15,"Fukui",74
"1463","hillier_59_9_15_2",2010,2010-09-15,"Fukui",66
"1464","hillier_59_9_15_2",2010,2010-09-15,"Fukui",69
"1465","hillier_59_9_15_3",2010,2010-09-15,"Fukui",56
"1466","hillier_59_9_15_3",2010,2010-09-15,"Fukui",78
"1467","hillier_59_9_15_3",2010,2010-09-15,"Fukui",73
"1468","hillier_59_9_15_3",2010,2010-09-15,"Fukui",68
"1469","hillier_59_9_15_5",2010,2010-09-15,"Fukui",67
"1470","hillier_59_9_15_6",2010,2010-09-15,"Fukui",70
"1471","hillier_59_9_15_6",2010,2010-09-15,"Fukui",70
"1472","hillier_59_9_15_6",2010,2010-09-15,"Fukui",70
"1473","hillier_59_9_15_6",2010,2010-09-15,"Fukui",79
"1474","hillier_60_9_15_1",2010,2010-09-15,"Fukui",87
"1475","hillier_60_9_15_1",2010,2010-09-15,"Fukui",80
"1476","hillier_60_9_15_1",2010,2010-09-15,"Fukui",78
"1477","hillier_60_9_15_1",2010,2010-09-15,"Fukui",69
"1478","hillier_60_9_15_1",2010,2010-09-15,"Fukui",75
"1479","hillier_60_9_15_1",2010,2010-09-15,"Fukui",74
"1480","hillier_60_9_15_1",2010,2010-09-15,"Fukui",75
"1481","hillier_60_9_15_1",2010,2010-09-15,"Fukui",75
"1482","hillier_60_9_15_1",2010,2010-09-15,"Fukui",80
"1483","hillier_60_9_15_1",2010,2010-09-15,"Fukui",79
"1484","hillier_60_9_15_1",2010,2010-09-15,"Fukui",71
"1485","hillier_60_9_15_1",2010,2010-09-15,"Fukui",65
"1486","hillier_60_9_15_1",2010,2010-09-15,"Fukui",71
"1487","hillier_60_9_15_1",2010,2010-09-15,"Fukui",78
"1488","hillier_60_9_15_1",2010,2010-09-15,"Fukui",62
"1489","hillier_60_9_15_1",2010,2010-09-15,"Fukui",68
"1490","hillier_60_9_15_1",2010,2010-09-15,"Fukui",70
"1491","hillier_60_9_15_1",2010,2010-09-15,"Fukui",78
"1492","hillier_60_9_15_1",2010,2010-09-15,"Fukui",73
"1493","hillier_60_9_15_1",2010,2010-09-15,"Fukui",75
"1494","hillier_60_9_15_2",2010,2010-09-15,"Fukui",87
"1495","hillier_60_9_15_2",2010,2010-09-15,"Fukui",78
"1496","hillier_60_9_15_2",2010,2010-09-15,"Fukui",56
"1497","hillier_60_9_15_3",2010,2010-09-15,"Fukui",96
"1498","hillier_60_9_15_3",2010,2010-09-15,"Fukui",77
"1499","hillier_60_9_15_3",2010,2010-09-15,"Fukui",74
"1500","hillier_60_9_15_3",2010,2010-09-15,"Fukui",88
"1501","hillier_60_9_15_3",2010,2010-09-15,"Fukui",76
"1502","hillier_60_9_15_3",2010,2010-09-15,"Fukui",65
"1503","hillier_60_9_15_3",2010,2010-09-15,"Fukui",62
"1504","hillier_60_9_15_4",2010,2010-09-15,"Fukui",88
"1505","hillier_60_9_15_4",2010,2010-09-15,"Fukui",70
"1506","hillier_60_9_15_4",2010,2010-09-15,"Fukui",82
"1507","hillier_60_9_15_4",2010,2010-09-15,"Fukui",84
"1508","hillier_60_9_15_4",2010,2010-09-15,"Fukui",78
"1509","hillier_60_9_15_4",2010,2010-09-15,"Fukui",74
"1510","hillier_60_9_15_5",2010,2010-09-15,"Fukui",75
"1511","hillier_60_9_15_5",2010,2010-09-15,"Fukui",56
"1512","hillier_60_9_15_5",2010,2010-09-15,"Fukui",65
"1513","hillier_60_9_15_5",2010,2010-09-15,"Fukui",77
"1514","hillier_60_9_15_6",2010,2010-09-15,"Fukui",89
"1515","hillier_60_9_15_6",2010,2010-09-15,"Fukui",78
"1516","hillier_60_9_15_6",2010,2010-09-15,"Fukui",82
"1517","hillier_60_9_15_6",2010,2010-09-15,"Fukui",72
"1518","hillier_60_9_15_6",2010,2010-09-15,"Fukui",70
"1519","hillier_60_9_15_6",2010,2010-09-15,"Fukui",51
"1520","hillier_60_9_15_6",2010,2010-09-15,"Fukui",73
"1521","hillier_60_9_15_6",2010,2010-09-15,"Fukui",68
"1522","hillier_62_9_15_6",2010,2010-09-15,"Fukui",75
"1523","hillier_70_9_16_1",2010,2010-09-16,"Fukui",83
"1524","hillier_70_9_16_1",2010,2010-09-16,"Fukui",83
"1525","hillier_70_9_16_1",2010,2010-09-16,"Fukui",70
"1526","hillier_70_9_16_1",2010,2010-09-16,"Fukui",74
"1527","hillier_70_9_16_1",2010,2010-09-16,"Fukui",73
"1528","hillier_70_9_16_2",2010,2010-09-16,"Fukui",72
"1529","hillier_70_9_16_3",2010,2010-09-16,"Fukui",77
"1530","hillier_70_9_16_4",2010,2010-09-16,"Fukui",89
"1531","hillier_70_9_16_4",2010,2010-09-16,"Fukui",81
"1532","hillier_70_9_16_5",2010,2010-09-16,"Fukui",80
"1533","hillier_70_9_16_5",2010,2010-09-16,"Fukui",73
"1534","hillier_70_9_16_5",2010,2010-09-16,"Fukui",63
"1535","hillier_70_9_16_5",2010,2010-09-16,"Fukui",76
"1536","hillier_70_9_16_5",2010,2010-09-16,"Fukui",54
"1537","hillier_70_9_16_6",2010,2010-09-16,"Fukui",70
"1538","hillier_70_9_16_6",2010,2010-09-16,"Fukui",64
"1539","hillier_71_9_16_1",2010,2010-09-16,"Fukui",87
"1540","hillier_71_9_16_1",2010,2010-09-16,"Fukui",72
"1541","hillier_71_9_16_1",2010,2010-09-16,"Fukui",79
"1542","hillier_71_9_16_1",2010,2010-09-16,"Fukui",80
"1543","hillier_71_9_16_1",2010,2010-09-16,"Fukui",60
"1544","hillier_71_9_16_2",2010,2010-09-16,"Fukui",66
"1545","hillier_71_9_16_3",2010,2010-09-16,"Fukui",71
"1546","hillier_71_9_16_4",2010,2010-09-16,"Fukui",85
"1547","hillier_71_9_16_4",2010,2010-09-16,"Fukui",55
"1548","hillier_71_9_16_4",2010,2010-09-16,"Fukui",58
"1549","hillier_71_9_16_6",2010,2010-09-16,"Fukui",89
"1550","hillier_71_9_16_6",2010,2010-09-16,"Fukui",77
"1551","hillier_71_9_16_6",2010,2010-09-16,"Fukui",64
"1552","hillier_72_9_16_2",2010,2010-09-16,"Fukui",78
"1553","hillier_72_9_16_3",2010,2010-09-16,"Fukui",64
"1554","hillier_72_9_16_4",2010,2010-09-16,"Fukui",68
"1555","hillier_72_9_16_4",2010,2010-09-16,"Fukui",70
"1556","hillier_72_9_16_4",2010,2010-09-16,"Fukui",68
"1557","hillier_72_9_16_5",2010,2010-09-16,"Fukui",65
"1558","hillier_103_9_19_1",2010,2010-09-19,"Fukui",84
"1559","hillier_103_9_19_3",2010,2010-09-19,"Fukui",84
"1560","hillier_103_9_19_3",2010,2010-09-19,"Fukui",84
"1561","hillier_103_9_19_3",2010,2010-09-19,"Fukui",71
"1562","hillier_103_9_19_3",2010,2010-09-19,"Fukui",68
"1563","hillier_103_9_19_3",2010,2010-09-19,"Fukui",63
"1564","hillier_103_9_19_4",2010,2010-09-19,"Fukui",76
"1565","hillier_103_9_19_4",2010,2010-09-19,"Fukui",71
"1566","hillier_103_9_19_4",2010,2010-09-19,"Fukui",69
"1567","hillier_103_9_19_5",2010,2010-09-19,"Fukui",64
"1568","hillier_103_9_19_5",2010,2010-09-19,"Fukui",78
"1569","hillier_103_9_19_5",2010,2010-09-19,"Fukui",69
"1570","hillier_103_9_19_6",2010,2010-09-19,"Fukui",68
"1571","hillier_104_9_19_1",2010,2010-09-19,"Fukui",78
"1572","hillier_104_9_19_2",2010,2010-09-19,"Fukui",71
"1573","hillier_104_9_19_2",2010,2010-09-19,"Fukui",75
"1574","hillier_104_9_19_3",2010,2010-09-19,"Fukui",84
"1575","hillier_14_2_18_3",2010,2010-02-18,"Fukui",85
"1576","hillier_14_2_18_3",2010,2010-02-18,"Fukui",77
"1577","hillier_14_2_18_3",2010,2010-02-18,"Fukui",81
"1578","hillier_14_2_18_3",2010,2010-02-18,"Fukui",79
"1579","hillier_14_2_18_3",2010,2010-02-18,"Fukui",92
"1580","hillier_14_2_18_3",2010,2010-02-18,"Fukui",92
"1581","hillier_14_2_18_3",2010,2010-02-18,"Fukui",73
"1582","hillier_14_2_18_3",2010,2010-02-18,"Fukui",74
"1583","hillier_14_2_18_4",2010,2010-02-18,"Fukui",94
"1584","hillier_14_2_18_4",2010,2010-02-18,"Fukui",87
"1585","hillier_14_2_18_4",2010,2010-02-18,"Fukui",80
"1586","hillier_14_2_18_4",2010,2010-02-18,"Fukui",86
"1587","hillier_14_2_18_4",2010,2010-02-18,"Fukui",85
"1588","hillier_14_2_18_4",2010,2010-02-18,"Fukui",82
"1589","hillier_14_2_18_4",2010,2010-02-18,"Fukui",81
"1590","hillier_14_2_18_4",2010,2010-02-18,"Fukui",82
"1591","hillier_14_2_18_4",2010,2010-02-18,"Fukui",90
"1592","hillier_14_2_18_4",2010,2010-02-18,"Fukui",85
"1593","hillier_14_2_18_4",2010,2010-02-18,"Fukui",90
"1594","hillier_14_2_18_4",2010,2010-02-18,"Fukui",77
"1595","hillier_14_2_18_5",2010,2010-02-18,"Fukui",91
"1596","hillier_14_2_18_5",2010,2010-02-18,"Fukui",77
"1597","hillier_14_2_18_5",2010,2010-02-18,"Fukui",82
"1598","hillier_14_2_18_5",2010,2010-02-18,"Fukui",87
"1599","hillier_14_2_18_5",2010,2010-02-18,"Fukui",80
"1600","hillier_14_2_18_5",2010,2010-02-18,"Fukui",85
"1601","hillier_14_2_18_5",2010,2010-02-18,"Fukui",84
"1602","hillier_14_2_18_5",2010,2010-02-18,"Fukui",80
"1603","hillier_14_2_18_5",2010,2010-02-18,"Fukui",82
"1604","hillier_14_2_18_5",2010,2010-02-18,"Fukui",81
"1605","hillier_14_2_18_5",2010,2010-02-18,"Fukui",83
"1606","hillier_14_2_18_6",2010,2010-02-18,"Fukui",91
"1607","hillier_15_2_18_5",2010,2010-02-18,"Fukui",89
"1608","hillier_15_2_18_5",2010,2010-02-18,"Fukui",91
"1609","hillier_15_2_18_5",2010,2010-02-18,"Fukui",87
"1610","hillier_15_2_18_6",2010,2010-02-18,"Fukui",72
"1611","hillier_15_2_18_6",2010,2010-02-18,"Fukui",87
"1612","hillier_15_2_18_6",2010,2010-02-18,"Fukui",72
"1613","hillier_15_2_18_6",2010,2010-02-18,"Fukui",74
"1614","hillier_15_2_18_6",2010,2010-02-18,"Fukui",72
"1615","hillier_16_2_18_4",2010,2010-02-18,"Fukui",85
"1616","hillier_16_2_18_4",2010,2010-02-18,"Fukui",77
"1617","hillier_16_2_18_6",2010,2010-02-18,"Fukui",86
"1618","hillier_16_2_18_3",2010,2010-02-18,"Fukui",93
"1619","hillier_16_2_18_3",2010,2010-02-18,"Fukui",79
"1620","hillier_16_2_18_3",2010,2010-02-18,"Fukui",96
"1621","hillier_4_2_16_4",2010,2010-02-16,"Fukui",87
"1622","hillier_4_2_16_4",2010,2010-02-16,"Fukui",82
"1623","hillier_4_2_16_4",2010,2010-02-16,"Fukui",84
"1624","hillier_4_2_16_4",2010,2010-02-16,"Fukui",82
"1625","hillier_4_2_16_4",2010,2010-02-16,"Fukui",87
"1626","hillier_4_2_16_4",2010,2010-02-16,"Fukui",82
"1627","hillier_4_2_16_4",2010,2010-02-16,"Fukui",91
"1628","hillier_4_2_16_4",2010,2010-02-16,"Fukui",79
"1629","hillier_4_2_16_5",2010,2010-02-16,"Fukui",80
"1630","hillier_5_2_16_3",2010,2010-02-16,"Fukui",91
"1631","hillier_5_2_16_4",2010,2010-02-16,"Fukui",86
"1632","hillier_5_2_16_4",2010,2010-02-16,"Fukui",84
"1633","hillier_5_2_16_4",2010,2010-02-16,"Fukui",87
"1634","hillier_5_2_16_4",2010,2010-02-16,"Fukui",74
"1635","hillier_5_2_16_4",2010,2010-02-16,"Fukui",82
"1636","hillier_5_2_16_5",2010,2010-02-16,"Fukui",87
"1637","hillier_5_2_16_6",2010,2010-02-16,"Fukui",92
"1638","hillier_5_2_16_6",2010,2010-02-16,"Fukui",81
"1639","hillier_6_2_16_1",2010,2010-02-16,"Fukui",80
"1640","hillier_6_2_16_1",2010,2010-02-16,"Fukui",89
"1641","hillier_6_2_16_1",2010,2010-02-16,"Fukui",71
"1642","hillier_8_2_17_6",2010,2010-02-17,"Fukui",70
"1643","hillier_9_2_17_1",2010,2010-02-17,"Fukui",77
"1644","hillier_9_2_17_1",2010,2010-02-17,"Fukui",66
"1645","hillier_9_2_17_2",2010,2010-02-17,"Fukui",80
"1646","hillier_9_2_17_2",2010,2010-02-17,"Fukui",83
"1647","hillier_9_2_17_2",2010,2010-02-17,"Fukui",91
"1648","hillier_9_2_17_2",2010,2010-02-17,"Fukui",84
"1649","hillier_9_2_17_2",2010,2010-02-17,"Fukui",84
"1650","hillier_9_2_17_2",2010,2010-02-17,"Fukui",90
"1651","hillier_9_2_17_3",2010,2010-02-17,"Fukui",86
"1652","hillier_9_2_17_4",2010,2010-02-17,"Fukui",79
"1653","hillier_9_2_17_4",2010,2010-02-17,"Fukui",76
"1654","hillier_9_2_17_4",2010,2010-02-17,"Fukui",78
"1655","hillier_9_2_17_4",2010,2010-02-17,"Fukui",85
"1656","hillier_10_2_17_1",2010,2010-02-17,"Fukui",84
"1657","hillier_10_2_17_3",2010,2010-02-17,"Fukui",80
"1658","hillier_10_2_17_3",2010,2010-02-17,"Fukui",82
"1659","hillier_10_2_17_3",2010,2010-02-17,"Fukui",92
"1660","hillier_10_2_17_3",2010,2010-02-17,"Fukui",86
"1661","hillier_10_2_17_3",2010,2010-02-17,"Fukui",85
"1662","hillier_1_2_16_1",2010,2010-02-16,"Fukui",91
"1663","hillier_1_2_16_2",2010,2010-02-16,"Fukui",65
"1664","hillier_1_2_16_2",2010,2010-02-16,"Fukui",84
"1665","hillier_1_2_16_3",2010,2010-02-16,"Fukui",75
"1666","hillier_1_2_16_5",2010,2010-02-16,"Fukui",85
"1667","hillier_1_2_16_6",2010,2010-02-16,"Fukui",86
"1668","hillier_2_2_16_3",2010,2010-02-16,"Fukui",76
"1669","hillier_2_2_16_3",2010,2010-02-16,"Fukui",70
"1670","hillier_2_2_16_3",2010,2010-02-16,"Fukui",81
"1671","hillier_2_2_16_3",2010,2010-02-16,"Fukui",89
"1672","hillier_2_2_16_3",2010,2010-02-16,"Fukui",89
"1673","hillier_2_2_16_3",2010,2010-02-16,"Fukui",82
"1674","hillier_2_2_16_4",2010,2010-02-16,"Fukui",67
"1675","hillier_2_2_16_4",2010,2010-02-16,"Fukui",80
"1676","hillier_2_2_16_4",2010,2010-02-16,"Fukui",86
"1677","hillier_2_2_16_6",2010,2010-02-16,"Fukui",80
"1678","hillier_2_2_16_6",2010,2010-02-16,"Fukui",71
"1679","hillier_2_2_16_1",2010,2010-02-16,"Fukui",85
"1680","hillier_2_2_16_1",2010,2010-02-16,"Fukui",84
"1681","hillier_2_2_16_1",2010,2010-02-16,"Fukui",89
"1682","hillier_2_2_16_1",2010,2010-02-16,"Fukui",86
"1683","hillier_2_2_16_1",2010,2010-02-16,"Fukui",84
"1684","hillier_2_2_16_1",2010,2010-02-16,"Fukui",84
"1685","hillier_2_2_16_1",2010,2010-02-16,"Fukui",90
"1686","hillier_2_2_16_1",2010,2010-02-16,"Fukui",85
"1687","hillier_2_2_16_1",2010,2010-02-16,"Fukui",83
"1688","hillier_2_2_16_1",2010,2010-02-16,"Fukui",84
"1689","hillier_2_2_16_1",2010,2010-02-16,"Fukui",84
"1690","hillier_2_2_16_3",2010,2010-02-16,"Fukui",93
"1691","hillier_3_2_16_2",2010,2010-02-16,"Fukui",80
"1692","hillier_4_2_16_5",2010,2010-02-16,"Fukui",86
"1693","hillier_4_2_16_1",2010,2010-02-16,"Fukui",70
"1694","hillier_4_2_16_3",2010,2010-02-16,"Fukui",81
"1695","hillier_4_2_16_3",2010,2010-02-16,"Fukui",84
"1696","hillier_12_2_17_6",2010,2010-02-17,"Fukui",82
"1697","hillier_13_2_18_2",2010,2010-02-18,"Fukui",95
"1698","hillier_13_2_18_2",2010,2010-02-18,"Fukui",84
"1699","hillier_13_2_18_3",2010,2010-02-18,"Fukui",83
"1700","hillier_13_2_18_3",2010,2010-02-18,"Fukui",78
"1701","hillier_13_2_18_3",2010,2010-02-18,"Fukui",73
"1702","hillier_13_2_18_3",2010,2010-02-18,"Fukui",84
"1703","hillier_13_2_18_3",2010,2010-02-18,"Fukui",73
"1704","hillier_13_2_18_3",2010,2010-02-18,"Fukui",81
"1705","hillier_13_2_18_3",2010,2010-02-18,"Fukui",88
"1706","hillier_13_2_18_4",2010,2010-02-18,"Fukui",69
"1707","hillier_13_2_18_4",2010,2010-02-18,"Fukui",86
"1708","hillier_13_2_18_4",2010,2010-02-18,"Fukui",92
"1709","hillier_13_2_18_4",2010,2010-02-18,"Fukui",81
"1710","hillier_13_2_18_4",2010,2010-02-18,"Fukui",81
"1711","hillier_13_2_18_4",2010,2010-02-18,"Fukui",92
"1712","hillier_13_2_18_4",2010,2010-02-18,"Fukui",90
"1713","hillier_13_2_18_4",2010,2010-02-18,"Fukui",88
"1714","hillier_13_2_18_4",2010,2010-02-18,"Fukui",86
"1715","hillier_13_2_18_4",2010,2010-02-18,"Fukui",86
"1716","hillier_13_2_18_4",2010,2010-02-18,"Fukui",93
"1717","hillier_13_2_18_4",2010,2010-02-18,"Fukui",88
"1718","hillier_13_2_18_4",2010,2010-02-18,"Fukui",72
"1719","hillier_13_2_18_4",2010,2010-02-18,"Fukui",81
"1720","hillier_13_2_18_5",2010,2010-02-18,"Fukui",91
"1721","hillier_13_2_18_5",2010,2010-02-18,"Fukui",86
"1722","hillier_13_2_18_5",2010,2010-02-18,"Fukui",80
"1723","hillier_13_2_18_5",2010,2010-02-18,"Fukui",76
"1724","hillier_13_2_18_5",2010,2010-02-18,"Fukui",81
"1725","hillier_13_2_18_5",2010,2010-02-18,"Fukui",74
"1726","hillier_13_2_18_5",2010,2010-02-18,"Fukui",87
"1727","hillier_13_2_18_5",2010,2010-02-18,"Fukui",82
"1728","hillier_13_2_18_5",2010,2010-02-18,"Fukui",76
"1729","hillier_13_2_18_5",2010,2010-02-18,"Fukui",83
"1730","hillier_13_2_18_5",2010,2010-02-18,"Fukui",84
"1731","hillier_13_2_18_6",2010,2010-02-18,"Fukui",87
"1732","hillier_13_2_18_6",2010,2010-02-18,"Fukui",81
"1733","hillier_13_2_18_6",2010,2010-02-18,"Fukui",83
"1734","hillier_13_2_18_6",2010,2010-02-18,"Fukui",92
"1735","hillier_13_2_18_6",2010,2010-02-18,"Fukui",77
"1736","hillier_13_2_18_6",2010,2010-02-18,"Fukui",84
"1737","hillier_14_2_18_1",2010,2010-02-18,"Fukui",79
"1738","hillier_14_2_18_2",2010,2010-02-18,"Fukui",84
"1739","hillier_14_2_18_2",2010,2010-02-18,"Fukui",82
"1740","hillier_14_2_18_2",2010,2010-02-18,"Fukui",87
"1741","hillier_14_2_18_2",2010,2010-02-18,"Fukui",95
"1742","hillier_14_2_18_2",2010,2010-02-18,"Fukui",85
"1743","hillier_14_2_18_2",2010,2010-02-18,"Fukui",87
"1744","hillier_14_2_18_2",2010,2010-02-18,"Fukui",84
"1745","hillier_14_2_18_2",2010,2010-02-18,"Fukui",82
"1746","hillier_14_2_18_2",2010,2010-02-18,"Fukui",82
"1747","hillier_14_2_18_2",2010,2010-02-18,"Fukui",81
"1748","hillier_14_2_18_2",2010,2010-02-18,"Fukui",77
"1749","hillier_14_2_18_2",2010,2010-02-18,"Fukui",91
"1750","hillier_14_2_18_2",2010,2010-02-18,"Fukui",70
"1751","hillier_14_2_18_2",2010,2010-02-18,"Fukui",67
"1752","hillier_14_2_18_3",2010,2010-02-18,"Fukui",77
"1753","hillier_14_2_18_3",2010,2010-02-18,"Fukui",73
"1754","hillier_14_2_18_3",2010,2010-02-18,"Fukui",79
"1755","hillier_14_2_18_3",2010,2010-02-18,"Fukui",86
"1756","hillier_14_2_18_3",2010,2010-02-18,"Fukui",80
"1757","hillier_10_2_17_4",2010,2010-02-17,"Fukui",80
"1758","hillier_11_2_17_1",2010,2010-02-17,"Fukui",75
"1759","hillier_11_2_17_1",2010,2010-02-17,"Fukui",71
"1760","hillier_11_2_17_6",2010,2010-02-17,"Fukui",84
"1761","hillier_6_2_16_1",2010,2010-02-16,"Fukui",84
"1762","hillier_6_2_16_4",2010,2010-02-16,"Fukui",77
"1763","hillier_6_2_16_6",2010,2010-02-16,"Fukui",78
"1764","hillier_7_2_17_2",2010,2010-02-17,"Fukui",87
"1765","hillier_7_2_17_4",2010,2010-02-17,"Fukui",79
"1766","hillier_7_2_17_4",2010,2010-02-17,"Fukui",92
"1767","hillier_7_2_17_4",2010,2010-02-17,"Fukui",88
"1768","hillier_7_2_17_4",2010,2010-02-17,"Fukui",90
"1769","hillier_7_2_17_5",2010,2010-02-17,"Fukui",90
"1770","hillier_7_2_17_5",2010,2010-02-17,"Fukui",74
"1771","hillier_7_2_17_5",2010,2010-02-17,"Fukui",84
"1772","hillier_7_2_17_5",2010,2010-02-17,"Fukui",80
"1773","hillier_7_2_17_5",2010,2010-02-17,"Fukui",82
"1774","hillier_7_2_17_5",2010,2010-02-17,"Fukui",92
"1775","hillier_7_2_17_5",2010,2010-02-17,"Fukui",88
"1776","hillier_7_2_17_5",2010,2010-02-17,"Fukui",73
"1777","hillier_7_2_17_5",2010,2010-02-17,"Fukui",88
"1778","hillier_7_2_17_5",2010,2010-02-17,"Fukui",88
"1779","hillier_7_2_17_6",2010,2010-02-17,"Fukui",88
"1780","hillier_7_2_17_6",2010,2010-02-17,"Fukui",94
"1781","hillier_7_2_17_6",2010,2010-02-17,"Fukui",82
"1782","hillier_8_2_17_1",2010,2010-02-17,"Fukui",87
"1783","hillier_8_2_17_1",2010,2010-02-17,"Fukui",92
"1784","hillier_8_2_17_1",2010,2010-02-17,"Fukui",85
"1785","hillier_8_2_17_2",2010,2010-02-17,"Fukui",83
"1786","hillier_8_2_17_2",2010,2010-02-17,"Fukui",87
"1787","hillier_8_2_17_3",2010,2010-02-17,"Fukui",96
"1788","hillier_8_2_17_3",2010,2010-02-17,"Fukui",74
"1789","hillier_8_2_17_3",2010,2010-02-17,"Fukui",76
"1790","hillier_8_2_17_3",2010,2010-02-17,"Fukui",80
"1791","hillier_8_2_17_5",2010,2010-02-17,"Fukui",82
"1792","hillier_8_2_17_5",2010,2010-02-17,"Fukui",93
"1793","hillier_8_2_17_5",2010,2010-02-17,"Fukui",81
"1794","hillier_8_2_17_6",2010,2010-02-17,"Fukui",77
"1795","hillier_8_2_17_6",2010,2010-02-17,"Fukui",80
"1796","hillier_19_2_19_3",2010,2010-02-19,"Fukui",79
"1797","hillier_19_2_19_3",2010,2010-02-19,"Fukui",96
"1798","hillier_19_2_19_3",2010,2010-02-19,"Fukui",77
"1799","hillier_19_2_19_4",2010,2010-02-19,"Fukui",84
"1800","hillier_19_2_19_4",2010,2010-02-19,"Fukui",72
"1801","hillier_19_2_19_5",2010,2010-02-19,"Fukui",75
"1802","hillier_19_2_19_6",2010,2010-02-19,"Fukui",84
"1803","hillier_19_2_19_6",2010,2010-02-19,"Fukui",85
"1804","hillier_19_2_19_6",2010,2010-02-19,"Fukui",92
"1805","hillier_19_2_19_6",2010,2010-02-19,"Fukui",81
"1806","hillier_19_2_19_6",2010,2010-02-19,"Fukui",84
"1807","hillier_19_2_19_6",2010,2010-02-19,"Fukui",83
"1808","hillier_19_2_19_6",2010,2010-02-19,"Fukui",91
"1809","hillier_19_2_19_6",2010,2010-02-19,"Fukui",82
"1810","hillier_19_2_19_1",2010,2010-02-19,"Fukui",87
"1811","hillier_19_2_19_2",2010,2010-02-19,"Fukui",92
"1812","hillier_19_2_19_2",2010,2010-02-19,"Fukui",90
"1813","hillier_19_2_19_2",2010,2010-02-19,"Fukui",90
"1814","hillier_19_2_19_2",2010,2010-02-19,"Fukui",81
"1815","hillier_19_2_19_2",2010,2010-02-19,"Fukui",77
"1816","hillier_19_2_19_2",2010,2010-02-19,"Fukui",72
"1817","hillier_19_2_19_2",2010,2010-02-19,"Fukui",94
"1818","hillier_19_2_19_2",2010,2010-02-19,"Fukui",85
"1819","hillier_19_2_19_2",2010,2010-02-19,"Fukui",80
"1820","hillier_19_2_19_2",2010,2010-02-19,"Fukui",87
"1821","hillier_19_2_19_2",2010,2010-02-19,"Fukui",83
"1822","hillier_19_2_19_2",2010,2010-02-19,"Fukui",82
"1823","hillier_19_2_19_2",2010,2010-02-19,"Fukui",81
"1824","hillier_19_2_19_2",2010,2010-02-19,"Fukui",82
"1825","hillier_19_2_19_2",2010,2010-02-19,"Fukui",78
"1826","hillier_19_2_19_2",2010,2010-02-19,"Fukui",88
"1827","hillier_19_2_19_2",2010,2010-02-19,"Fukui",86
"1828","hillier_19_2_19_2",2010,2010-02-19,"Fukui",91
"1829","hillier_19_2_19_2",2010,2010-02-19,"Fukui",87
"1830","hillier_19_2_19_2",2010,2010-02-19,"Fukui",87
"1831","hillier_19_2_19_3",2010,2010-02-19,"Fukui",92
"1832","hillier_19_2_19_3",2010,2010-02-19,"Fukui",89
"1833","hillier_20_2_19_1",2010,2010-02-19,"Fukui",92
"1834","hillier_20_2_19_1",2010,2010-02-19,"Fukui",78
"1835","hillier_20_2_19_1",2010,2010-02-19,"Fukui",82
"1836","hillier_20_2_19_1",2010,2010-02-19,"Fukui",78
"1837","hillier_20_2_19_1",2010,2010-02-19,"Fukui",77
"1838","hillier_20_2_19_2",2010,2010-02-19,"Fukui",77
"1839","hillier_20_2_19_2",2010,2010-02-19,"Fukui",79
"1840","hillier_20_2_19_2",2010,2010-02-19,"Fukui",76
"1841","hillier_20_2_19_2",2010,2010-02-19,"Fukui",57
"1842","hillier_20_2_19_2",2010,2010-02-19,"Fukui",78
"1843","hillier_20_2_19_2",2010,2010-02-19,"Fukui",86
"1844","hillier_20_2_19_2",2010,2010-02-19,"Fukui",82
"1845","hillier_20_2_19_2",2010,2010-02-19,"Fukui",81
"1846","hillier_20_2_19_2",2010,2010-02-19,"Fukui",84
"1847","hillier_20_2_19_4",2010,2010-02-19,"Fukui",82
"1848","hillier_20_2_19_4",2010,2010-02-19,"Fukui",67
"1849","hillier_20_2_19_4",2010,2010-02-19,"Fukui",85
"1850","hillier_20_2_19_4",2010,2010-02-19,"Fukui",81
"1851","hillier_20_2_19_4",2010,2010-02-19,"Fukui",73
"1852","hillier_20_2_19_4",2010,2010-02-19,"Fukui",91
"1853","hillier_20_2_19_4",2010,2010-02-19,"Fukui",76
"1854","hillier_20_2_19_4",2010,2010-02-19,"Fukui",74
"1855","hillier_20_2_19_4",2010,2010-02-19,"Fukui",85
"1856","hillier_20_2_19_4",2010,2010-02-19,"Fukui",81
"1857","hillier_20_2_19_5",2010,2010-02-19,"Fukui",75
"1858","hillier_20_2_19_5",2010,2010-02-19,"Fukui",86
"1859","hillier_20_2_19_5",2010,2010-02-19,"Fukui",96
"1860","hillier_20_2_19_5",2010,2010-02-19,"Fukui",83
"1861","hillier_20_2_19_5",2010,2010-02-19,"Fukui",83
"1862","hillier_20_2_19_5",2010,2010-02-19,"Fukui",79
"1863","hillier_20_2_19_5",2010,2010-02-19,"Fukui",81
"1864","hillier_20_2_19_5",2010,2010-02-19,"Fukui",67
"1865","hillier_20_2_19_5",2010,2010-02-19,"Fukui",79
"1866","hillier_20_2_19_5",2010,2010-02-19,"Fukui",92
"1867","hillier_20_2_19_5",2010,2010-02-19,"Fukui",86
"1868","hillier_20_2_19_5",2010,2010-02-19,"Fukui",88
"1869","hillier_20_2_19_6",2010,2010-02-19,"Fukui",88
"1870","hillier_20_2_19_6",2010,2010-02-19,"Fukui",82
"1871","hillier_20_2_19_6",2010,2010-02-19,"Fukui",80
"1872","hillier_21_2_19_2",2010,2010-02-19,"Fukui",88
"1873","hillier_21_2_19_2",2010,2010-02-19,"Fukui",86
"1874","hillier_21_2_19_2",2010,2010-02-19,"Fukui",87
"1875","hillier_21_2_19_2",2010,2010-02-19,"Fukui",78
"1876","hillier_21_2_19_2",2010,2010-02-19,"Fukui",78
"1877","hillier_21_2_19_2",2010,2010-02-19,"Fukui",85
"1878","hillier_21_2_19_2",2010,2010-02-19,"Fukui",81
"1879","hillier_21_2_19_2",2010,2010-02-19,"Fukui",83
"1880","hillier_21_2_19_2",2010,2010-02-19,"Fukui",86
"1881","hillier_21_2_19_2",2010,2010-02-19,"Fukui",89
"1882","hillier_21_2_19_2",2010,2010-02-19,"Fukui",78
"1883","hillier_21_2_19_2",2010,2010-02-19,"Fukui",81
"1884","hillier_21_2_19_3",2010,2010-02-19,"Fukui",73
"1885","hillier_21_2_19_3",2010,2010-02-19,"Fukui",82
"1886","hillier_21_2_19_3",2010,2010-02-19,"Fukui",80
"1887","hillier_21_2_19_3",2010,2010-02-19,"Fukui",86
"1888","hillier_21_2_19_3",2010,2010-02-19,"Fukui",85
"1889","hillier_21_2_19_3",2010,2010-02-19,"Fukui",84
"1890","hillier_21_2_19_3",2010,2010-02-19,"Fukui",83
"1891","hillier_21_2_19_3",2010,2010-02-19,"Fukui",79
"1892","hillier_21_2_19_3",2010,2010-02-19,"Fukui",83
"1893","hillier_21_2_19_3",2010,2010-02-19,"Fukui",89
"1894","hillier_21_2_19_3",2010,2010-02-19,"Fukui",82
"1895","hillier_21_2_19_3",2010,2010-02-19,"Fukui",80
"1896","hillier_21_2_19_4",2010,2010-02-19,"Fukui",81
"1897","hillier_21_2_19_4",2010,2010-02-19,"Fukui",84
"1898","hillier_21_2_19_4",2010,2010-02-19,"Fukui",81
"1899","hillier_21_2_19_4",2010,2010-02-19,"Fukui",86
"1900","hillier_21_2_19_4",2010,2010-02-19,"Fukui",84
"1901","hillier_21_2_19_4",2010,2010-02-19,"Fukui",83
"1902","hillier_21_2_19_4",2010,2010-02-19,"Fukui",82
"1903","hillier_21_2_19_5",2010,2010-02-19,"Fukui",82
"1904","hillier_21_2_19_5",2010,2010-02-19,"Fukui",85
"1905","hillier_21_2_19_5",2010,2010-02-19,"Fukui",78
"1906","hillier_21_2_19_5",2010,2010-02-19,"Fukui",80
"1907","hillier_21_2_19_5",2010,2010-02-19,"Fukui",80
"1908","hillier_21_2_19_5",2010,2010-02-19,"Fukui",75
"1909","hillier_21_2_19_5",2010,2010-02-19,"Fukui",82
"1910","hillier_21_2_19_5",2010,2010-02-19,"Fukui",71
"1911","hillier_21_2_19_6",2010,2010-02-19,"Fukui",77
"1912","hillier_21_2_19_6",2010,2010-02-19,"Fukui",80
"1913","hillier_21_2_19_6",2010,2010-02-19,"Fukui",84
"1914","hillier_21_2_19_6",2010,2010-02-19,"Fukui",80
"1915","hillier_21_2_19_6",2010,2010-02-19,"Fukui",86
"1916","hillier_21_2_19_6",2010,2010-02-19,"Fukui",79
"1917","hillier_21_2_19_6",2010,2010-02-19,"Fukui",84
"1918","hillier_21_2_19_6",2010,2010-02-19,"Fukui",92
"1919","hillier_21_2_19_1",2010,2010-02-19,"Fukui",82
"1920","hillier_21_2_19_1",2010,2010-02-19,"Fukui",83
"1921","hillier_21_2_19_1",2010,2010-02-19,"Fukui",79
"1922","hillier_21_2_19_1",2010,2010-02-19,"Fukui",83
"1923","hillier_21_2_19_1",2010,2010-02-19,"Fukui",81
"1924","hillier_21_2_19_1",2010,2010-02-19,"Fukui",82
"1925","hillier_21_2_19_1",2010,2010-02-19,"Fukui",79
"1926","hillier_21_2_19_1",2010,2010-02-19,"Fukui",86
"1927","hillier_21_2_19_1",2010,2010-02-19,"Fukui",92
"1928","hillier_21_2_19_1",2010,2010-02-19,"Fukui",69
"1929","hillier_21_2_19_1",2010,2010-02-19,"Fukui",74
"1930","hillier_21_2_19_1",2010,2010-02-19,"Fukui",88
"1931","hillier_21_2_19_1",2010,2010-02-19,"Fukui",75
"1932","hillier_22_2_19_1",2010,2010-02-19,"Fukui",87
"1933","hillier_22_2_19_1",2010,2010-02-19,"Fukui",86
"1934","hillier_22_2_19_1",2010,2010-02-19,"Fukui",79
"1935","hillier_22_2_19_1",2010,2010-02-19,"Fukui",62
"1936","hillier_22_2_19_1",2010,2010-02-19,"Fukui",79
"1937","hillier_22_2_19_1",2010,2010-02-19,"Fukui",84
"1938","hillier_22_2_19_1",2010,2010-02-19,"Fukui",88
"1939","hillier_22_2_19_2",2010,2010-02-19,"Fukui",90
"1940","hillier_22_2_19_2",2010,2010-02-19,"Fukui",67
"1941","hillier_22_2_19_2",2010,2010-02-19,"Fukui",87
"1942","hillier_22_2_19_2",2010,2010-02-19,"Fukui",84
"1943","hillier_22_2_19_2",2010,2010-02-19,"Fukui",77
"1944","hillier_22_2_19_2",2010,2010-02-19,"Fukui",91
"1945","hillier_22_2_19_2",2010,2010-02-19,"Fukui",84
"1946","hillier_22_2_19_2",2010,2010-02-19,"Fukui",81
"1947","hillier_22_2_19_2",2010,2010-02-19,"Fukui",83
"1948","hillier_22_2_19_2",2010,2010-02-19,"Fukui",85
"1949","hillier_22_2_19_3",2010,2010-02-19,"Fukui",81
"1950","hillier_22_2_19_3",2010,2010-02-19,"Fukui",76
"1951","hillier_22_2_19_3",2010,2010-02-19,"Fukui",94
"1952","hillier_22_2_19_3",2010,2010-02-19,"Fukui",83
"1953","hillier_22_2_19_3",2010,2010-02-19,"Fukui",83
"1954","hillier_22_2_19_3",2010,2010-02-19,"Fukui",83
"1955","hillier_22_2_19_3",2010,2010-02-19,"Fukui",87
"1956","hillier_22_2_19_4",2010,2010-02-19,"Fukui",77
"1957","hillier_22_2_19_4",2010,2010-02-19,"Fukui",66
"1958","hillier_22_2_19_5",2010,2010-02-19,"Fukui",85
"1959","hillier_22_2_19_5",2010,2010-02-19,"Fukui",83
"1960","hillier_22_2_19_5",2010,2010-02-19,"Fukui",80
"1961","hillier_22_2_19_5",2010,2010-02-19,"Fukui",77
"1962","hillier_22_2_19_5",2010,2010-02-19,"Fukui",82
"1963","hillier_22_2_19_5",2010,2010-02-19,"Fukui",88
"1964","hillier_22_2_19_5",2010,2010-02-19,"Fukui",90
"1965","hillier_22_2_19_5",2010,2010-02-19,"Fukui",77
"1966","hillier_22_2_19_5",2010,2010-02-19,"Fukui",89
"1967","hillier_22_2_19_5",2010,2010-02-19,"Fukui",84
"1968","hillier_22_2_19_5",2010,2010-02-19,"Fukui",86
"1969","hillier_22_2_19_6",2010,2010-02-19,"Fukui",76
"1970","hillier_22_2_19_6",2010,2010-02-19,"Fukui",86
"1971","hillier_22_2_19_6",2010,2010-02-19,"Fukui",90
"1972","hillier_22_2_19_6",2010,2010-02-19,"Fukui",93
"1973","hillier_22_2_19_6",2010,2010-02-19,"Fukui",83
"1974","hillier_22_2_19_6",2010,2010-02-19,"Fukui",93
"1975","hillier_22_2_19_6",2010,2010-02-19,"Fukui",79
"1976","hillier_22_2_19_6",2010,2010-02-19,"Fukui",87
"1977","hillier_22_2_19_6",2010,2010-02-19,"Fukui",78
"1978","hillier_22_2_19_6",2010,2010-02-19,"Fukui",85
"1979","hillier_23_2_19_1",2010,2010-02-19,"Fukui",90
"1980","hillier_23_2_19_5",2010,2010-02-19,"Fukui",67
"1981","hillier_23_2_19_6",2010,2010-02-19,"Fukui",86
"1982","hillier_23_2_19_1",2010,2010-02-19,"Fukui",82
"1983","hillier_23_2_19_1",2010,2010-02-19,"Fukui",88
"1984","hillier_23_2_19_1",2010,2010-02-19,"Fukui",84
"1985","hillier_23_2_19_1",2010,2010-02-19,"Fukui",84
"1986","hillier_23_2_19_1",2010,2010-02-19,"Fukui",83
"1987","hillier_23_2_19_1",2010,2010-02-19,"Fukui",80
"1988","hillier_23_2_19_1",2010,2010-02-19,"Fukui",79
"1989","hillier_23_2_19_1",2010,2010-02-19,"Fukui",86
"1990","hillier_23_2_19_1",2010,2010-02-19,"Fukui",89
"1991","hillier_23_2_19_1",2010,2010-02-19,"Fukui",75
"1992","hillier_23_2_19_1",2010,2010-02-19,"Fukui",87
"1993","hillier_23_2_19_1",2010,2010-02-19,"Fukui",86
"1994","hillier_23_2_19_1",2010,2010-02-19,"Fukui",69
"1995","hillier_23_2_19_1",2010,2010-02-19,"Fukui",84
"1996","hillier_23_2_19_1",2010,2010-02-19,"Fukui",73
"1997","hillier_23_2_19_2",2010,2010-02-19,"Fukui",93
"1998","hillier_23_2_19_2",2010,2010-02-19,"Fukui",86
"1999","hillier_23_2_19_2",2010,2010-02-19,"Fukui",77
"2000","hillier_23_2_19_2",2010,2010-02-19,"Fukui",83
"2001","hillier_23_2_19_2",2010,2010-02-19,"Fukui",79
"2002","hillier_23_2_19_2",2010,2010-02-19,"Fukui",84
"2003","hillier_23_2_19_2",2010,2010-02-19,"Fukui",79
"2004","hillier_23_2_19_2",2010,2010-02-19,"Fukui",86
"2005","hillier_23_2_19_2",2010,2010-02-19,"Fukui",82
"2006","hillier_23_2_19_3",2010,2010-02-19,"Fukui",82
"2007","hillier_23_2_19_3",2010,2010-02-19,"Fukui",91
"2008","hillier_23_2_19_3",2010,2010-02-19,"Fukui",87
"2009","hillier_23_2_19_3",2010,2010-02-19,"Fukui",86
"2010","hillier_23_2_19_3",2010,2010-02-19,"Fukui",90
"2011","hillier_23_2_19_3",2010,2010-02-19,"Fukui",85
"2012","hillier_23_2_19_3",2010,2010-02-19,"Fukui",83
"2013","hillier_23_2_19_3",2010,2010-02-19,"Fukui",84
"2014","hillier_23_2_19_3",2010,2010-02-19,"Fukui",87
"2015","hillier_23_2_19_4",2010,2010-02-19,"Fukui",76
"2016","hillier_23_2_19_4",2010,2010-02-19,"Fukui",81
"2017","hillier_23_2_19_4",2010,2010-02-19,"Fukui",91
"2018","hillier_23_2_19_4",2010,2010-02-19,"Fukui",78
"2019","hillier_23_2_19_4",2010,2010-02-19,"Fukui",83
"2020","hillier_23_2_19_4",2010,2010-02-19,"Fukui",88
"2021","hillier_23_2_19_4",2010,2010-02-19,"Fukui",70
"2022","hillier_23_2_19_4",2010,2010-02-19,"Fukui",76
"2023","hillier_23_2_19_5",2010,2010-02-19,"Fukui",87
"2024","hillier_23_2_19_5",2010,2010-02-19,"Fukui",93
"2025","hillier_23_2_19_5",2010,2010-02-19,"Fukui",92
"2026","hillier_23_2_19_5",2010,2010-02-19,"Fukui",83
"2027","hillier_23_2_19_5",2010,2010-02-19,"Fukui",81
"2028","hillier_23_2_19_5",2010,2010-02-19,"Fukui",76
"2029","hillier_23_2_19_5",2010,2010-02-19,"Fukui",86
"2030","hillier_23_2_19_5",2010,2010-02-19,"Fukui",64
"2031","hillier_23_2_19_5",2010,2010-02-19,"Fukui",66
"2032","hillier_23_2_19_5",2010,2010-02-19,"Fukui",82
"2033","hillier_23_2_19_5",2010,2010-02-19,"Fukui",87
"2034","hillier_24_2_19_1",2010,2010-02-19,"Fukui",87
"2035","hillier_24_2_19_2",2010,2010-02-19,"Fukui",85
"2036","hillier_24_2_19_3",2010,2010-02-19,"Fukui",84
"2037","hillier_24_2_19_4",2010,2010-02-19,"Fukui",77
"2038","hillier_24_2_19_4",2010,2010-02-19,"Fukui",74
"2039","hillier_24_2_19_6",2010,2010-02-19,"Fukui",89
"2040","hillier_24_2_19_6",2010,2010-02-19,"Fukui",86
"2041","hillier_24_2_19_6",2010,2010-02-19,"Fukui",86
"2042","hillier_24_2_19_6",2010,2010-02-19,"Fukui",94
"2043","hillier_34_11_8_1",2011,2011-11-08,"Fukui",66
"2044","hillier_35_11_8_1",2011,2011-11-08,"Fukui",57
"2045","hillier_35_11_8_2",2011,2011-11-08,"Fukui",82
"2046","hillier_35_11_8_2",2011,2011-11-08,"Fukui",83
"2047","hillier_35_11_8_2",2011,2011-11-08,"Fukui",67
"2048","hillier_35_11_8_2",2011,2011-11-08,"Fukui",69
"2049","hillier_35_11_8_4",2011,2011-11-08,"Fukui",73
"2050","hillier_35_11_8_5",2011,2011-11-08,"Fukui",63
"2051","hillier_36_11_8_1",2011,2011-11-08,"Fukui",58
"2052","hillier_36_11_8_2",2011,2011-11-08,"Fukui",66
"2053","hillier_36_11_8_3",2011,2011-11-08,"Fukui",75
"2054","hillier_36_11_8_3",2011,2011-11-08,"Fukui",83
"2055","hillier_36_11_8_3",2011,2011-11-08,"Fukui",62
"2056","hillier_36_11_8_3",2011,2011-11-08,"Fukui",62
"2057","hillier_36_11_8_3",2011,2011-11-08,"Fukui",66
"2058","hillier_36_11_8_4",2011,2011-11-08,"Fukui",86
"2059","hillier_36_11_8_5",2011,2011-11-08,"Fukui",92
"2060","hillier_36_11_8_99",2011,2011-11-08,"Fukui",79
"2061","hillier_6_7_5_99",2011,2011-07-05,"Fukui",62
"2062","hillier_7_7_5_1",2011,2011-07-05,"Fukui",73
"2063","hillier_7_7_5_1",2011,2011-07-05,"Fukui",68
"2064","hillier_7_7_5_1",2011,2011-07-05,"Fukui",63
"2065","hillier_7_7_5_1",2011,2011-07-05,"Fukui",65
"2066","hillier_7_7_5_2",2011,2011-07-05,"Fukui",35
"2067","hillier_7_7_5_2",2011,2011-07-05,"Fukui",38
"2068","hillier_7_7_5_2",2011,2011-07-05,"Fukui",37
"2069","hillier_7_7_5_2",2011,2011-07-05,"Fukui",36
"2070","hillier_7_7_5_3",2011,2011-07-05,"Fukui",72
"2071","hillier_7_7_5_3",2011,2011-07-05,"Fukui",73
"2072","hillier_7_7_5_3",2011,2011-07-05,"Fukui",70
"2073","hillier_7_7_5_3",2011,2011-07-05,"Fukui",55
"2074","hillier_7_7_5_3",2011,2011-07-05,"Fukui",53
"2075","hillier_7_7_5_3",2011,2011-07-05,"Fukui",50
"2076","hillier_7_7_5_3",2011,2011-07-05,"Fukui",38
"2077","hillier_7_7_5_3",2011,2011-07-05,"Fukui",40
"2078","hillier_7_7_5_3",2011,2011-07-05,"Fukui",41
"2079","hillier_7_7_5_3",2011,2011-07-05,"Fukui",41
"2080","hillier_7_7_5_3",2011,2011-07-05,"Fukui",40
"2081","hillier_7_7_5_3",2011,2011-07-05,"Fukui",37
"2082","hillier_7_7_5_3",2011,2011-07-05,"Fukui",40
"2083","hillier_7_7_5_3",2011,2011-07-05,"Fukui",38
"2084","hillier_7_7_5_4",2011,2011-07-05,"Fukui",73
"2085","hillier_7_7_5_4",2011,2011-07-05,"Fukui",71
"2086","hillier_7_7_5_4",2011,2011-07-05,"Fukui",78
"2087","hillier_7_7_5_4",2011,2011-07-05,"Fukui",74
"2088","hillier_7_7_5_4",2011,2011-07-05,"Fukui",72
"2089","hillier_7_7_5_4",2011,2011-07-05,"Fukui",69
"2090","hillier_7_7_5_4",2011,2011-07-05,"Fukui",69
"2091","hillier_7_7_5_4",2011,2011-07-05,"Fukui",61
"2092","hillier_7_7_5_4",2011,2011-07-05,"Fukui",44
"2093","hillier_7_7_5_4",2011,2011-07-05,"Fukui",52
"2094","hillier_7_7_5_4",2011,2011-07-05,"Fukui",47
"2095","hillier_7_7_5_4",2011,2011-07-05,"Fukui",56
"2096","hillier_7_7_5_4",2011,2011-07-05,"Fukui",44
"2097","hillier_7_7_5_5",2011,2011-07-05,"Fukui",71
"2098","hillier_7_7_5_5",2011,2011-07-05,"Fukui",72
"2099","hillier_7_7_5_5",2011,2011-07-05,"Fukui",71
"2100","hillier_7_7_5_5",2011,2011-07-05,"Fukui",69
"2101","hillier_7_7_5_5",2011,2011-07-05,"Fukui",61
"2102","hillier_7_7_5_5",2011,2011-07-05,"Fukui",46
"2103","hillier_7_7_5_5",2011,2011-07-05,"Fukui",41
"2104","hillier_7_7_5_5",2011,2011-07-05,"Fukui",46
"2105","hillier_7_7_5_5",2011,2011-07-05,"Fukui",55
"2106","hillier_7_7_5_5",2011,2011-07-05,"Fukui",41
"2107","hillier_7_7_5_5",2011,2011-07-05,"Fukui",53
"2108","hillier_7_7_5_5",2011,2011-07-05,"Fukui",43
"2109","hillier_7_7_5_5",2011,2011-07-05,"Fukui",46
"2110","hillier_7_7_5_5",2011,2011-07-05,"Fukui",38
"2111","hillier_7_7_5_5",2011,2011-07-05,"Fukui",40
"2112","hillier_7_7_5_5",2011,2011-07-05,"Fukui",35
"2113","hillier_7_7_5_5",2011,2011-07-05,"Fukui",44
"2114","hillier_7_7_5_5",2011,2011-07-05,"Fukui",38
"2115","hillier_7_7_5_5",2011,2011-07-05,"Fukui",39
"2116","hillier_7_7_5_99",2011,2011-07-05,"Fukui",89
"2117","hillier_7_7_5_99",2011,2011-07-05,"Fukui",79
"2118","hillier_7_7_5_99",2011,2011-07-05,"Fukui",79
"2119","hillier_7_7_5_99",2011,2011-07-05,"Fukui",65
"2120","hillier_8_7_5_1",2011,2011-07-05,"Fukui",58
"2121","hillier_8_7_5_1",2011,2011-07-05,"Fukui",62
"2122","hillier_8_7_5_1",2011,2011-07-05,"Fukui",55
"2123","hillier_8_7_5_2",2011,2011-07-05,"Fukui",86
"2124","hillier_8_7_5_2",2011,2011-07-05,"Fukui",76
"2125","hillier_8_7_5_2",2011,2011-07-05,"Fukui",91
"2126","hillier_8_7_5_2",2011,2011-07-05,"Fukui",65
"2127","hillier_8_7_5_3",2011,2011-07-05,"Fukui",86
"2128","hillier_8_7_5_4",2011,2011-07-05,"Fukui",95
"2129","hillier_8_7_5_4",2011,2011-07-05,"Fukui",83
"2130","hillier_8_7_5_4",2011,2011-07-05,"Fukui",75
"2131","hillier_8_7_5_5",2011,2011-07-05,"Fukui",78
"2132","hillier_8_7_5_5",2011,2011-07-05,"Fukui",94
"2133","hillier_11_7_21_99",2011,2011-07-21,"Fukui",81
"2134","hillier_11_7_21_5",2011,2011-07-21,"Fukui",48
"2135","hillier_11_7_21_5",2011,2011-07-21,"Fukui",47
"2136","hillier_11_7_21_5",2011,2011-07-21,"Fukui",42
"2137","hillier_11_7_21_4",2011,2011-07-21,"Fukui",73
"2138","hillier_11_7_21_4",2011,2011-07-21,"Fukui",75
"2139","hillier_11_7_21_4",2011,2011-07-21,"Fukui",57
"2140","hillier_11_7_21_4",2011,2011-07-21,"Fukui",47
"2141","hillier_11_7_21_3",2011,2011-07-21,"Fukui",65
"2142","hillier_11_7_21_3",2011,2011-07-21,"Fukui",47
"2143","hillier_11_7_21_2",2011,2011-07-21,"Fukui",43
"2144","hillier_11_7_21_2",2011,2011-07-21,"Fukui",39
"2145","hillier_11_7_21_1",2011,2011-07-21,"Fukui",56
"2146","hillier_11_7_21_1",2011,2011-07-21,"Fukui",53
"2147","hillier_11_7_21_1",2011,2011-07-21,"Fukui",74
"2148","hillier_11_7_21_1",2011,2011-07-21,"Fukui",76
"2149","hillier_11_7_21_1",2011,2011-07-21,"Fukui",79
"2150","hillier_12_7_21_99",2011,2011-07-21,"Fukui",39
"2151","hillier_12_7_21_5",2011,2011-07-21,"Fukui",78
"2152","hillier_12_7_21_5",2011,2011-07-21,"Fukui",76
"2153","hillier_12_7_21_5",2011,2011-07-21,"Fukui",55
"2154","hillier_12_7_21_5",2011,2011-07-21,"Fukui",74
"2155","hillier_12_7_21_3",2011,2011-07-21,"Fukui",63
"2156","hillier_12_7_21_3",2011,2011-07-21,"Fukui",78
"2157","hillier_12_7_21_3",2011,2011-07-21,"Fukui",72
"2158","hillier_12_7_21_3",2011,2011-07-21,"Fukui",38
"2159","hillier_12_7_21_2",2011,2011-07-21,"Fukui",69
"2160","hillier_12_7_21_1",2011,2011-07-21,"Fukui",65
"2161","hillier_12_7_21_1",2011,2011-07-21,"Fukui",62
"2162","hillier_12_7_21_1",2011,2011-07-21,"Fukui",77
"2163","hillier_12_7_21_1",2011,2011-07-21,"Fukui",59
"2164","hillier_12_7_21_1",2011,2011-07-21,"Fukui",55
"2165","hillier_10_9_9_1",2011,2011-09-09,"Fukui",74
"2166","hillier_10_9_9_1",2011,2011-09-09,"Fukui",73
"2167","hillier_10_9_9_1",2011,2011-09-09,"Fukui",73
"2168","hillier_10_9_9_1",2011,2011-09-09,"Fukui",54
"2169","hillier_10_9_9_1",2011,2011-09-09,"Fukui",61
"2170","hillier_10_9_9_1",2011,2011-09-09,"Fukui",59
"2171","hillier_10_9_9_1",2011,2011-09-09,"Fukui",55
"2172","hillier_10_9_9_2",2011,2011-09-09,"Fukui",74
"2173","hillier_10_9_9_4",2011,2011-09-09,"Fukui",85
"2174","hillier_10_9_9_4",2011,2011-09-09,"Fukui",78
"2175","hillier_10_9_9_4",2011,2011-09-09,"Fukui",73
"2176","hillier_10_9_9_5",2011,2011-09-09,"Fukui",77
"2177","hillier_10_9_9_5",2011,2011-09-09,"Fukui",68
"2178","hillier_10_9_9_5",2011,2011-09-09,"Fukui",71
"2179","hillier_10_9_9_5",2011,2011-09-09,"Fukui",69
"2180","hillier_10_9_9_5",2011,2011-09-09,"Fukui",61
"2181","hillier_10_9_9_5",2011,2011-09-09,"Fukui",55
"2182","hillier_10_9_9_5",2011,2011-09-09,"Fukui",53
"2183","hillier_10_9_9_6",2011,2011-09-09,"Fukui",65
"2184","hillier_10_9_9_6",2011,2011-09-09,"Fukui",78
"2185","hillier_11_9_9_1",2011,2011-09-09,"Fukui",75
"2186","hillier_11_9_9_1",2011,2011-09-09,"Fukui",83
"2187","hillier_11_9_9_1",2011,2011-09-09,"Fukui",74
"2188","hillier_11_9_9_1",2011,2011-09-09,"Fukui",56
"2189","hillier_11_9_9_1",2011,2011-09-09,"Fukui",82
"2190","hillier_11_9_9_1",2011,2011-09-09,"Fukui",80
"2191","hillier_11_9_9_1",2011,2011-09-09,"Fukui",80
"2192","hillier_11_9_9_1",2011,2011-09-09,"Fukui",80
"2193","hillier_11_9_9_1",2011,2011-09-09,"Fukui",80
"2194","hillier_11_9_9_1",2011,2011-09-09,"Fukui",71
"2195","hillier_11_9_9_1",2011,2011-09-09,"Fukui",71
"2196","hillier_11_9_9_1",2011,2011-09-09,"Fukui",81
"2197","hillier_11_9_9_1",2011,2011-09-09,"Fukui",74
"2198","hillier_11_9_9_1",2011,2011-09-09,"Fukui",66
"2199","hillier_11_9_9_1",2011,2011-09-09,"Fukui",68
"2200","hillier_11_9_9_1",2011,2011-09-09,"Fukui",69
"2201","hillier_11_9_9_1",2011,2011-09-09,"Fukui",59
"2202","hillier_11_9_9_1",2011,2011-09-09,"Fukui",53
"2203","hillier_11_9_9_1",2011,2011-09-09,"Fukui",46
"2204","hillier_11_9_9_1",2011,2011-09-09,"Fukui",56
"2205","hillier_11_9_9_1",2011,2011-09-09,"Fukui",49
"2206","hillier_11_9_9_2",2011,2011-09-09,"Fukui",82
"2207","hillier_11_9_9_2",2011,2011-09-09,"Fukui",73
"2208","hillier_11_9_9_2",2011,2011-09-09,"Fukui",84
"2209","hillier_11_9_9_2",2011,2011-09-09,"Fukui",79
"2210","hillier_11_9_9_2",2011,2011-09-09,"Fukui",82
"2211","hillier_11_9_9_2",2011,2011-09-09,"Fukui",66
"2212","hillier_11_9_9_2",2011,2011-09-09,"Fukui",58
"2213","hillier_11_9_9_2",2011,2011-09-09,"Fukui",60
"2214","hillier_11_9_9_2",2011,2011-09-09,"Fukui",52
"2215","hillier_11_9_9_2",2011,2011-09-09,"Fukui",71
"2216","hillier_11_9_9_2",2011,2011-09-09,"Fukui",67
"2217","hillier_11_9_9_2",2011,2011-09-09,"Fukui",61
"2218","hillier_11_9_9_2",2011,2011-09-09,"Fukui",53
"2219","hillier_11_9_9_2",2011,2011-09-09,"Fukui",57
"2220","hillier_11_9_9_2",2011,2011-09-09,"Fukui",52
"2221","hillier_11_9_9_2",2011,2011-09-09,"Fukui",53
"2222","hillier_11_9_9_2",2011,2011-09-09,"Fukui",54
"2223","hillier_11_9_9_4",2011,2011-09-09,"Fukui",74
"2224","hillier_11_9_9_4",2011,2011-09-09,"Fukui",77
"2225","hillier_11_9_9_4",2011,2011-09-09,"Fukui",78
"2226","hillier_11_9_9_4",2011,2011-09-09,"Fukui",62
"2227","hillier_11_9_9_4",2011,2011-09-09,"Fukui",62
"2228","hillier_11_9_9_4",2011,2011-09-09,"Fukui",56
"2229","hillier_11_9_9_5",2011,2011-09-09,"Fukui",80
"2230","hillier_11_9_9_5",2011,2011-09-09,"Fukui",71
"2231","hillier_11_9_9_5",2011,2011-09-09,"Fukui",72
"2232","hillier_11_9_9_6",2011,2011-09-09,"Fukui",87
"2233","hillier_11_9_9_6",2011,2011-09-09,"Fukui",82
"2234","hillier_11_9_9_6",2011,2011-09-09,"Fukui",74
"2235","hillier_11_9_9_6",2011,2011-09-09,"Fukui",72
"2236","hillier_11_9_9_6",2011,2011-09-09,"Fukui",67
"2237","hillier_11_9_9_6",2011,2011-09-09,"Fukui",69
"2238","hillier_11_9_9_6",2011,2011-09-09,"Fukui",53
"2239","hillier_11_9_9_6",2011,2011-09-09,"Fukui",67
"2240","hillier_11_9_9_6",2011,2011-09-09,"Fukui",52
"2241","hillier_11_9_9_6",2011,2011-09-09,"Fukui",52
"2242","hillier_12_9_9_1",2011,2011-09-09,"Fukui",60
"2243","hillier_12_9_9_1",2011,2011-09-09,"Fukui",55
"2244","hillier_12_9_9_1",2011,2011-09-09,"Fukui",43
"2245","hillier_12_9_9_1",2011,2011-09-09,"Fukui",54
"2246","hillier_12_9_9_2",2011,2011-09-09,"Fukui",65
"2247","hillier_12_9_9_2",2011,2011-09-09,"Fukui",52
"2248","hillier_12_9_9_2",2011,2011-09-09,"Fukui",49
"2249","hillier_12_9_9_2",2011,2011-09-09,"Fukui",69
"2250","hillier_12_9_9_2",2011,2011-09-09,"Fukui",53
"2251","hillier_12_9_9_2",2011,2011-09-09,"Fukui",56
"2252","hillier_12_9_9_2",2011,2011-09-09,"Fukui",56
"2253","hillier_12_9_9_2",2011,2011-09-09,"Fukui",54
"2254","hillier_12_9_9_2",2011,2011-09-09,"Fukui",48
"2255","hillier_12_9_9_2",2011,2011-09-09,"Fukui",47
"2256","hillier_12_9_9_2",2011,2011-09-09,"Fukui",49
"2257","hillier_12_9_9_2",2011,2011-09-09,"Fukui",52
"2258","hillier_12_9_9_3",2011,2011-09-09,"Fukui",91
"2259","hillier_12_9_9_3",2011,2011-09-09,"Fukui",68
"2260","hillier_12_9_9_3",2011,2011-09-09,"Fukui",77
"2261","hillier_12_9_9_3",2011,2011-09-09,"Fukui",70
"2262","hillier_12_9_9_3",2011,2011-09-09,"Fukui",67
"2263","hillier_12_9_9_3",2011,2011-09-09,"Fukui",61
"2264","hillier_12_9_9_3",2011,2011-09-09,"Fukui",60
"2265","hillier_12_9_9_3",2011,2011-09-09,"Fukui",56
"2266","hillier_12_9_9_3",2011,2011-09-09,"Fukui",53
"2267","hillier_12_9_9_3",2011,2011-09-09,"Fukui",51
"2268","hillier_12_9_9_3",2011,2011-09-09,"Fukui",56
"2269","hillier_12_9_9_3",2011,2011-09-09,"Fukui",49
"2270","hillier_12_9_9_3",2011,2011-09-09,"Fukui",51
"2271","hillier_12_9_9_3",2011,2011-09-09,"Fukui",52
"2272","hillier_12_9_9_3",2011,2011-09-09,"Fukui",52
"2273","hillier_12_9_9_3",2011,2011-09-09,"Fukui",52
"2274","hillier_12_9_9_3",2011,2011-09-09,"Fukui",44
"2275","hillier_12_9_9_3",2011,2011-09-09,"Fukui",50
"2276","hillier_12_9_9_3",2011,2011-09-09,"Fukui",48
"2277","hillier_12_9_9_3",2011,2011-09-09,"Fukui",45
"2278","hillier_12_9_9_3",2011,2011-09-09,"Fukui",47
"2279","hillier_12_9_9_4",2011,2011-09-09,"Fukui",82
"2280","hillier_12_9_9_4",2011,2011-09-09,"Fukui",63
"2281","hillier_12_9_9_4",2011,2011-09-09,"Fukui",62
"2282","hillier_12_9_9_4",2011,2011-09-09,"Fukui",57
"2283","hillier_12_9_9_4",2011,2011-09-09,"Fukui",55
"2284","hillier_12_9_9_4",2011,2011-09-09,"Fukui",63
"2285","hillier_12_9_9_4",2011,2011-09-09,"Fukui",53
"2286","hillier_12_9_9_4",2011,2011-09-09,"Fukui",62
"2287","hillier_12_9_9_4",2011,2011-09-09,"Fukui",57
"2288","hillier_12_9_9_4",2011,2011-09-09,"Fukui",54
"2289","hillier_12_9_9_4",2011,2011-09-09,"Fukui",51
"2290","hillier_12_9_9_4",2011,2011-09-09,"Fukui",56
"2291","hillier_12_9_9_4",2011,2011-09-09,"Fukui",56
"2292","hillier_12_9_9_4",2011,2011-09-09,"Fukui",60
"2293","hillier_12_9_9_4",2011,2011-09-09,"Fukui",56
"2294","hillier_12_9_9_4",2011,2011-09-09,"Fukui",47
"2295","hillier_12_9_9_5",2011,2011-09-09,"Fukui",78
"2296","hillier_12_9_9_5",2011,2011-09-09,"Fukui",78
"2297","hillier_12_9_9_5",2011,2011-09-09,"Fukui",70
"2298","hillier_12_9_9_5",2011,2011-09-09,"Fukui",81
"2299","hillier_12_9_9_5",2011,2011-09-09,"Fukui",72
"2300","hillier_12_9_9_5",2011,2011-09-09,"Fukui",67
"2301","hillier_12_9_9_5",2011,2011-09-09,"Fukui",64
"2302","hillier_12_9_9_5",2011,2011-09-09,"Fukui",66
"2303","hillier_12_9_9_5",2011,2011-09-09,"Fukui",58
"2304","hillier_12_9_9_5",2011,2011-09-09,"Fukui",58
"2305","hillier_12_9_9_5",2011,2011-09-09,"Fukui",54
"2306","hillier_12_9_9_5",2011,2011-09-09,"Fukui",50
"2307","hillier_12_9_9_5",2011,2011-09-09,"Fukui",50
"2308","hillier_12_9_9_6",2011,2011-09-09,"Fukui",80
"2309","hillier_12_9_9_6",2011,2011-09-09,"Fukui",78
"2310","hillier_12_9_9_6",2011,2011-09-09,"Fukui",63
"2311","hillier_12_9_9_6",2011,2011-09-09,"Fukui",64
"2312","hillier_12_9_9_6",2011,2011-09-09,"Fukui",56
"2313","hillier_12_9_9_6",2011,2011-09-09,"Fukui",62
"2314","hillier_12_9_9_6",2011,2011-09-09,"Fukui",60
"2315","hillier_12_9_9_6",2011,2011-09-09,"Fukui",59
"2316","hillier_12_9_9_6",2011,2011-09-09,"Fukui",61
"2317","hillier_12_9_9_6",2011,2011-09-09,"Fukui",68
"2318","hillier_12_9_9_6",2011,2011-09-09,"Fukui",50
"2319","hillier_12_9_9_6",2011,2011-09-09,"Fukui",52
"2320","hillier_12_9_9_6",2011,2011-09-09,"Fukui",49
"2321","hillier_12_9_9_6",2011,2011-09-09,"Fukui",48
"2322","hillier_12_9_9_6",2011,2011-09-09,"Fukui",51
"2323","hillier_12_9_9_6",2011,2011-09-09,"Fukui",48
"2324","hillier_25_9_10_1",2011,2011-09-10,"Fukui",64
"2325","hillier_25_9_10_3",2011,2011-09-10,"Fukui",95
"2326","hillier_25_9_10_3",2011,2011-09-10,"Fukui",61
"2327","hillier_25_9_10_3",2011,2011-09-10,"Fukui",48
"2328","hillier_25_9_10_3",2011,2011-09-10,"Fukui",47
"2329","hillier_25_9_10_4",2011,2011-09-10,"Fukui",78
"2330","hillier_25_9_10_4",2011,2011-09-10,"Fukui",75
"2331","hillier_25_9_10_4",2011,2011-09-10,"Fukui",65
"2332","hillier_25_9_10_4",2011,2011-09-10,"Fukui",49
"2333","hillier_25_9_10_4",2011,2011-09-10,"Fukui",55
"2334","hillier_25_9_10_5",2011,2011-09-10,"Fukui",76
"2335","hillier_25_9_10_5",2011,2011-09-10,"Fukui",70
"2336","hillier_25_9_10_5",2011,2011-09-10,"Fukui",72
"2337","hillier_25_9_10_6",2011,2011-09-10,"Fukui",55
"2338","hillier_25_9_10_6",2011,2011-09-10,"Fukui",51
"2339","hillier_26_9_10_1",2011,2011-09-10,"Fukui",74
"2340","hillier_26_9_10_1",2011,2011-09-10,"Fukui",73
"2341","hillier_26_9_10_1",2011,2011-09-10,"Fukui",79
"2342","hillier_26_9_10_1",2011,2011-09-10,"Fukui",76
"2343","hillier_26_9_10_1",2011,2011-09-10,"Fukui",68
"2344","hillier_26_9_10_1",2011,2011-09-10,"Fukui",74
"2345","hillier_26_9_10_1",2011,2011-09-10,"Fukui",70
"2346","hillier_26_9_10_1",2011,2011-09-10,"Fukui",68
"2347","hillier_26_9_10_1",2011,2011-09-10,"Fukui",64
"2348","hillier_26_9_10_1",2011,2011-09-10,"Fukui",66
"2349","hillier_26_9_10_1",2011,2011-09-10,"Fukui",56
"2350","hillier_26_9_10_1",2011,2011-09-10,"Fukui",48
"2351","hillier_26_9_10_1",2011,2011-09-10,"Fukui",54
"2352","hillier_26_9_10_2",2011,2011-09-10,"Fukui",48
"2353","hillier_26_9_10_2",2011,2011-09-10,"Fukui",50
"2354","hillier_26_9_10_3",2011,2011-09-10,"Fukui",47
"2355","hillier_26_9_10_3",2011,2011-09-10,"Fukui",56
"2356","hillier_26_9_10_4",2011,2011-09-10,"Fukui",58
"2357","hillier_26_9_10_4",2011,2011-09-10,"Fukui",57
"2358","hillier_26_9_10_4",2011,2011-09-10,"Fukui",69
"2359","hillier_26_9_10_4",2011,2011-09-10,"Fukui",63
"2360","hillier_26_9_10_5",2011,2011-09-10,"Fukui",73
"2361","hillier_26_9_10_5",2011,2011-09-10,"Fukui",54
"2362","hillier_26_9_10_5",2011,2011-09-10,"Fukui",58
"2363","hillier_26_9_10_5",2011,2011-09-10,"Fukui",61
"2364","hillier_26_9_10_5",2011,2011-09-10,"Fukui",55
"2365","hillier_26_9_10_5",2011,2011-09-10,"Fukui",52
"2366","hillier_26_9_10_6",2011,2011-09-10,"Fukui",79
"2367","hillier_26_9_10_6",2011,2011-09-10,"Fukui",64
"2368","hillier_26_9_10_6",2011,2011-09-10,"Fukui",68
"2369","hillier_26_9_10_6",2011,2011-09-10,"Fukui",56
"2370","hillier_26_9_10_6",2011,2011-09-10,"Fukui",58
"2371","hillier_26_9_10_6",2011,2011-09-10,"Fukui",51
"2372","hillier_27_9_10_1",2011,2011-09-10,"Fukui",54
"2373","hillier_27_9_10_2",2011,2011-09-10,"Fukui",49
"2374","hillier_27_9_10_3",2011,2011-09-10,"Fukui",52
"2375","hillier_27_9_10_3",2011,2011-09-10,"Fukui",49
"2376","hillier_27_9_10_3",2011,2011-09-10,"Fukui",52
"2377","hillier_34_9_11_2",2011,2011-09-11,"Fukui",92
"2378","hillier_34_9_11_2",2011,2011-09-11,"Fukui",83
"2379","hillier_34_9_11_3",2011,2011-09-11,"Fukui",59
"2380","hillier_34_9_11_3",2011,2011-09-11,"Fukui",60
"2381","hillier_34_9_11_3",2011,2011-09-11,"Fukui",56
"2382","hillier_34_9_11_4",2011,2011-09-11,"Fukui",70
"2383","hillier_34_9_11_4",2011,2011-09-11,"Fukui",78
"2384","hillier_34_9_11_4",2011,2011-09-11,"Fukui",69
"2385","hillier_34_9_11_4",2011,2011-09-11,"Fukui",69
"2386","hillier_34_9_11_4",2011,2011-09-11,"Fukui",72
"2387","hillier_34_9_11_4",2011,2011-09-11,"Fukui",72
"2388","hillier_34_9_11_4",2011,2011-09-11,"Fukui",58
"2389","hillier_34_9_11_4",2011,2011-09-11,"Fukui",56
"2390","hillier_34_9_11_4",2011,2011-09-11,"Fukui",54
"2391","hillier_34_9_11_4",2011,2011-09-11,"Fukui",55
"2392","hillier_34_9_11_4",2011,2011-09-11,"Fukui",54
"2393","hillier_34_9_11_4",2011,2011-09-11,"Fukui",58
"2394","hillier_34_9_11_4",2011,2011-09-11,"Fukui",54
"2395","hillier_34_9_11_4",2011,2011-09-11,"Fukui",51
"2396","hillier_34_9_11_4",2011,2011-09-11,"Fukui",66
"2397","hillier_34_9_11_4",2011,2011-09-11,"Fukui",60
"2398","hillier_34_9_11_5",2011,2011-09-11,"Fukui",82
"2399","hillier_34_9_11_5",2011,2011-09-11,"Fukui",69
"2400","hillier_34_9_11_5",2011,2011-09-11,"Fukui",74
"2401","hillier_34_9_11_5",2011,2011-09-11,"Fukui",77
"2402","hillier_34_9_11_5",2011,2011-09-11,"Fukui",77
"2403","hillier_34_9_11_5",2011,2011-09-11,"Fukui",73
"2404","hillier_34_9_11_5",2011,2011-09-11,"Fukui",70
"2405","hillier_34_9_11_5",2011,2011-09-11,"Fukui",70
"2406","hillier_34_9_11_5",2011,2011-09-11,"Fukui",52
"2407","hillier_34_9_11_5",2011,2011-09-11,"Fukui",71
"2408","hillier_34_9_11_5",2011,2011-09-11,"Fukui",73
"2409","hillier_34_9_11_5",2011,2011-09-11,"Fukui",72
"2410","hillier_34_9_11_5",2011,2011-09-11,"Fukui",67
"2411","hillier_34_9_11_5",2011,2011-09-11,"Fukui",78
"2412","hillier_34_9_11_5",2011,2011-09-11,"Fukui",64
"2413","hillier_34_9_11_5",2011,2011-09-11,"Fukui",61
"2414","hillier_34_9_11_5",2011,2011-09-11,"Fukui",70
"2415","hillier_34_9_11_5",2011,2011-09-11,"Fukui",58
"2416","hillier_34_9_11_5",2011,2011-09-11,"Fukui",61
"2417","hillier_34_9_11_5",2011,2011-09-11,"Fukui",57
"2418","hillier_34_9_11_5",2011,2011-09-11,"Fukui",49
"2419","hillier_34_9_11_5",2011,2011-09-11,"Fukui",50
"2420","hillier_34_9_11_5",2011,2011-09-11,"Fukui",58
"2421","hillier_34_9_11_5",2011,2011-09-11,"Fukui",52
"2422","hillier_34_9_11_5",2011,2011-09-11,"Fukui",62
"2423","hillier_34_9_11_5",2011,2011-09-11,"Fukui",53
"2424","hillier_34_9_11_5",2011,2011-09-11,"Fukui",54
"2425","hillier_34_9_11_5",2011,2011-09-11,"Fukui",53
"2426","hillier_34_9_11_5",2011,2011-09-11,"Fukui",54
"2427","hillier_34_9_11_6",2011,2011-09-11,"Fukui",84
"2428","hillier_34_9_11_6",2011,2011-09-11,"Fukui",73
"2429","hillier_35_9_11_1",2011,2011-09-11,"Fukui",87
"2430","hillier_35_9_11_1",2011,2011-09-11,"Fukui",73
"2431","hillier_35_9_11_1",2011,2011-09-11,"Fukui",75
"2432","hillier_35_9_11_1",2011,2011-09-11,"Fukui",82
"2433","hillier_35_9_11_1",2011,2011-09-11,"Fukui",77
"2434","hillier_35_9_11_1",2011,2011-09-11,"Fukui",79
"2435","hillier_35_9_11_1",2011,2011-09-11,"Fukui",70
"2436","hillier_35_9_11_1",2011,2011-09-11,"Fukui",68
"2437","hillier_35_9_11_1",2011,2011-09-11,"Fukui",80
"2438","hillier_35_9_11_1",2011,2011-09-11,"Fukui",78
"2439","hillier_35_9_11_1",2011,2011-09-11,"Fukui",76
"2440","hillier_35_9_11_1",2011,2011-09-11,"Fukui",70
"2441","hillier_35_9_11_1",2011,2011-09-11,"Fukui",74
"2442","hillier_35_9_11_1",2011,2011-09-11,"Fukui",68
"2443","hillier_35_9_11_1",2011,2011-09-11,"Fukui",60
"2444","hillier_35_9_11_1",2011,2011-09-11,"Fukui",57
"2445","hillier_35_9_11_1",2011,2011-09-11,"Fukui",63
"2446","hillier_35_9_11_1",2011,2011-09-11,"Fukui",54
"2447","hillier_35_9_11_2",2011,2011-09-11,"Fukui",70
"2448","hillier_35_9_11_2",2011,2011-09-11,"Fukui",75
"2449","hillier_35_9_11_2",2011,2011-09-11,"Fukui",63
"2450","hillier_35_9_11_2",2011,2011-09-11,"Fukui",53
"2451","hillier_35_9_11_2",2011,2011-09-11,"Fukui",45
"2452","hillier_35_9_11_2",2011,2011-09-11,"Fukui",56
"2453","hillier_35_9_11_2",2011,2011-09-11,"Fukui",50
"2454","hillier_35_9_11_2",2011,2011-09-11,"Fukui",52
"2455","hillier_35_9_11_2",2011,2011-09-11,"Fukui",51
"2456","hillier_35_9_11_2",2011,2011-09-11,"Fukui",49
"2457","hillier_35_9_11_3",2011,2011-09-11,"Fukui",78
"2458","hillier_35_9_11_3",2011,2011-09-11,"Fukui",70
"2459","hillier_35_9_11_3",2011,2011-09-11,"Fukui",77
"2460","hillier_35_9_11_3",2011,2011-09-11,"Fukui",65
"2461","hillier_35_9_11_3",2011,2011-09-11,"Fukui",66
"2462","hillier_35_9_11_3",2011,2011-09-11,"Fukui",66
"2463","hillier_35_9_11_3",2011,2011-09-11,"Fukui",55
"2464","hillier_35_9_11_3",2011,2011-09-11,"Fukui",56
"2465","hillier_35_9_11_3",2011,2011-09-11,"Fukui",55
"2466","hillier_35_9_11_3",2011,2011-09-11,"Fukui",53
"2467","hillier_35_9_11_3",2011,2011-09-11,"Fukui",52
"2468","hillier_35_9_11_4",2011,2011-09-11,"Fukui",58
"2469","hillier_35_9_11_4",2011,2011-09-11,"Fukui",58
"2470","hillier_35_9_11_4",2011,2011-09-11,"Fukui",42
"2471","hillier_35_9_11_5",2011,2011-09-11,"Fukui",84
"2472","hillier_35_9_11_5",2011,2011-09-11,"Fukui",81
"2473","hillier_35_9_11_5",2011,2011-09-11,"Fukui",80
"2474","hillier_35_9_11_5",2011,2011-09-11,"Fukui",72
"2475","hillier_35_9_11_5",2011,2011-09-11,"Fukui",76
"2476","hillier_35_9_11_5",2011,2011-09-11,"Fukui",75
"2477","hillier_35_9_11_5",2011,2011-09-11,"Fukui",76
"2478","hillier_35_9_11_5",2011,2011-09-11,"Fukui",70
"2479","hillier_35_9_11_5",2011,2011-09-11,"Fukui",67
"2480","hillier_35_9_11_5",2011,2011-09-11,"Fukui",75
"2481","hillier_35_9_11_5",2011,2011-09-11,"Fukui",73
"2482","hillier_35_9_11_5",2011,2011-09-11,"Fukui",63
"2483","hillier_35_9_11_5",2011,2011-09-11,"Fukui",70
"2484","hillier_35_9_11_5",2011,2011-09-11,"Fukui",75
"2485","hillier_35_9_11_5",2011,2011-09-11,"Fukui",56
"2486","hillier_35_9_11_5",2011,2011-09-11,"Fukui",61
"2487","hillier_35_9_11_5",2011,2011-09-11,"Fukui",60
"2488","hillier_35_9_11_5",2011,2011-09-11,"Fukui",52
"2489","hillier_35_9_11_5",2011,2011-09-11,"Fukui",53
"2490","hillier_35_9_11_5",2011,2011-09-11,"Fukui",56
"2491","hillier_35_9_11_5",2011,2011-09-11,"Fukui",53
"2492","hillier_35_9_11_5",2011,2011-09-11,"Fukui",57
"2493","hillier_35_9_11_6",2011,2011-09-11,"Fukui",63
"2494","hillier_35_9_11_6",2011,2011-09-11,"Fukui",66
"2495","hillier_35_9_11_6",2011,2011-09-11,"Fukui",52
"2496","hillier_35_9_11_6",2011,2011-09-11,"Fukui",69
"2497","hillier_36_9_11_2",2011,2011-09-11,"Fukui",82
"2498","hillier_36_9_11_2",2011,2011-09-11,"Fukui",76
"2499","hillier_36_9_11_2",2011,2011-09-11,"Fukui",84
"2500","hillier_36_9_11_2",2011,2011-09-11,"Fukui",76
"2501","hillier_36_9_11_2",2011,2011-09-11,"Fukui",75
"2502","hillier_36_9_11_2",2011,2011-09-11,"Fukui",78
"2503","hillier_36_9_11_2",2011,2011-09-11,"Fukui",53
"2504","hillier_36_9_11_2",2011,2011-09-11,"Fukui",50
"2505","hillier_36_9_11_2",2011,2011-09-11,"Fukui",49
"2506","hillier_36_9_11_3",2011,2011-09-11,"Fukui",79
"2507","hillier_36_9_11_3",2011,2011-09-11,"Fukui",72
"2508","hillier_36_9_11_3",2011,2011-09-11,"Fukui",74
"2509","hillier_36_9_11_3",2011,2011-09-11,"Fukui",67
"2510","hillier_36_9_11_3",2011,2011-09-11,"Fukui",78
"2511","hillier_36_9_11_3",2011,2011-09-11,"Fukui",72
"2512","hillier_36_9_11_3",2011,2011-09-11,"Fukui",70
"2513","hillier_36_9_11_3",2011,2011-09-11,"Fukui",58
"2514","hillier_36_9_11_3",2011,2011-09-11,"Fukui",52
"2515","hillier_36_9_11_5",2011,2011-09-11,"Fukui",53
"2516","hillier_43_9_12_1",2011,2011-09-12,"Fukui",52
"2517","hillier_43_9_12_1",2011,2011-09-12,"Fukui",61
"2518","hillier_43_9_12_1",2011,2011-09-12,"Fukui",67
"2519","hillier_43_9_12_1",2011,2011-09-12,"Fukui",60
"2520","hillier_43_9_12_2",2011,2011-09-12,"Fukui",54
"2521","hillier_43_9_12_5",2011,2011-09-12,"Fukui",56
"2522","hillier_43_9_12_5",2011,2011-09-12,"Fukui",53
"2523","hillier_43_9_12_6",2011,2011-09-12,"Fukui",82
"2524","hillier_43_9_12_6",2011,2011-09-12,"Fukui",66
"2525","hillier_43_9_12_6",2011,2011-09-12,"Fukui",52
"2526","hillier_44_9_12_1",2011,2011-09-12,"Fukui",62
"2527","hillier_44_9_12_1",2011,2011-09-12,"Fukui",47
"2528","hillier_44_9_12_2",2011,2011-09-12,"Fukui",53
"2529","hillier_44_9_12_3",2011,2011-09-12,"Fukui",80
"2530","hillier_44_9_12_3",2011,2011-09-12,"Fukui",70
"2531","hillier_44_9_12_4",2011,2011-09-12,"Fukui",42
"2532","hillier_44_9_12_5",2011,2011-09-12,"Fukui",60
"2533","hillier_44_9_12_6",2011,2011-09-12,"Fukui",59
"2534","hillier_44_9_12_6",2011,2011-09-12,"Fukui",58
"2535","hillier_44_9_12_6",2011,2011-09-12,"Fukui",51
"2536","hillier_45_9_12_1",2011,2011-09-12,"Fukui",73
"2537","hillier_45_9_12_1",2011,2011-09-12,"Fukui",68
"2538","hillier_45_9_12_1",2011,2011-09-12,"Fukui",78
"2539","hillier_45_9_12_1",2011,2011-09-12,"Fukui",62
"2540","hillier_45_9_12_5",2011,2011-09-12,"Fukui",79
"2541","hillier_52_9_13_2",2011,2011-09-13,"Fukui",82
"2542","hillier_52_9_13_2",2011,2011-09-13,"Fukui",80
"2543","hillier_52_9_13_2",2011,2011-09-13,"Fukui",75
"2544","hillier_52_9_13_2",2011,2011-09-13,"Fukui",55
"2545","hillier_52_9_13_5",2011,2011-09-13,"Fukui",59
"2546","hillier_52_9_13_6",2011,2011-09-13,"Fukui",79
"2547","hillier_52_9_13_6",2011,2011-09-13,"Fukui",83
"2548","hillier_52_9_13_6",2011,2011-09-13,"Fukui",78
"2549","hillier_52_9_13_6",2011,2011-09-13,"Fukui",70
"2550","hillier_52_9_13_6",2011,2011-09-13,"Fukui",67
"2551","hillier_52_9_13_6",2011,2011-09-13,"Fukui",74
"2552","hillier_52_9_13_6",2011,2011-09-13,"Fukui",70
"2553","hillier_52_9_13_6",2011,2011-09-13,"Fukui",66
"2554","hillier_52_9_13_6",2011,2011-09-13,"Fukui",55
"2555","hillier_52_9_13_6",2011,2011-09-13,"Fukui",54
"2556","hillier_52_9_13_6",2011,2011-09-13,"Fukui",55
"2557","hillier_52_9_13_6",2011,2011-09-13,"Fukui",60
"2558","hillier_52_9_13_6",2011,2011-09-13,"Fukui",58
"2559","hillier_53_9_13_1",2011,2011-09-13,"Fukui",82
"2560","hillier_53_9_13_1",2011,2011-09-13,"Fukui",51
"2561","hillier_53_9_13_1",2011,2011-09-13,"Fukui",61
"2562","hillier_53_9_13_1",2011,2011-09-13,"Fukui",48
"2563","hillier_53_9_13_1",2011,2011-09-13,"Fukui",54
"2564","hillier_53_9_13_1",2011,2011-09-13,"Fukui",53
"2565","hillier_53_9_13_1",2011,2011-09-13,"Fukui",53
"2566","hillier_53_9_13_2",2011,2011-09-13,"Fukui",66
"2567","hillier_53_9_13_2",2011,2011-09-13,"Fukui",73
"2568","hillier_53_9_13_3",2011,2011-09-13,"Fukui",72
"2569","hillier_53_9_13_3",2011,2011-09-13,"Fukui",71
"2570","hillier_53_9_13_3",2011,2011-09-13,"Fukui",53
"2571","hillier_53_9_13_3",2011,2011-09-13,"Fukui",54
"2572","hillier_53_9_13_3",2011,2011-09-13,"Fukui",50
"2573","hillier_53_9_13_4",2011,2011-09-13,"Fukui",81
"2574","hillier_53_9_13_4",2011,2011-09-13,"Fukui",78
"2575","hillier_53_9_13_4",2011,2011-09-13,"Fukui",73
"2576","hillier_53_9_13_4",2011,2011-09-13,"Fukui",71
"2577","hillier_53_9_13_4",2011,2011-09-13,"Fukui",75
"2578","hillier_53_9_13_4",2011,2011-09-13,"Fukui",74
"2579","hillier_53_9_13_4",2011,2011-09-13,"Fukui",68
"2580","hillier_53_9_13_4",2011,2011-09-13,"Fukui",77
"2581","hillier_53_9_13_4",2011,2011-09-13,"Fukui",67
"2582","hillier_53_9_13_4",2011,2011-09-13,"Fukui",59
"2583","hillier_53_9_13_4",2011,2011-09-13,"Fukui",77
"2584","hillier_53_9_13_4",2011,2011-09-13,"Fukui",78
"2585","hillier_53_9_13_4",2011,2011-09-13,"Fukui",83
"2586","hillier_53_9_13_4",2011,2011-09-13,"Fukui",57
"2587","hillier_53_9_13_4",2011,2011-09-13,"Fukui",52
"2588","hillier_53_9_13_4",2011,2011-09-13,"Fukui",56
"2589","hillier_53_9_13_4",2011,2011-09-13,"Fukui",79
"2590","hillier_53_9_13_4",2011,2011-09-13,"Fukui",55
"2591","hillier_53_9_13_4",2011,2011-09-13,"Fukui",62
"2592","hillier_53_9_13_4",2011,2011-09-13,"Fukui",64
"2593","hillier_53_9_13_4",2011,2011-09-13,"Fukui",60
"2594","hillier_53_9_13_4",2011,2011-09-13,"Fukui",54
"2595","hillier_53_9_13_4",2011,2011-09-13,"Fukui",57
"2596","hillier_53_9_13_4",2011,2011-09-13,"Fukui",51
"2597","hillier_53_9_13_4",2011,2011-09-13,"Fukui",57
"2598","hillier_53_9_13_4",2011,2011-09-13,"Fukui",54
"2599","hillier_53_9_13_4",2011,2011-09-13,"Fukui",49
"2600","hillier_53_9_13_5",2011,2011-09-13,"Fukui",76
"2601","hillier_53_9_13_5",2011,2011-09-13,"Fukui",45
"2602","hillier_53_9_13_5",2011,2011-09-13,"Fukui",52
"2603","hillier_53_9_13_5",2011,2011-09-13,"Fukui",73
"2604","hillier_53_9_13_5",2011,2011-09-13,"Fukui",62
"2605","hillier_53_9_13_6",2011,2011-09-13,"Fukui",74
"2606","hillier_53_9_13_6",2011,2011-09-13,"Fukui",63
"2607","hillier_53_9_13_6",2011,2011-09-13,"Fukui",74
"2608","hillier_53_9_13_6",2011,2011-09-13,"Fukui",50
"2609","hillier_54_9_13_1",2011,2011-09-13,"Fukui",54
"2610","hillier_54_9_13_1",2011,2011-09-13,"Fukui",61
"2611","hillier_54_9_13_1",2011,2011-09-13,"Fukui",59
"2612","hillier_54_9_13_1",2011,2011-09-13,"Fukui",56
"2613","hillier_54_9_13_2",2011,2011-09-13,"Fukui",62
"2614","hillier_54_9_13_2",2011,2011-09-13,"Fukui",58
"2615","hillier_54_9_13_3",2011,2011-09-13,"Fukui",74
"2616","hillier_54_9_13_3",2011,2011-09-13,"Fukui",72
"2617","hillier_54_9_13_3",2011,2011-09-13,"Fukui",79
"2618","hillier_54_9_13_3",2011,2011-09-13,"Fukui",77
"2619","hillier_54_9_13_3",2011,2011-09-13,"Fukui",57
"2620","hillier_54_9_13_3",2011,2011-09-13,"Fukui",78
"2621","hillier_54_9_13_3",2011,2011-09-13,"Fukui",56
"2622","hillier_54_9_13_3",2011,2011-09-13,"Fukui",55
"2623","hillier_54_9_13_3",2011,2011-09-13,"Fukui",49
"2624","hillier_54_9_13_3",2011,2011-09-13,"Fukui",76
"2625","hillier_54_9_13_3",2011,2011-09-13,"Fukui",69
"2626","hillier_54_9_13_3",2011,2011-09-13,"Fukui",71
"2627","hillier_54_9_13_3",2011,2011-09-13,"Fukui",49
"2628","hillier_54_9_13_3",2011,2011-09-13,"Fukui",65
"2629","hillier_54_9_13_3",2011,2011-09-13,"Fukui",66
"2630","hillier_54_9_13_4",2011,2011-09-13,"Fukui",79
"2631","hillier_54_9_13_4",2011,2011-09-13,"Fukui",67
"2632","hillier_54_9_13_4",2011,2011-09-13,"Fukui",51
"2633","hillier_54_9_13_4",2011,2011-09-13,"Fukui",69
"2634","hillier_54_9_13_5",2011,2011-09-13,"Fukui",56
"2635","hillier_54_9_13_5",2011,2011-09-13,"Fukui",52
"2636","hillier_54_9_13_5",2011,2011-09-13,"Fukui",53
"2637","hillier_54_9_13_5",2011,2011-09-13,"Fukui",55
"2638","hillier_54_9_13_6",2011,2011-09-13,"Fukui",74
"2639","hillier_54_9_13_6",2011,2011-09-13,"Fukui",71
"2640","hillier_54_9_13_6",2011,2011-09-13,"Fukui",59
"2641","hillier_54_9_13_6",2011,2011-09-13,"Fukui",50
"2642","hillier_54_9_13_6",2011,2011-09-13,"Fukui",57
"2643","hillier_61_9_14_1",2011,2011-09-14,"Fukui",80
"2644","hillier_61_9_14_1",2011,2011-09-14,"Fukui",82
"2645","hillier_61_9_14_1",2011,2011-09-14,"Fukui",75
"2646","hillier_61_9_14_1",2011,2011-09-14,"Fukui",63
"2647","hillier_61_9_14_1",2011,2011-09-14,"Fukui",62
"2648","hillier_61_9_14_1",2011,2011-09-14,"Fukui",78
"2649","hillier_61_9_14_1",2011,2011-09-14,"Fukui",65
"2650","hillier_61_9_14_1",2011,2011-09-14,"Fukui",71
"2651","hillier_61_9_14_1",2011,2011-09-14,"Fukui",77
"2652","hillier_61_9_14_1",2011,2011-09-14,"Fukui",77
"2653","hillier_61_9_14_1",2011,2011-09-14,"Fukui",76
"2654","hillier_61_9_14_1",2011,2011-09-14,"Fukui",64
"2655","hillier_61_9_14_1",2011,2011-09-14,"Fukui",60
"2656","hillier_61_9_14_1",2011,2011-09-14,"Fukui",59
"2657","hillier_61_9_14_1",2011,2011-09-14,"Fukui",52
"2658","hillier_61_9_14_1",2011,2011-09-14,"Fukui",57
"2659","hillier_61_9_14_1",2011,2011-09-14,"Fukui",51
"2660","hillier_61_9_14_1",2011,2011-09-14,"Fukui",52
"2661","hillier_61_9_14_1",2011,2011-09-14,"Fukui",52
"2662","hillier_61_9_14_1",2011,2011-09-14,"Fukui",68
"2663","hillier_61_9_14_1",2011,2011-09-14,"Fukui",74
"2664","hillier_61_9_14_1",2011,2011-09-14,"Fukui",72
"2665","hillier_61_9_14_1",2011,2011-09-14,"Fukui",54
"2666","hillier_61_9_14_1",2011,2011-09-14,"Fukui",53
"2667","hillier_61_9_14_1",2011,2011-09-14,"Fukui",55
"2668","hillier_61_9_14_1",2011,2011-09-14,"Fukui",55
"2669","hillier_61_9_14_1",2011,2011-09-14,"Fukui",49
"2670","hillier_61_9_14_1",2011,2011-09-14,"Fukui",60
"2671","hillier_61_9_14_1",2011,2011-09-14,"Fukui",52
"2672","hillier_61_9_14_1",2011,2011-09-14,"Fukui",54
"2673","hillier_61_9_14_2",2011,2011-09-14,"Fukui",70
"2674","hillier_61_9_14_2",2011,2011-09-14,"Fukui",56
"2675","hillier_61_9_14_2",2011,2011-09-14,"Fukui",55
"2676","hillier_61_9_14_2",2011,2011-09-14,"Fukui",55
"2677","hillier_61_9_14_2",2011,2011-09-14,"Fukui",57
"2678","hillier_61_9_14_2",2011,2011-09-14,"Fukui",57
"2679","hillier_61_9_14_2",2011,2011-09-14,"Fukui",55
"2680","hillier_61_9_14_3",2011,2011-09-14,"Fukui",55
"2681","hillier_61_9_14_4",2011,2011-09-14,"Fukui",80
"2682","hillier_61_9_14_4",2011,2011-09-14,"Fukui",79
"2683","hillier_61_9_14_4",2011,2011-09-14,"Fukui",67
"2684","hillier_61_9_14_4",2011,2011-09-14,"Fukui",62
"2685","hillier_61_9_14_4",2011,2011-09-14,"Fukui",67
"2686","hillier_61_9_14_4",2011,2011-09-14,"Fukui",57
"2687","hillier_61_9_14_5",2011,2011-09-14,"Fukui",82
"2688","hillier_61_9_14_5",2011,2011-09-14,"Fukui",65
"2689","hillier_61_9_14_5",2011,2011-09-14,"Fukui",80
"2690","hillier_61_9_14_5",2011,2011-09-14,"Fukui",73
"2691","hillier_61_9_14_5",2011,2011-09-14,"Fukui",64
"2692","hillier_61_9_14_5",2011,2011-09-14,"Fukui",75
"2693","hillier_61_9_14_5",2011,2011-09-14,"Fukui",62
"2694","hillier_61_9_14_5",2011,2011-09-14,"Fukui",55
"2695","hillier_61_9_14_5",2011,2011-09-14,"Fukui",57
"2696","hillier_61_9_14_5",2011,2011-09-14,"Fukui",51
"2697","hillier_61_9_14_5",2011,2011-09-14,"Fukui",56
"2698","hillier_61_9_14_5",2011,2011-09-14,"Fukui",57
"2699","hillier_61_9_14_5",2011,2011-09-14,"Fukui",55
"2700","hillier_61_9_14_5",2011,2011-09-14,"Fukui",53
"2701","hillier_61_9_14_5",2011,2011-09-14,"Fukui",51
"2702","hillier_61_9_14_5",2011,2011-09-14,"Fukui",57
"2703","hillier_61_9_14_5",2011,2011-09-14,"Fukui",54
"2704","hillier_61_9_14_5",2011,2011-09-14,"Fukui",55
"2705","hillier_61_9_14_6",2011,2011-09-14,"Fukui",66
"2706","hillier_61_9_14_6",2011,2011-09-14,"Fukui",71
"2707","hillier_61_9_14_6",2011,2011-09-14,"Fukui",68
"2708","hillier_61_9_14_6",2011,2011-09-14,"Fukui",78
"2709","hillier_61_9_14_6",2011,2011-09-14,"Fukui",77
"2710","hillier_62_9_14_1",2011,2011-09-14,"Fukui",93
"2711","hillier_62_9_14_1",2011,2011-09-14,"Fukui",76
"2712","hillier_62_9_14_1",2011,2011-09-14,"Fukui",82
"2713","hillier_62_9_14_1",2011,2011-09-14,"Fukui",75
"2714","hillier_62_9_14_1",2011,2011-09-14,"Fukui",69
"2715","hillier_62_9_14_1",2011,2011-09-14,"Fukui",80
"2716","hillier_62_9_14_1",2011,2011-09-14,"Fukui",64
"2717","hillier_62_9_14_1",2011,2011-09-14,"Fukui",69
"2718","hillier_62_9_14_1",2011,2011-09-14,"Fukui",73
"2719","hillier_62_9_14_1",2011,2011-09-14,"Fukui",77
"2720","hillier_62_9_14_1",2011,2011-09-14,"Fukui",89
"2721","hillier_62_9_14_1",2011,2011-09-14,"Fukui",82
"2722","hillier_62_9_14_1",2011,2011-09-14,"Fukui",74
"2723","hillier_62_9_14_1",2011,2011-09-14,"Fukui",69
"2724","hillier_62_9_14_1",2011,2011-09-14,"Fukui",84
"2725","hillier_62_9_14_1",2011,2011-09-14,"Fukui",79
"2726","hillier_62_9_14_1",2011,2011-09-14,"Fukui",57
"2727","hillier_62_9_14_1",2011,2011-09-14,"Fukui",54
"2728","hillier_62_9_14_1",2011,2011-09-14,"Fukui",58
"2729","hillier_62_9_14_1",2011,2011-09-14,"Fukui",64
"2730","hillier_62_9_14_1",2011,2011-09-14,"Fukui",72
"2731","hillier_62_9_14_1",2011,2011-09-14,"Fukui",74
"2732","hillier_62_9_14_1",2011,2011-09-14,"Fukui",70
"2733","hillier_62_9_14_1",2011,2011-09-14,"Fukui",77
"2734","hillier_62_9_14_1",2011,2011-09-14,"Fukui",77
"2735","hillier_62_9_14_1",2011,2011-09-14,"Fukui",71
"2736","hillier_62_9_14_1",2011,2011-09-14,"Fukui",63
"2737","hillier_62_9_14_1",2011,2011-09-14,"Fukui",56
"2738","hillier_62_9_14_1",2011,2011-09-14,"Fukui",59
"2739","hillier_62_9_14_1",2011,2011-09-14,"Fukui",60
"2740","hillier_62_9_14_1",2011,2011-09-14,"Fukui",55
"2741","hillier_62_9_14_1",2011,2011-09-14,"Fukui",47
"2742","hillier_62_9_14_1",2011,2011-09-14,"Fukui",50
"2743","hillier_62_9_14_1",2011,2011-09-14,"Fukui",55
"2744","hillier_62_9_14_1",2011,2011-09-14,"Fukui",53
"2745","hillier_62_9_14_1",2011,2011-09-14,"Fukui",52
"2746","hillier_62_9_14_1",2011,2011-09-14,"Fukui",52
"2747","hillier_62_9_14_1",2011,2011-09-14,"Fukui",45
"2748","hillier_62_9_14_1",2011,2011-09-14,"Fukui",50
"2749","hillier_62_9_14_1",2011,2011-09-14,"Fukui",52
"2750","hillier_62_9_14_1",2011,2011-09-14,"Fukui",57
"2751","hillier_62_9_14_1",2011,2011-09-14,"Fukui",56
"2752","hillier_62_9_14_1",2011,2011-09-14,"Fukui",48
"2753","hillier_62_9_14_1",2011,2011-09-14,"Fukui",53
"2754","hillier_62_9_14_1",2011,2011-09-14,"Fukui",54
"2755","hillier_62_9_14_1",2011,2011-09-14,"Fukui",49
"2756","hillier_62_9_14_2",2011,2011-09-14,"Fukui",77
"2757","hillier_62_9_14_2",2011,2011-09-14,"Fukui",77
"2758","hillier_62_9_14_2",2011,2011-09-14,"Fukui",78
"2759","hillier_62_9_14_2",2011,2011-09-14,"Fukui",82
"2760","hillier_62_9_14_2",2011,2011-09-14,"Fukui",67
"2761","hillier_62_9_14_2",2011,2011-09-14,"Fukui",73
"2762","hillier_62_9_14_2",2011,2011-09-14,"Fukui",70
"2763","hillier_62_9_14_2",2011,2011-09-14,"Fukui",63
"2764","hillier_62_9_14_2",2011,2011-09-14,"Fukui",55
"2765","hillier_62_9_14_2",2011,2011-09-14,"Fukui",58
"2766","hillier_62_9_14_2",2011,2011-09-14,"Fukui",54
"2767","hillier_62_9_14_2",2011,2011-09-14,"Fukui",59
"2768","hillier_62_9_14_2",2011,2011-09-14,"Fukui",49
"2769","hillier_62_9_14_2",2011,2011-09-14,"Fukui",53
"2770","hillier_62_9_14_2",2011,2011-09-14,"Fukui",49
"2771","hillier_62_9_14_3",2011,2011-09-14,"Fukui",80
"2772","hillier_62_9_14_3",2011,2011-09-14,"Fukui",71
"2773","hillier_62_9_14_3",2011,2011-09-14,"Fukui",78
"2774","hillier_62_9_14_3",2011,2011-09-14,"Fukui",80
"2775","hillier_62_9_14_3",2011,2011-09-14,"Fukui",73
"2776","hillier_62_9_14_3",2011,2011-09-14,"Fukui",73
"2777","hillier_62_9_14_3",2011,2011-09-14,"Fukui",70
"2778","hillier_62_9_14_3",2011,2011-09-14,"Fukui",59
"2779","hillier_62_9_14_3",2011,2011-09-14,"Fukui",65
"2780","hillier_62_9_14_3",2011,2011-09-14,"Fukui",65
"2781","hillier_62_9_14_3",2011,2011-09-14,"Fukui",65
"2782","hillier_62_9_14_3",2011,2011-09-14,"Fukui",63
"2783","hillier_62_9_14_3",2011,2011-09-14,"Fukui",62
"2784","hillier_62_9_14_3",2011,2011-09-14,"Fukui",58
"2785","hillier_62_9_14_3",2011,2011-09-14,"Fukui",61
"2786","hillier_62_9_14_3",2011,2011-09-14,"Fukui",58
"2787","hillier_62_9_14_3",2011,2011-09-14,"Fukui",57
"2788","hillier_62_9_14_3",2011,2011-09-14,"Fukui",47
"2789","hillier_62_9_14_4",2011,2011-09-14,"Fukui",71
"2790","hillier_62_9_14_4",2011,2011-09-14,"Fukui",69
"2791","hillier_62_9_14_4",2011,2011-09-14,"Fukui",58
"2792","hillier_62_9_14_4",2011,2011-09-14,"Fukui",50
"2793","hillier_62_9_14_4",2011,2011-09-14,"Fukui",54
"2794","hillier_62_9_14_5",2011,2011-09-14,"Fukui",76
"2795","hillier_62_9_14_5",2011,2011-09-14,"Fukui",61
"2796","hillier_62_9_14_5",2011,2011-09-14,"Fukui",64
"2797","hillier_62_9_14_5",2011,2011-09-14,"Fukui",70
"2798","hillier_62_9_14_5",2011,2011-09-14,"Fukui",58
"2799","hillier_62_9_14_5",2011,2011-09-14,"Fukui",60
"2800","hillier_62_9_14_5",2011,2011-09-14,"Fukui",59
"2801","hillier_62_9_14_5",2011,2011-09-14,"Fukui",44
"2802","hillier_62_9_14_6",2011,2011-09-14,"Fukui",73
"2803","hillier_62_9_14_6",2011,2011-09-14,"Fukui",82
"2804","hillier_62_9_14_6",2011,2011-09-14,"Fukui",77
"2805","hillier_62_9_14_6",2011,2011-09-14,"Fukui",70
"2806","hillier_62_9_14_6",2011,2011-09-14,"Fukui",69
"2807","hillier_62_9_14_6",2011,2011-09-14,"Fukui",56
"2808","hillier_62_9_14_6",2011,2011-09-14,"Fukui",57
"2809","hillier_62_9_14_6",2011,2011-09-14,"Fukui",48
"2810","hillier_63_9_14_1",2011,2011-09-14,"Fukui",76
"2811","hillier_63_9_14_1",2011,2011-09-14,"Fukui",73
"2812","hillier_63_9_14_1",2011,2011-09-14,"Fukui",77
"2813","hillier_63_9_14_1",2011,2011-09-14,"Fukui",71
"2814","hillier_63_9_14_1",2011,2011-09-14,"Fukui",69
"2815","hillier_63_9_14_2",2011,2011-09-14,"Fukui",71
"2816","hillier_63_9_14_2",2011,2011-09-14,"Fukui",70
"2817","hillier_63_9_14_2",2011,2011-09-14,"Fukui",74
"2818","hillier_63_9_14_2",2011,2011-09-14,"Fukui",74
"2819","hillier_63_9_14_2",2011,2011-09-14,"Fukui",55
"2820","hillier_63_9_14_2",2011,2011-09-14,"Fukui",60
"2821","hillier_63_9_14_2",2011,2011-09-14,"Fukui",50
"2822","hillier_63_9_14_2",2011,2011-09-14,"Fukui",50
"2823","hillier_63_9_14_2",2011,2011-09-14,"Fukui",60
"2824","hillier_63_9_14_2",2011,2011-09-14,"Fukui",61
"2825","hillier_63_9_14_3",2011,2011-09-14,"Fukui",67
"2826","hillier_63_9_14_3",2011,2011-09-14,"Fukui",74
"2827","hillier_63_9_14_3",2011,2011-09-14,"Fukui",76
"2828","hillier_63_9_14_3",2011,2011-09-14,"Fukui",69
"2829","hillier_63_9_14_3",2011,2011-09-14,"Fukui",79
"2830","hillier_63_9_14_3",2011,2011-09-14,"Fukui",66
"2831","hillier_63_9_14_3",2011,2011-09-14,"Fukui",65
"2832","hillier_63_9_14_3",2011,2011-09-14,"Fukui",59
"2833","hillier_63_9_14_3",2011,2011-09-14,"Fukui",67
"2834","hillier_63_9_14_3",2011,2011-09-14,"Fukui",67
"2835","hillier_63_9_14_3",2011,2011-09-14,"Fukui",66
"2836","hillier_63_9_14_3",2011,2011-09-14,"Fukui",66
"2837","hillier_63_9_14_3",2011,2011-09-14,"Fukui",56
"2838","hillier_63_9_14_3",2011,2011-09-14,"Fukui",48
"2839","hillier_63_9_14_4",2011,2011-09-14,"Fukui",73
"2840","hillier_63_9_14_4",2011,2011-09-14,"Fukui",74
"2841","hillier_63_9_14_4",2011,2011-09-14,"Fukui",81
"2842","hillier_63_9_14_4",2011,2011-09-14,"Fukui",76
"2843","hillier_63_9_14_4",2011,2011-09-14,"Fukui",78
"2844","hillier_63_9_14_4",2011,2011-09-14,"Fukui",76
"2845","hillier_63_9_14_4",2011,2011-09-14,"Fukui",78
"2846","hillier_63_9_14_4",2011,2011-09-14,"Fukui",74
"2847","hillier_63_9_14_4",2011,2011-09-14,"Fukui",74
"2848","hillier_63_9_14_4",2011,2011-09-14,"Fukui",56
"2849","hillier_63_9_14_4",2011,2011-09-14,"Fukui",57
"2850","hillier_63_9_14_4",2011,2011-09-14,"Fukui",54
"2851","hillier_63_9_14_4",2011,2011-09-14,"Fukui",57
"2852","hillier_63_9_14_4",2011,2011-09-14,"Fukui",70
"2853","hillier_63_9_14_4",2011,2011-09-14,"Fukui",63
"2854","hillier_63_9_14_4",2011,2011-09-14,"Fukui",56
"2855","hillier_63_9_14_4",2011,2011-09-14,"Fukui",52
"2856","hillier_63_9_14_4",2011,2011-09-14,"Fukui",57
"2857","hillier_63_9_14_5",2011,2011-09-14,"Fukui",78
"2858","hillier_63_9_14_5",2011,2011-09-14,"Fukui",70
"2859","hillier_63_9_14_5",2011,2011-09-14,"Fukui",74
"2860","hillier_63_9_14_5",2011,2011-09-14,"Fukui",72
"2861","hillier_63_9_14_5",2011,2011-09-14,"Fukui",44
"2862","hillier_63_9_14_5",2011,2011-09-14,"Fukui",65
"2863","hillier_63_9_14_5",2011,2011-09-14,"Fukui",66
"2864","hillier_63_9_14_6",2011,2011-09-14,"Fukui",72
"2865","hillier_63_9_14_6",2011,2011-09-14,"Fukui",77
"2866","hillier_63_9_14_6",2011,2011-09-14,"Fukui",77
"2867","hillier_63_9_14_6",2011,2011-09-14,"Fukui",72
"2868","hillier_63_9_14_6",2011,2011-09-14,"Fukui",74
"2869","hillier_63_9_14_6",2011,2011-09-14,"Fukui",66
"2870","hillier_63_9_14_6",2011,2011-09-14,"Fukui",57
"2871","hillier_63_9_14_6",2011,2011-09-14,"Fukui",67
"2872","hillier_63_9_14_6",2011,2011-09-14,"Fukui",68
"2873","hillier_63_9_14_6",2011,2011-09-14,"Fukui",69
"2874","hillier_63_9_14_6",2011,2011-09-14,"Fukui",61
"2875","hillier_63_9_14_6",2011,2011-09-14,"Fukui",50
"2876","hillier_63_9_14_6",2011,2011-09-14,"Fukui",59
"2877","hillier_63_9_14_6",2011,2011-09-14,"Fukui",54
"2878","hillier_63_9_14_6",2011,2011-09-14,"Fukui",59
"2879","hillier_63_9_14_6",2011,2011-09-14,"Fukui",54
"2880","hillier_63_9_14_6",2011,2011-09-14,"Fukui",55
"2881","hillier_63_9_14_6",2011,2011-09-14,"Fukui",52
"2882","hillier_63_9_14_6",2011,2011-09-14,"Fukui",55
"2883","hillier_63_9_14_6",2011,2011-09-14,"Fukui",51
"2884","hillier_63_9_14_6",2011,2011-09-14,"Fukui",48
"2885","hillier_63_9_14_6",2011,2011-09-14,"Fukui",49
"2886","hillier_63_9_14_6",2011,2011-09-14,"Fukui",53
"2887","hillier_63_9_14_6",2011,2011-09-14,"Fukui",49
"2888","hillier_63_9_14_6",2011,2011-09-14,"Fukui",48
"2889","hillier_63_9_14_6",2011,2011-09-14,"Fukui",51
"2890","hillier_70_9_15_2",2011,2011-09-15,"Fukui",74
"2891","hillier_70_9_15_2",2011,2011-09-15,"Fukui",74
"2892","hillier_70_9_15_2",2011,2011-09-15,"Fukui",78
"2893","hillier_70_9_15_2",2011,2011-09-15,"Fukui",73
"2894","hillier_70_9_15_2",2011,2011-09-15,"Fukui",78
"2895","hillier_70_9_15_2",2011,2011-09-15,"Fukui",68
"2896","hillier_70_9_15_2",2011,2011-09-15,"Fukui",52
"2897","hillier_70_9_15_2",2011,2011-09-15,"Fukui",68
"2898","hillier_70_9_15_2",2011,2011-09-15,"Fukui",64
"2899","hillier_70_9_15_2",2011,2011-09-15,"Fukui",53
"2900","hillier_70_9_15_2",2011,2011-09-15,"Fukui",54
"2901","hillier_70_9_15_3",2011,2011-09-15,"Fukui",92
"2902","hillier_70_9_15_3",2011,2011-09-15,"Fukui",71
"2903","hillier_70_9_15_3",2011,2011-09-15,"Fukui",85
"2904","hillier_70_9_15_3",2011,2011-09-15,"Fukui",83
"2905","hillier_70_9_15_3",2011,2011-09-15,"Fukui",70
"2906","hillier_70_9_15_3",2011,2011-09-15,"Fukui",75
"2907","hillier_70_9_15_3",2011,2011-09-15,"Fukui",68
"2908","hillier_70_9_15_3",2011,2011-09-15,"Fukui",75
"2909","hillier_70_9_15_3",2011,2011-09-15,"Fukui",78
"2910","hillier_70_9_15_3",2011,2011-09-15,"Fukui",77
"2911","hillier_70_9_15_3",2011,2011-09-15,"Fukui",74
"2912","hillier_70_9_15_3",2011,2011-09-15,"Fukui",73
"2913","hillier_70_9_15_3",2011,2011-09-15,"Fukui",74
"2914","hillier_70_9_15_3",2011,2011-09-15,"Fukui",64
"2915","hillier_70_9_15_3",2011,2011-09-15,"Fukui",73
"2916","hillier_70_9_15_3",2011,2011-09-15,"Fukui",65
"2917","hillier_70_9_15_3",2011,2011-09-15,"Fukui",73
"2918","hillier_70_9_15_3",2011,2011-09-15,"Fukui",52
"2919","hillier_70_9_15_3",2011,2011-09-15,"Fukui",62
"2920","hillier_70_9_15_3",2011,2011-09-15,"Fukui",63
"2921","hillier_70_9_15_3",2011,2011-09-15,"Fukui",51
"2922","hillier_70_9_15_3",2011,2011-09-15,"Fukui",54
"2923","hillier_70_9_15_3",2011,2011-09-15,"Fukui",60
"2924","hillier_70_9_15_3",2011,2011-09-15,"Fukui",56
"2925","hillier_70_9_15_4",2011,2011-09-15,"Fukui",73
"2926","hillier_70_9_15_4",2011,2011-09-15,"Fukui",60
"2927","hillier_70_9_15_4",2011,2011-09-15,"Fukui",56
"2928","hillier_70_9_15_4",2011,2011-09-15,"Fukui",58
"2929","hillier_70_9_15_4",2011,2011-09-15,"Fukui",56
"2930","hillier_70_9_15_5",2011,2011-09-15,"Fukui",52
"2931","hillier_70_9_15_5",2011,2011-09-15,"Fukui",70
"2932","hillier_70_9_15_6",2011,2011-09-15,"Fukui",78
"2933","hillier_70_9_15_6",2011,2011-09-15,"Fukui",73
"2934","hillier_70_9_15_6",2011,2011-09-15,"Fukui",74
"2935","hillier_70_9_15_6",2011,2011-09-15,"Fukui",78
"2936","hillier_70_9_15_6",2011,2011-09-15,"Fukui",77
"2937","hillier_70_9_15_6",2011,2011-09-15,"Fukui",75
"2938","hillier_70_9_15_6",2011,2011-09-15,"Fukui",74
"2939","hillier_70_9_15_6",2011,2011-09-15,"Fukui",73
"2940","hillier_70_9_15_6",2011,2011-09-15,"Fukui",81
"2941","hillier_70_9_15_6",2011,2011-09-15,"Fukui",59
"2942","hillier_70_9_15_6",2011,2011-09-15,"Fukui",61
"2943","hillier_70_9_15_6",2011,2011-09-15,"Fukui",71
"2944","hillier_70_9_15_6",2011,2011-09-15,"Fukui",55
"2945","hillier_70_9_15_1",2011,2011-09-15,"Fukui",85
"2946","hillier_70_9_15_1",2011,2011-09-15,"Fukui",70
"2947","hillier_70_9_15_1",2011,2011-09-15,"Fukui",54
"2948","hillier_70_9_15_1",2011,2011-09-15,"Fukui",78
"2949","hillier_70_9_15_1",2011,2011-09-15,"Fukui",82
"2950","hillier_70_9_15_1",2011,2011-09-15,"Fukui",73
"2951","hillier_70_9_15_1",2011,2011-09-15,"Fukui",67
"2952","hillier_70_9_15_1",2011,2011-09-15,"Fukui",78
"2953","hillier_70_9_15_1",2011,2011-09-15,"Fukui",67
"2954","hillier_70_9_15_1",2011,2011-09-15,"Fukui",75
"2955","hillier_70_9_15_1",2011,2011-09-15,"Fukui",59
"2956","hillier_70_9_15_1",2011,2011-09-15,"Fukui",71
"2957","hillier_70_9_15_1",2011,2011-09-15,"Fukui",61
"2958","hillier_71_9_15_1",2011,2011-09-15,"Fukui",72
"2959","hillier_71_9_15_1",2011,2011-09-15,"Fukui",78
"2960","hillier_71_9_15_1",2011,2011-09-15,"Fukui",66
"2961","hillier_71_9_15_1",2011,2011-09-15,"Fukui",73
"2962","hillier_71_9_15_1",2011,2011-09-15,"Fukui",63
"2963","hillier_71_9_15_1",2011,2011-09-15,"Fukui",75
"2964","hillier_71_9_15_1",2011,2011-09-15,"Fukui",73
"2965","hillier_71_9_15_1",2011,2011-09-15,"Fukui",73
"2966","hillier_71_9_15_1",2011,2011-09-15,"Fukui",65
"2967","hillier_71_9_15_1",2011,2011-09-15,"Fukui",76
"2968","hillier_71_9_15_1",2011,2011-09-15,"Fukui",68
"2969","hillier_71_9_15_1",2011,2011-09-15,"Fukui",78
"2970","hillier_71_9_15_1",2011,2011-09-15,"Fukui",72
"2971","hillier_71_9_15_1",2011,2011-09-15,"Fukui",73
"2972","hillier_71_9_15_1",2011,2011-09-15,"Fukui",70
"2973","hillier_71_9_15_1",2011,2011-09-15,"Fukui",59
"2974","hillier_71_9_15_1",2011,2011-09-15,"Fukui",65
"2975","hillier_71_9_15_1",2011,2011-09-15,"Fukui",53
"2976","hillier_71_9_15_1",2011,2011-09-15,"Fukui",62
"2977","hillier_71_9_15_1",2011,2011-09-15,"Fukui",53
"2978","hillier_71_9_15_1",2011,2011-09-15,"Fukui",58
"2979","hillier_71_9_15_1",2011,2011-09-15,"Fukui",52
"2980","hillier_71_9_15_1",2011,2011-09-15,"Fukui",61
"2981","hillier_71_9_15_1",2011,2011-09-15,"Fukui",70
"2982","hillier_71_9_15_1",2011,2011-09-15,"Fukui",58
"2983","hillier_71_9_15_1",2011,2011-09-15,"Fukui",62
"2984","hillier_71_9_15_1",2011,2011-09-15,"Fukui",52
"2985","hillier_71_9_15_1",2011,2011-09-15,"Fukui",53
"2986","hillier_71_9_15_1",2011,2011-09-15,"Fukui",58
"2987","hillier_71_9_15_1",2011,2011-09-15,"Fukui",58
"2988","hillier_71_9_15_1",2011,2011-09-15,"Fukui",56
"2989","hillier_71_9_15_1",2011,2011-09-15,"Fukui",57
"2990","hillier_71_9_15_1",2011,2011-09-15,"Fukui",52
"2991","hillier_71_9_15_2",2011,2011-09-15,"Fukui",87
"2992","hillier_71_9_15_2",2011,2011-09-15,"Fukui",73
"2993","hillier_71_9_15_2",2011,2011-09-15,"Fukui",82
"2994","hillier_71_9_15_2",2011,2011-09-15,"Fukui",78
"2995","hillier_71_9_15_2",2011,2011-09-15,"Fukui",70
"2996","hillier_71_9_15_2",2011,2011-09-15,"Fukui",71
"2997","hillier_71_9_15_2",2011,2011-09-15,"Fukui",63
"2998","hillier_71_9_15_2",2011,2011-09-15,"Fukui",64
"2999","hillier_71_9_15_2",2011,2011-09-15,"Fukui",81
"3000","hillier_71_9_15_2",2011,2011-09-15,"Fukui",69
"3001","hillier_71_9_15_2",2011,2011-09-15,"Fukui",73
"3002","hillier_71_9_15_2",2011,2011-09-15,"Fukui",59
"3003","hillier_71_9_15_2",2011,2011-09-15,"Fukui",53
"3004","hillier_71_9_15_2",2011,2011-09-15,"Fukui",57
"3005","hillier_71_9_15_2",2011,2011-09-15,"Fukui",52
"3006","hillier_71_9_15_2",2011,2011-09-15,"Fukui",55
"3007","hillier_71_9_15_2",2011,2011-09-15,"Fukui",49
"3008","hillier_71_9_15_2",2011,2011-09-15,"Fukui",53
"3009","hillier_71_9_15_2",2011,2011-09-15,"Fukui",65
"3010","hillier_71_9_15_2",2011,2011-09-15,"Fukui",63
"3011","hillier_71_9_15_2",2011,2011-09-15,"Fukui",54
"3012","hillier_71_9_15_2",2011,2011-09-15,"Fukui",60
"3013","hillier_71_9_15_2",2011,2011-09-15,"Fukui",56
"3014","hillier_71_9_15_2",2011,2011-09-15,"Fukui",54
"3015","hillier_71_9_15_2",2011,2011-09-15,"Fukui",63
"3016","hillier_71_9_15_2",2011,2011-09-15,"Fukui",54
"3017","hillier_71_9_15_3",2011,2011-09-15,"Fukui",50
"3018","hillier_71_9_15_4",2011,2011-09-15,"Fukui",79
"3019","hillier_71_9_15_4",2011,2011-09-15,"Fukui",71
"3020","hillier_71_9_15_4",2011,2011-09-15,"Fukui",56
"3021","hillier_71_9_15_4",2011,2011-09-15,"Fukui",54
"3022","hillier_71_9_15_4",2011,2011-09-15,"Fukui",51
"3023","hillier_71_9_15_4",2011,2011-09-15,"Fukui",43
"3024","hillier_71_9_15_4",2011,2011-09-15,"Fukui",45
"3025","hillier_71_9_15_5",2011,2011-09-15,"Fukui",82
"3026","hillier_71_9_15_5",2011,2011-09-15,"Fukui",74
"3027","hillier_71_9_15_5",2011,2011-09-15,"Fukui",68
"3028","hillier_71_9_15_5",2011,2011-09-15,"Fukui",68
"3029","hillier_71_9_15_5",2011,2011-09-15,"Fukui",68
"3030","hillier_71_9_15_5",2011,2011-09-15,"Fukui",66
"3031","hillier_71_9_15_5",2011,2011-09-15,"Fukui",58
"3032","hillier_71_9_15_5",2011,2011-09-15,"Fukui",58
"3033","hillier_71_9_15_5",2011,2011-09-15,"Fukui",55
"3034","hillier_71_9_15_5",2011,2011-09-15,"Fukui",50
"3035","hillier_71_9_15_5",2011,2011-09-15,"Fukui",58
"3036","hillier_71_9_15_5",2011,2011-09-15,"Fukui",57
"3037","hillier_71_9_15_5",2011,2011-09-15,"Fukui",67
"3038","hillier_71_9_15_5",2011,2011-09-15,"Fukui",65
"3039","hillier_71_9_15_5",2011,2011-09-15,"Fukui",57
"3040","hillier_71_9_15_5",2011,2011-09-15,"Fukui",47
"3041","hillier_71_9_15_5",2011,2011-09-15,"Fukui",53
"3042","hillier_71_9_15_6",2011,2011-09-15,"Fukui",66
"3043","hillier_71_9_15_6",2011,2011-09-15,"Fukui",76
"3044","hillier_71_9_15_6",2011,2011-09-15,"Fukui",51
"3045","hillier_71_9_15_6",2011,2011-09-15,"Fukui",50
"3046","hillier_72_9_15_2",2011,2011-09-15,"Fukui",76
"3047","hillier_72_9_15_2",2011,2011-09-15,"Fukui",83
"3048","hillier_72_9_15_2",2011,2011-09-15,"Fukui",66
"3049","hillier_72_9_15_2",2011,2011-09-15,"Fukui",60
"3050","hillier_72_9_15_2",2011,2011-09-15,"Fukui",56
"3051","hillier_72_9_15_3",2011,2011-09-15,"Fukui",75
"3052","hillier_72_9_15_3",2011,2011-09-15,"Fukui",78
"3053","hillier_72_9_15_3",2011,2011-09-15,"Fukui",72
"3054","hillier_72_9_15_3",2011,2011-09-15,"Fukui",60
"3055","hillier_72_9_15_3",2011,2011-09-15,"Fukui",61
"3056","hillier_72_9_15_3",2011,2011-09-15,"Fukui",54
"3057","hillier_72_9_15_3",2011,2011-09-15,"Fukui",56
"3058","hillier_72_9_15_4",2011,2011-09-15,"Fukui",64
"3059","hillier_72_9_15_4",2011,2011-09-15,"Fukui",73
"3060","hillier_72_9_15_4",2011,2011-09-15,"Fukui",73
"3061","hillier_72_9_15_4",2011,2011-09-15,"Fukui",73
"3062","hillier_72_9_15_4",2011,2011-09-15,"Fukui",57
"3063","hillier_72_9_15_4",2011,2011-09-15,"Fukui",60
"3064","hillier_72_9_15_4",2011,2011-09-15,"Fukui",53
"3065","hillier_72_9_15_4",2011,2011-09-15,"Fukui",50
"3066","hillier_72_9_15_4",2011,2011-09-15,"Fukui",66
"3067","hillier_72_9_15_5",2011,2011-09-15,"Fukui",82
"3068","hillier_72_9_15_5",2011,2011-09-15,"Fukui",79
"3069","hillier_72_9_15_5",2011,2011-09-15,"Fukui",84
"3070","hillier_72_9_15_5",2011,2011-09-15,"Fukui",59
"3071","hillier_72_9_15_5",2011,2011-09-15,"Fukui",74
"3072","hillier_72_9_15_5",2011,2011-09-15,"Fukui",77
"3073","hillier_72_9_15_5",2011,2011-09-15,"Fukui",78
"3074","hillier_72_9_15_5",2011,2011-09-15,"Fukui",76
"3075","hillier_72_9_15_5",2011,2011-09-15,"Fukui",59
"3076","hillier_72_9_15_5",2011,2011-09-15,"Fukui",52
"3077","hillier_72_9_15_5",2011,2011-09-15,"Fukui",63
"3078","hillier_72_9_15_5",2011,2011-09-15,"Fukui",72
"3079","hillier_72_9_15_5",2011,2011-09-15,"Fukui",74
"3080","hillier_72_9_15_5",2011,2011-09-15,"Fukui",66
"3081","hillier_72_9_15_5",2011,2011-09-15,"Fukui",74
"3082","hillier_72_9_15_5",2011,2011-09-15,"Fukui",78
"3083","hillier_72_9_15_5",2011,2011-09-15,"Fukui",81
"3084","hillier_72_9_15_6",2011,2011-09-15,"Fukui",75
"3085","hillier_72_9_15_6",2011,2011-09-15,"Fukui",80
"3086","hillier_72_9_15_6",2011,2011-09-15,"Fukui",74
"3087","hillier_72_9_15_6",2011,2011-09-15,"Fukui",71
"3088","hillier_72_9_15_6",2011,2011-09-15,"Fukui",72
"3089","hillier_72_9_15_6",2011,2011-09-15,"Fukui",48
"3090","hillier_72_9_15_6",2011,2011-09-15,"Fukui",58
"3091","hillier_72_9_15_6",2011,2011-09-15,"Fukui",53
"3092","hillier_72_9_15_6",2011,2011-09-15,"Fukui",57
"3093","hillier_1_9_8_1",2011,2011-09-08,"Fukui",76
"3094","hillier_1_9_8_1",2011,2011-09-08,"Fukui",78
"3095","hillier_1_9_8_1",2011,2011-09-08,"Fukui",80
"3096","hillier_1_9_8_1",2011,2011-09-08,"Fukui",76
"3097","hillier_1_9_8_1",2011,2011-09-08,"Fukui",76
"3098","hillier_1_9_8_1",2011,2011-09-08,"Fukui",53
"3099","hillier_1_9_8_1",2011,2011-09-08,"Fukui",60
"3100","hillier_1_9_8_1",2011,2011-09-08,"Fukui",65
"3101","hillier_1_9_8_1",2011,2011-09-08,"Fukui",55
"3102","hillier_1_9_8_1",2011,2011-09-08,"Fukui",53
"3103","hillier_1_9_8_1",2011,2011-09-08,"Fukui",77
"3104","hillier_1_9_8_1",2011,2011-09-08,"Fukui",52
"3105","hillier_1_9_8_1",2011,2011-09-08,"Fukui",53
"3106","hillier_1_9_8_1",2011,2011-09-08,"Fukui",56
"3107","hillier_1_9_8_2",2011,2011-09-08,"Fukui",73
"3108","hillier_1_9_8_2",2011,2011-09-08,"Fukui",64
"3109","hillier_1_9_8_2",2011,2011-09-08,"Fukui",64
"3110","hillier_1_9_8_2",2011,2011-09-08,"Fukui",81
"3111","hillier_1_9_8_2",2011,2011-09-08,"Fukui",60
"3112","hillier_1_9_8_2",2011,2011-09-08,"Fukui",60
"3113","hillier_1_9_8_2",2011,2011-09-08,"Fukui",54
"3114","hillier_1_9_8_2",2011,2011-09-08,"Fukui",57
"3115","hillier_1_9_8_3",2011,2011-09-08,"Fukui",80
"3116","hillier_1_9_8_3",2011,2011-09-08,"Fukui",80
"3117","hillier_1_9_8_3",2011,2011-09-08,"Fukui",76
"3118","hillier_1_9_8_3",2011,2011-09-08,"Fukui",68
"3119","hillier_1_9_8_3",2011,2011-09-08,"Fukui",69
"3120","hillier_1_9_8_3",2011,2011-09-08,"Fukui",66
"3121","hillier_1_9_8_3",2011,2011-09-08,"Fukui",58
"3122","hillier_1_9_8_3",2011,2011-09-08,"Fukui",49
"3123","hillier_1_9_8_3",2011,2011-09-08,"Fukui",51
"3124","hillier_1_9_8_3",2011,2011-09-08,"Fukui",50
"3125","hillier_1_9_8_3",2011,2011-09-08,"Fukui",57
"3126","hillier_1_9_8_3",2011,2011-09-08,"Fukui",48
"3127","hillier_1_9_8_3",2011,2011-09-08,"Fukui",47
"3128","hillier_1_9_8_4",2011,2011-09-08,"Fukui",70
"3129","hillier_1_9_8_4",2011,2011-09-08,"Fukui",63
"3130","hillier_1_9_8_4",2011,2011-09-08,"Fukui",57
"3131","hillier_1_9_8_5",2011,2011-09-08,"Fukui",89
"3132","hillier_1_9_8_5",2011,2011-09-08,"Fukui",77
"3133","hillier_1_9_8_5",2011,2011-09-08,"Fukui",77
"3134","hillier_1_9_8_5",2011,2011-09-08,"Fukui",71
"3135","hillier_1_9_8_5",2011,2011-09-08,"Fukui",88
"3136","hillier_1_9_8_5",2011,2011-09-08,"Fukui",85
"3137","hillier_1_9_8_5",2011,2011-09-08,"Fukui",66
"3138","hillier_1_9_8_5",2011,2011-09-08,"Fukui",52
"3139","hillier_1_9_8_5",2011,2011-09-08,"Fukui",61
"3140","hillier_1_9_8_5",2011,2011-09-08,"Fukui",71
"3141","hillier_1_9_8_6",2011,2011-09-08,"Fukui",72
"3142","hillier_1_9_8_6",2011,2011-09-08,"Fukui",80
"3143","hillier_1_9_8_6",2011,2011-09-08,"Fukui",68
"3144","hillier_1_9_8_6",2011,2011-09-08,"Fukui",67
"3145","hillier_1_9_8_6",2011,2011-09-08,"Fukui",69
"3146","hillier_1_9_8_6",2011,2011-09-08,"Fukui",54
"3147","hillier_1_9_8_6",2011,2011-09-08,"Fukui",65
"3148","hillier_1_9_8_6",2011,2011-09-08,"Fukui",62
"3149","hillier_1_9_8_6",2011,2011-09-08,"Fukui",54
"3150","hillier_1_9_8_6",2011,2011-09-08,"Fukui",53
"3151","hillier_1_9_8_6",2011,2011-09-08,"Fukui",68
"3152","hillier_2_9_8_4",2011,2011-09-08,"Fukui",56
"3153","hillier_2_9_8_4",2011,2011-09-08,"Fukui",51
"3154","hillier_2_9_8_5",2011,2011-09-08,"Fukui",54
"3155","hillier_2_9_8_6",2011,2011-09-08,"Fukui",80
"3156","hillier_2_9_8_6",2011,2011-09-08,"Fukui",65
"3157","hillier_2_9_8_6",2011,2011-09-08,"Fukui",80
"3158","hillier_2_9_8_6",2011,2011-09-08,"Fukui",76
"3159","hillier_2_9_8_6",2011,2011-09-08,"Fukui",74
"3160","hillier_2_9_8_6",2011,2011-09-08,"Fukui",56
"3161","hillier_2_9_8_6",2011,2011-09-08,"Fukui",58
"3162","hillier_2_9_8_6",2011,2011-09-08,"Fukui",68
"3163","hillier_2_9_8_6",2011,2011-09-08,"Fukui",57
"3164","hillier_2_9_8_1",2011,2011-09-08,"Fukui",83
"3165","hillier_2_9_8_1",2011,2011-09-08,"Fukui",68
"3166","hillier_2_9_8_1",2011,2011-09-08,"Fukui",66
"3167","hillier_2_9_8_1",2011,2011-09-08,"Fukui",74
"3168","hillier_2_9_8_1",2011,2011-09-08,"Fukui",69
"3169","hillier_2_9_8_1",2011,2011-09-08,"Fukui",75
"3170","hillier_2_9_8_1",2011,2011-09-08,"Fukui",76
"3171","hillier_2_9_8_1",2011,2011-09-08,"Fukui",72
"3172","hillier_2_9_8_1",2011,2011-09-08,"Fukui",77
"3173","hillier_2_9_8_1",2011,2011-09-08,"Fukui",54
"3174","hillier_2_9_8_1",2011,2011-09-08,"Fukui",59
"3175","hillier_2_9_8_1",2011,2011-09-08,"Fukui",68
"3176","hillier_2_9_8_1",2011,2011-09-08,"Fukui",76
"3177","hillier_2_9_8_1",2011,2011-09-08,"Fukui",58
"3178","hillier_2_9_8_2",2011,2011-09-08,"Fukui",76
"3179","hillier_2_9_8_2",2011,2011-09-08,"Fukui",58
"3180","hillier_2_9_8_2",2011,2011-09-08,"Fukui",49
"3181","hillier_2_9_8_2",2011,2011-09-08,"Fukui",49
"3182","hillier_2_9_8_2",2011,2011-09-08,"Fukui",55
"3183","hillier_2_9_8_2",2011,2011-09-08,"Fukui",50
"3184","hillier_2_9_8_3",2011,2011-09-08,"Fukui",75
"3185","hillier_2_9_8_3",2011,2011-09-08,"Fukui",42
"3186","hillier_2_9_8_4",2011,2011-09-08,"Fukui",85
"3187","hillier_2_9_8_4",2011,2011-09-08,"Fukui",81
"3188","hillier_2_9_8_4",2011,2011-09-08,"Fukui",75
"3189","hillier_2_9_8_4",2011,2011-09-08,"Fukui",68
"3190","hillier_2_9_8_4",2011,2011-09-08,"Fukui",60
"3191","hillier_2_9_8_4",2011,2011-09-08,"Fukui",71
"3192","hillier_3_9_8_1",2011,2011-09-08,"Fukui",76
"3193","hillier_3_9_8_1",2011,2011-09-08,"Fukui",73
"3194","hillier_3_9_8_1",2011,2011-09-08,"Fukui",57
"3195","hillier_3_9_8_1",2011,2011-09-08,"Fukui",56
"3196","hillier_3_9_8_1",2011,2011-09-08,"Fukui",56
"3197","hillier_3_9_8_1",2011,2011-09-08,"Fukui",79
"3198","hillier_3_9_8_1",2011,2011-09-08,"Fukui",59
"3199","hillier_3_9_8_2",2011,2011-09-08,"Fukui",87
"3200","hillier_3_9_8_2",2011,2011-09-08,"Fukui",83
"3201","hillier_3_9_8_2",2011,2011-09-08,"Fukui",67
"3202","hillier_3_9_8_2",2011,2011-09-08,"Fukui",78
"3203","hillier_3_9_8_2",2011,2011-09-08,"Fukui",79
"3204","hillier_3_9_8_2",2011,2011-09-08,"Fukui",78
"3205","hillier_3_9_8_2",2011,2011-09-08,"Fukui",72
"3206","hillier_3_9_8_3",2011,2011-09-08,"Fukui",73
"3207","hillier_3_9_8_3",2011,2011-09-08,"Fukui",72
"3208","hillier_3_9_8_3",2011,2011-09-08,"Fukui",75
"3209","hillier_3_9_8_3",2011,2011-09-08,"Fukui",64
"3210","hillier_3_9_8_3",2011,2011-09-08,"Fukui",58
"3211","hillier_3_9_8_4",2011,2011-09-08,"Fukui",74
"3212","hillier_3_9_8_5",2011,2011-09-08,"Fukui",79
"3213","hillier_3_9_8_5",2011,2011-09-08,"Fukui",74
"3214","hillier_3_9_8_5",2011,2011-09-08,"Fukui",69
"3215","hillier_3_9_8_5",2011,2011-09-08,"Fukui",63
"3216","hillier_3_9_8_5",2011,2011-09-08,"Fukui",59
"3217","hillier_15_8_18_99",2011,2011-08-18,"Fukui",81
"3218","hillier_18_9_14_5",2011,2011-09-14,"Fukui",76
"3219","hillier_18_9_14_5",2011,2011-09-14,"Fukui",64
"3220","hillier_18_9_14_5",2011,2011-09-14,"Fukui",60
"3221","hillier_18_9_14_5",2011,2011-09-14,"Fukui",54
"3222","hillier_18_9_14_5",2011,2011-09-14,"Fukui",77
"3223","hillier_18_9_14_5",2011,2011-09-14,"Fukui",82
"3224","hillier_18_9_14_5",2011,2011-09-14,"Fukui",65
"3225","hillier_18_9_14_5",2011,2011-09-14,"Fukui",73
"3226","hillier_18_9_14_5",2011,2011-09-14,"Fukui",67
"3227","hillier_18_9_14_99",2011,2011-09-14,"Fukui",73
"3228","hillier_18_9_14_99",2011,2011-09-14,"Fukui",55
"3229","hillier_18_9_14_99",2011,2011-09-14,"Fukui",57
"3230","hillier_18_9_14_99",2011,2011-09-14,"Fukui",51
"3231","hillier_18_9_14_99",2011,2011-09-14,"Fukui",64
"3232","hillier_18_9_14_99",2011,2011-09-14,"Fukui",62
"3233","hillier_18_9_14_99",2011,2011-09-14,"Fukui",61
"3234","hillier_18_9_14_99",2011,2011-09-14,"Fukui",48
"3235","hillier_18_9_14_99",2011,2011-09-14,"Fukui",50
"3236","hillier_18_9_14_99",2011,2011-09-14,"Fukui",58
"3237","hillier_18_9_14_99",2011,2011-09-14,"Fukui",65
"3238","hillier_18_9_14_99",2011,2011-09-14,"Fukui",49
"3239","hillier_18_9_14_99",2011,2011-09-14,"Fukui",45
"3240","hillier_18_9_14_99",2011,2011-09-14,"Fukui",55
"3241","hillier_19_9_14_4",2011,2011-09-14,"Fukui",68
"3242","hillier_19_9_14_4",2011,2011-09-14,"Fukui",51
"3243","hillier_19_9_14_5",2011,2011-09-14,"Fukui",84
"3244","hillier_19_9_14_5",2011,2011-09-14,"Fukui",55
"3245","hillier_19_9_14_5",2011,2011-09-14,"Fukui",73
"3246","hillier_19_9_14_5",2011,2011-09-14,"Fukui",55
"3247","hillier_19_9_14_5",2011,2011-09-14,"Fukui",63
"3248","hillier_19_9_14_5",2011,2011-09-14,"Fukui",65
"3249","hillier_19_9_14_5",2011,2011-09-14,"Fukui",76
"3250","hillier_19_9_14_5",2011,2011-09-14,"Fukui",58
"3251","hillier_19_9_14_5",2011,2011-09-14,"Fukui",54
"3252","hillier_19_9_14_5",2011,2011-09-14,"Fukui",53
"3253","hillier_19_9_14_5",2011,2011-09-14,"Fukui",62
"3254","hillier_19_9_14_5",2011,2011-09-14,"Fukui",61
"3255","hillier_19_9_14_5",2011,2011-09-14,"Fukui",59
"3256","hillier_19_9_14_5",2011,2011-09-14,"Fukui",52
"3257","hillier_19_9_14_5",2011,2011-09-14,"Fukui",44
"3258","hillier_19_9_14_99",2011,2011-09-14,"Fukui",86
"3259","hillier_19_9_14_99",2011,2011-09-14,"Fukui",85
"3260","hillier_19_9_14_99",2011,2011-09-14,"Fukui",70
"3261","hillier_19_9_14_99",2011,2011-09-14,"Fukui",81
"3262","hillier_19_9_14_99",2011,2011-09-14,"Fukui",76
"3263","hillier_19_9_14_99",2011,2011-09-14,"Fukui",50
"3264","hillier_22_10_12_1",2011,2011-10-12,"Fukui",80
"3265","hillier_22_10_12_1",2011,2011-10-12,"Fukui",77
"3266","hillier_22_10_12_1",2011,2011-10-12,"Fukui",83
"3267","hillier_22_10_12_1",2011,2011-10-12,"Fukui",81
"3268","hillier_22_10_12_1",2011,2011-10-12,"Fukui",77
"3269","hillier_22_10_12_1",2011,2011-10-12,"Fukui",73
"3270","hillier_22_10_12_1",2011,2011-10-12,"Fukui",64
"3271","hillier_22_10_12_1",2011,2011-10-12,"Fukui",54
"3272","hillier_22_10_12_1",2011,2011-10-12,"Fukui",64
"3273","hillier_22_10_12_1",2011,2011-10-12,"Fukui",55
"3274","hillier_22_10_12_3",2011,2011-10-12,"Fukui",54
"3275","hillier_22_10_12_3",2011,2011-10-12,"Fukui",61
"3276","hillier_22_10_12_3",2011,2011-10-12,"Fukui",54
"3277","hillier_22_10_12_3",2011,2011-10-12,"Fukui",52
"3278","hillier_22_10_12_4",2011,2011-10-12,"Fukui",56
"3279","hillier_22_10_12_4",2011,2011-10-12,"Fukui",49
"3280","hillier_22_10_12_4",2011,2011-10-12,"Fukui",42
"3281","hillier_22_10_12_5",2011,2011-10-12,"Fukui",57
"3282","hillier_22_10_12_5",2011,2011-10-12,"Fukui",57
"3283","hillier_22_10_12_5",2011,2011-10-12,"Fukui",53
"3284","hillier_22_10_12_99",2011,2011-10-12,"Fukui",59
"3285","hillier_22_10_12_99",2011,2011-10-12,"Fukui",59
"3286","hillier_23_10_12_1",2011,2011-10-12,"Fukui",77
"3287","hillier_23_10_12_1",2011,2011-10-12,"Fukui",77
"3288","hillier_23_10_12_1",2011,2011-10-12,"Fukui",67
"3289","hillier_23_10_12_1",2011,2011-10-12,"Fukui",70
"3290","hillier_23_10_12_1",2011,2011-10-12,"Fukui",70
"3291","hillier_23_10_12_1",2011,2011-10-12,"Fukui",78
"3292","hillier_23_10_12_1",2011,2011-10-12,"Fukui",58
"3293","hillier_23_10_12_1",2011,2011-10-12,"Fukui",62
"3294","hillier_23_10_12_1",2011,2011-10-12,"Fukui",62
"3295","hillier_23_10_12_1",2011,2011-10-12,"Fukui",62
"3296","hillier_23_10_12_1",2011,2011-10-12,"Fukui",61
"3297","hillier_23_10_12_1",2011,2011-10-12,"Fukui",56
"3298","hillier_23_10_12_1",2011,2011-10-12,"Fukui",78
"3299","hillier_23_10_12_1",2011,2011-10-12,"Fukui",56
"3300","hillier_23_10_12_1",2011,2011-10-12,"Fukui",56
"3301","hillier_23_10_12_1",2011,2011-10-12,"Fukui",55
"3302","hillier_23_10_12_1",2011,2011-10-12,"Fukui",58
"3303","hillier_23_10_12_1",2011,2011-10-12,"Fukui",54
"3304","hillier_23_10_12_2",2011,2011-10-12,"Fukui",75
"3305","hillier_23_10_12_2",2011,2011-10-12,"Fukui",74
"3306","hillier_23_10_12_2",2011,2011-10-12,"Fukui",75
"3307","hillier_23_10_12_2",2011,2011-10-12,"Fukui",74
"3308","hillier_23_10_12_2",2011,2011-10-12,"Fukui",79
"3309","hillier_23_10_12_2",2011,2011-10-12,"Fukui",69
"3310","hillier_23_10_12_2",2011,2011-10-12,"Fukui",69
"3311","hillier_23_10_12_3",2011,2011-10-12,"Fukui",60
"3312","hillier_23_10_12_3",2011,2011-10-12,"Fukui",55
"3313","hillier_23_10_12_4",2011,2011-10-12,"Fukui",87
"3314","hillier_23_10_12_4",2011,2011-10-12,"Fukui",62
"3315","hillier_23_10_12_4",2011,2011-10-12,"Fukui",64
"3316","hillier_23_10_12_5",2011,2011-10-12,"Fukui",59
"3317","hillier_23_10_12_5",2011,2011-10-12,"Fukui",88
"3318","hillier_23_10_12_5",2011,2011-10-12,"Fukui",80
"3319","hillier_23_10_12_5",2011,2011-10-12,"Fukui",70
"3320","hillier_23_10_12_5",2011,2011-10-12,"Fukui",73
"3321","hillier_23_10_12_5",2011,2011-10-12,"Fukui",66
"3322","hillier_23_10_12_5",2011,2011-10-12,"Fukui",66
"3323","hillier_23_10_12_5",2011,2011-10-12,"Fukui",61
"3324","hillier_23_10_12_5",2011,2011-10-12,"Fukui",52
"3325","hillier_23_10_12_5",2011,2011-10-12,"Fukui",62
"3326","hillier_23_10_12_5",2011,2011-10-12,"Fukui",59
"3327","hillier_23_10_12_5",2011,2011-10-12,"Fukui",63
"3328","hillier_23_10_12_5",2011,2011-10-12,"Fukui",50
"3329","hillier_23_10_12_5",2011,2011-10-12,"Fukui",51
"3330","hillier_23_10_12_5",2011,2011-10-12,"Fukui",62
"3331","hillier_23_10_12_99",2011,2011-10-12,"Fukui",64
"3332","hillier_24_10_12_1",2011,2011-10-12,"Fukui",92
"3333","hillier_24_10_12_1",2011,2011-10-12,"Fukui",83
"3334","hillier_24_10_12_1",2011,2011-10-12,"Fukui",54
"3335","hillier_24_10_12_1",2011,2011-10-12,"Fukui",73
"3336","hillier_24_10_12_1",2011,2011-10-12,"Fukui",65
"3337","hillier_24_10_12_1",2011,2011-10-12,"Fukui",58
"3338","hillier_24_10_12_2",2011,2011-10-12,"Fukui",77
"3339","hillier_24_10_12_2",2011,2011-10-12,"Fukui",71
"3340","hillier_24_10_12_2",2011,2011-10-12,"Fukui",83
"3341","hillier_24_10_12_2",2011,2011-10-12,"Fukui",73
"3342","hillier_24_10_12_2",2011,2011-10-12,"Fukui",84
"3343","hillier_24_10_12_2",2011,2011-10-12,"Fukui",79
"3344","hillier_24_10_12_2",2011,2011-10-12,"Fukui",76
"3345","hillier_24_10_12_2",2011,2011-10-12,"Fukui",77
"3346","hillier_24_10_12_2",2011,2011-10-12,"Fukui",80
"3347","hillier_24_10_12_2",2011,2011-10-12,"Fukui",73
"3348","hillier_24_10_12_2",2011,2011-10-12,"Fukui",82
"3349","hillier_24_10_12_2",2011,2011-10-12,"Fukui",77
"3350","hillier_24_10_12_2",2011,2011-10-12,"Fukui",71
"3351","hillier_24_10_12_2",2011,2011-10-12,"Fukui",73
"3352","hillier_24_10_12_2",2011,2011-10-12,"Fukui",71
"3353","hillier_24_10_12_2",2011,2011-10-12,"Fukui",74
"3354","hillier_24_10_12_2",2011,2011-10-12,"Fukui",65
"3355","hillier_24_10_12_2",2011,2011-10-12,"Fukui",65
"3356","hillier_24_10_12_2",2011,2011-10-12,"Fukui",75
"3357","hillier_24_10_12_2",2011,2011-10-12,"Fukui",76
"3358","hillier_24_10_12_2",2011,2011-10-12,"Fukui",81
"3359","hillier_24_10_12_2",2011,2011-10-12,"Fukui",76
"3360","hillier_24_10_12_2",2011,2011-10-12,"Fukui",72
"3361","hillier_24_10_12_2",2011,2011-10-12,"Fukui",78
"3362","hillier_24_10_12_2",2011,2011-10-12,"Fukui",57
"3363","hillier_24_10_12_2",2011,2011-10-12,"Fukui",62
"3364","hillier_24_10_12_2",2011,2011-10-12,"Fukui",66
"3365","hillier_24_10_12_2",2011,2011-10-12,"Fukui",80
"3366","hillier_24_10_12_3",2011,2011-10-12,"Fukui",80
"3367","hillier_24_10_12_3",2011,2011-10-12,"Fukui",75
"3368","hillier_24_10_12_3",2011,2011-10-12,"Fukui",74
"3369","hillier_24_10_12_3",2011,2011-10-12,"Fukui",76
"3370","hillier_24_10_12_3",2011,2011-10-12,"Fukui",71
"3371","hillier_24_10_12_3",2011,2011-10-12,"Fukui",60
"3372","hillier_24_10_12_4",2011,2011-10-12,"Fukui",58
"3373","hillier_24_10_12_4",2011,2011-10-12,"Fukui",57
"3374","hillier_42_1_10_1",2012,2012-01-10,"Fukui",68
"3375","hillier_42_1_10_3",2012,2012-01-10,"Fukui",63
"3376","hillier_42_1_10_3",2012,2012-01-10,"Fukui",62
"3377","hillier_42_1_10_3",2012,2012-01-10,"Fukui",66
"3378","hillier_42_1_10_4",2012,2012-01-10,"Fukui",70
"3379","hillier_42_1_10_4",2012,2012-01-10,"Fukui",71
"3380","hillier_42_1_10_4",2012,2012-01-10,"Fukui",60
"3381","hillier_42_1_10_4",2012,2012-01-10,"Fukui",64
"3382","hillier_42_1_10_4",2012,2012-01-10,"Fukui",75
"3383","hillier_42_1_10_4",2012,2012-01-10,"Fukui",65
"3384","hillier_42_1_10_4",2012,2012-01-10,"Fukui",59
"3385","hillier_42_1_10_4",2012,2012-01-10,"Fukui",54
"3386","hillier_42_1_10_4",2012,2012-01-10,"Fukui",66
"3387","hillier_42_1_10_4",2012,2012-01-10,"Fukui",71
"3388","hillier_42_1_10_4",2012,2012-01-10,"Fukui",66
"3389","hillier_42_1_10_4",2012,2012-01-10,"Fukui",60
"3390","hillier_43_1_10_99",2012,2012-01-10,"Fukui",61
"3391","hillier_43_1_10_99",2012,2012-01-10,"Fukui",51
"3392","hillier_43_1_10_99",2012,2012-01-10,"Fukui",64
"3393","hillier_43_1_10_99",2012,2012-01-10,"Fukui",68
"3394","hillier_43_1_10_99",2012,2012-01-10,"Fukui",61
"3395","hillier_43_1_10_4",2012,2012-01-10,"Fukui",72
"3396","hillier_43_1_10_2",2012,2012-01-10,"Fukui",69
"3397","hillier_44_1_10_4",2012,2012-01-10,"Fukui",66
"3398","hillier_44_1_10_4",2012,2012-01-10,"Fukui",64
"3399","hillier_44_1_10_4",2012,2012-01-10,"Fukui",61
"3400","hillier_44_1_10_2",2012,2012-01-10,"Fukui",68
"3401","hillier_52_3_6_1",2012,2012-03-06,"Fukui",76
"3402","hillier_52_3_6_1",2012,2012-03-06,"Fukui",80
"3403","hillier_52_3_6_1",2012,2012-03-06,"Fukui",58
"3404","hillier_53_3_6_3",2012,2012-03-06,"Fukui",67
"3405","hillier_53_3_6_5",2012,2012-03-06,"Fukui",65
"3406","hillier_68_4_5_1",2012,2012-04-05,"Fukui",50
"3407","hillier_72_5_1_1",2012,2012-05-01,"Fukui",82
"3408","hillier_72_5_1_1",2012,2012-05-01,"Fukui",72
"3409","hillier_72_5_1_1",2012,2012-05-01,"Fukui",64
"3410","hillier_72_5_1_1",2012,2012-05-01,"Fukui",66
"3411","hillier_72_5_1_1",2012,2012-05-01,"Fukui",74
"3412","hillier_72_5_1_1",2012,2012-05-01,"Fukui",66
"3413","hillier_72_5_1_1",2012,2012-05-01,"Fukui",70
"3414","hillier_72_5_1_2",2012,2012-05-01,"Fukui",79
"3415","hillier_72_5_1_2",2012,2012-05-01,"Fukui",65
"3416","hillier_72_5_1_4",2012,2012-05-01,"Fukui",61
"3417","hillier_72_5_1_5",2012,2012-05-01,"Fukui",59
"3418","hillier_72_5_1_5",2012,2012-05-01,"Fukui",76
"3419","hillier_72_5_1_5",2012,2012-05-01,"Fukui",66
"3420","hillier_73_5_1_1",2012,2012-05-01,"Fukui",72
"3421","hillier_73_5_1_2",2012,2012-05-01,"Fukui",65
"3422","hillier_73_5_1_2",2012,2012-05-01,"Fukui",77
"3423","hillier_73_5_1_4",2012,2012-05-01,"Fukui",52
"3424","hillier_73_5_1_4",2012,2012-05-01,"Fukui",64
"3425","hillier_82_5_30_1",2012,2012-05-30,"Fukui",78
"3426","hillier_82_5_30_1",2012,2012-05-30,"Fukui",74
"3427","hillier_82_5_30_1",2012,2012-05-30,"Fukui",69
"3428","hillier_82_5_30_1",2012,2012-05-30,"Fukui",85
"3429","hillier_82_5_30_1",2012,2012-05-30,"Fukui",67
"3430","hillier_82_5_30_1",2012,2012-05-30,"Fukui",79
"3431","hillier_82_5_30_1",2012,2012-05-30,"Fukui",83
"3432","hillier_82_5_30_3",2012,2012-05-30,"Fukui",69
"3433","hillier_82_5_30_4",2012,2012-05-30,"Fukui",62
"3434","hillier_82_5_30_5",2012,2012-05-30,"Fukui",57
"3435","hillier_82_5_30_99",2012,2012-05-30,"Fukui",81
"3436","hillier_83_5_30_1",2012,2012-05-30,"Fukui",76
"3437","hillier_83_5_30_1",2012,2012-05-30,"Fukui",77
"3438","hillier_83_5_30_1",2012,2012-05-30,"Fukui",69
"3439","hillier_83_5_30_1",2012,2012-05-30,"Fukui",77
"3440","hillier_83_5_30_1",2012,2012-05-30,"Fukui",82
"3441","hillier_83_5_30_1",2012,2012-05-30,"Fukui",67
"3442","hillier_83_5_30_2",2012,2012-05-30,"Fukui",83
"3443","hillier_83_5_30_5",2012,2012-05-30,"Fukui",90
"3444","hillier_92_6_26_1",2012,2012-06-26,"Fukui",81
"3445","hillier_92_6_26_1",2012,2012-06-26,"Fukui",74
"3446","hillier_92_6_26_1",2012,2012-06-26,"Fukui",69
"3447","hillier_92_6_26_1",2012,2012-06-26,"Fukui",63
"3448","hillier_92_6_26_1",2012,2012-06-26,"Fukui",79
"3449","hillier_92_6_26_1",2012,2012-06-26,"Fukui",77
"3450","hillier_92_6_26_1",2012,2012-06-26,"Fukui",86
"3451","hillier_92_6_26_1",2012,2012-06-26,"Fukui",69
"3452","hillier_92_6_26_2",2012,2012-06-26,"Fukui",70
"3453","hillier_92_6_26_2",2012,2012-06-26,"Fukui",75
"3454","hillier_92_6_26_2",2012,2012-06-26,"Fukui",60
"3455","hillier_92_6_26_5",2012,2012-06-26,"Fukui",78
"3456","hillier_93_6_26_1",2012,2012-06-26,"Fukui",45
"3457","hillier_93_6_26_1",2012,2012-06-26,"Fukui",61
"3458","hillier_93_6_26_1",2012,2012-06-26,"Fukui",76
"3459","hillier_93_6_26_1",2012,2012-06-26,"Fukui",73
"3460","hillier_93_6_26_1",2012,2012-06-26,"Fukui",63
"3461","hillier_93_6_26_2",2012,2012-06-26,"Fukui",82
"3462","hillier_93_6_26_2",2012,2012-06-26,"Fukui",57
"3463","hillier_93_6_26_2",2012,2012-06-26,"Fukui",60
"3464","hillier_93_6_26_2",2012,2012-06-26,"Fukui",64
"3465","hillier_93_6_26_2",2012,2012-06-26,"Fukui",64
"3466","hillier_93_6_26_2",2012,2012-06-26,"Fukui",63
"3467","hillier_93_6_26_3",2012,2012-06-26,"Fukui",70
"3468","hillier_93_6_26_3",2012,2012-06-26,"Fukui",80
"3469","hillier_93_6_26_3",2012,2012-06-26,"Fukui",65
"3470","hillier_93_6_26_3",2012,2012-06-26,"Fukui",81
"3471","hillier_93_6_26_3",2012,2012-06-26,"Fukui",55
"3472","hillier_93_6_26_3",2012,2012-06-26,"Fukui",58
"3473","hillier_93_6_26_3",2012,2012-06-26,"Fukui",71
"3474","hillier_93_6_26_3",2012,2012-06-26,"Fukui",55
"3475","hillier_93_6_26_4",2012,2012-06-26,"Fukui",71
"3476","hillier_93_6_26_5",2012,2012-06-26,"Fukui",68
"3477","hillier_93_6_26_5",2012,2012-06-26,"Fukui",75
"3478","hillier_93_6_26_5",2012,2012-06-26,"Fukui",87
"3479","hillier_93_6_26_5",2012,2012-06-26,"Fukui",56
"3480","hillier_93_6_26_99",2012,2012-06-26,"Fukui",75
"3481","hillier_94_6_26_1",2012,2012-06-26,"Fukui",90
"3482","hillier_94_6_26_1",2012,2012-06-26,"Fukui",73
"3483","hillier_94_6_26_1",2012,2012-06-26,"Fukui",66
"3484","hillier_94_6_26_1",2012,2012-06-26,"Fukui",72
"3485","hillier_94_6_26_1",2012,2012-06-26,"Fukui",78
"3486","hillier_94_6_26_2",2012,2012-06-26,"Fukui",79
"3487","hillier_94_6_26_2",2012,2012-06-26,"Fukui",75
"3488","hillier_94_6_26_2",2012,2012-06-26,"Fukui",72
"3489","hillier_94_6_26_3",2012,2012-06-26,"Fukui",75
"3490","hillier_94_6_26_4",2012,2012-06-26,"Fukui",83
"3491","hillier_107_7_25_1",2012,2012-07-25,"Fukui",56
"3492","hillier_107_7_25_1",2012,2012-07-25,"Fukui",60
"3493","hillier_107_7_25_1",2012,2012-07-25,"Fukui",65
"3494","hillier_107_7_25_1",2012,2012-07-25,"Fukui",62
"3495","hillier_107_7_25_2",2012,2012-07-25,"Fukui",61
"3496","hillier_107_7_25_2",2012,2012-07-25,"Fukui",73
"3497","hillier_107_7_25_2",2012,2012-07-25,"Fukui",49
"3498","hillier_107_7_25_2",2012,2012-07-25,"Fukui",68
"3499","hillier_107_7_25_2",2012,2012-07-25,"Fukui",74
"3500","hillier_107_7_25_2",2012,2012-07-25,"Fukui",67
"3501","hillier_107_7_25_2",2012,2012-07-25,"Fukui",74
"3502","hillier_107_7_25_2",2012,2012-07-25,"Fukui",54
"3503","hillier_107_7_25_3",2012,2012-07-25,"Fukui",82
"3504","hillier_107_7_25_3",2012,2012-07-25,"Fukui",81
"3505","hillier_107_7_25_3",2012,2012-07-25,"Fukui",80
"3506","hillier_107_7_25_3",2012,2012-07-25,"Fukui",79
"3507","hillier_107_7_25_3",2012,2012-07-25,"Fukui",66
"3508","hillier_108_7_25_1",2012,2012-07-25,"Fukui",72
"3509","hillier_108_7_25_1",2012,2012-07-25,"Fukui",54
"3510","hillier_108_7_25_1",2012,2012-07-25,"Fukui",71
"3511","hillier_108_7_25_1",2012,2012-07-25,"Fukui",82
"3512","hillier_108_7_25_1",2012,2012-07-25,"Fukui",63
"3513","hillier_108_7_25_1",2012,2012-07-25,"Fukui",66
"3514","hillier_108_7_25_1",2012,2012-07-25,"Fukui",65
"3515","hillier_108_7_25_1",2012,2012-07-25,"Fukui",45
"3516","hillier_108_7_25_1",2012,2012-07-25,"Fukui",58
"3517","hillier_108_7_25_1",2012,2012-07-25,"Fukui",77
"3518","hillier_108_7_25_1",2012,2012-07-25,"Fukui",82
"3519","hillier_108_7_25_1",2012,2012-07-25,"Fukui",65
"3520","hillier_108_7_25_1",2012,2012-07-25,"Fukui",83
"3521","hillier_108_7_25_1",2012,2012-07-25,"Fukui",71
"3522","hillier_108_7_25_1",2012,2012-07-25,"Fukui",51
"3523","hillier_108_7_25_2",2012,2012-07-25,"Fukui",60
"3524","hillier_108_7_25_2",2012,2012-07-25,"Fukui",67
"3525","hillier_108_7_25_2",2012,2012-07-25,"Fukui",69
"3526","hillier_108_7_25_2",2012,2012-07-25,"Fukui",49
"3527","hillier_108_7_25_2",2012,2012-07-25,"Fukui",52
"3528","hillier_108_7_25_2",2012,2012-07-25,"Fukui",56
"3529","hillier_108_7_25_2",2012,2012-07-25,"Fukui",54
"3530","hillier_108_7_25_2",2012,2012-07-25,"Fukui",85
"3531","hillier_108_7_25_3",2012,2012-07-25,"Fukui",67
"3532","hillier_108_7_25_3",2012,2012-07-25,"Fukui",57
"3533","hillier_108_7_25_3",2012,2012-07-25,"Fukui",73
"3534","hillier_108_7_25_3",2012,2012-07-25,"Fukui",73
"3535","hillier_108_7_25_3",2012,2012-07-25,"Fukui",63
"3536","hillier_108_7_25_4",2012,2012-07-25,"Fukui",62
"3537","hillier_108_7_25_4",2012,2012-07-25,"Fukui",72
"3538","hillier_108_7_25_4",2012,2012-07-25,"Fukui",73
"3539","hillier_108_7_25_4",2012,2012-07-25,"Fukui",67
"3540","hillier_108_7_25_4",2012,2012-07-25,"Fukui",74
"3541","hillier_109_7_25_1",2012,2012-07-25,"Fukui",56
"3542","hillier_109_7_25_1",2012,2012-07-25,"Fukui",43
"3543","hillier_109_7_25_1",2012,2012-07-25,"Fukui",77
"3544","hillier_109_7_25_1",2012,2012-07-25,"Fukui",57
"3545","hillier_109_7_25_1",2012,2012-07-25,"Fukui",50
"3546","hillier_109_7_25_1",2012,2012-07-25,"Fukui",55
"3547","hillier_109_7_25_1",2012,2012-07-25,"Fukui",50
"3548","hillier_109_7_25_1",2012,2012-07-25,"Fukui",51
"3549","hillier_109_7_25_1",2012,2012-07-25,"Fukui",59
"3550","hillier_109_7_25_1",2012,2012-07-25,"Fukui",49
"3551","hillier_109_7_25_1",2012,2012-07-25,"Fukui",60
"3552","hillier_109_7_25_1",2012,2012-07-25,"Fukui",60
"3553","hillier_109_7_25_1",2012,2012-07-25,"Fukui",83
"3554","hillier_109_7_25_2",2012,2012-07-25,"Fukui",72
"3555","hillier_109_7_25_2",2012,2012-07-25,"Fukui",65
"3556","hillier_109_7_25_2",2012,2012-07-25,"Fukui",66
"3557","hillier_109_7_25_2",2012,2012-07-25,"Fukui",57
"3558","hillier_109_7_25_2",2012,2012-07-25,"Fukui",68
"3559","hillier_109_7_25_2",2012,2012-07-25,"Fukui",65
"3560","hillier_109_7_25_3",2012,2012-07-25,"Fukui",53
"3561","hillier_109_7_25_3",2012,2012-07-25,"Fukui",71
"3562","hillier_109_7_25_4",2012,2012-07-25,"Fukui",53
"3563","hillier_109_7_25_4",2012,2012-07-25,"Fukui",73
"3564","hillier_109_7_25_4",2012,2012-07-25,"Fukui",68
"3565","hillier_109_7_25_4",2012,2012-07-25,"Fukui",85
"3566","hillier_109_7_25_5",2012,2012-07-25,"Fukui",53
"3567","hillier_117_8_22_1",2012,2012-08-22,"Fukui",49
"3568","hillier_117_8_22_1",2012,2012-08-22,"Fukui",64
"3569","hillier_117_8_22_1",2012,2012-08-22,"Fukui",49
"3570","hillier_117_8_22_1",2012,2012-08-22,"Fukui",62
"3571","hillier_117_8_22_1",2012,2012-08-22,"Fukui",52
"3572","hillier_117_8_22_1",2012,2012-08-22,"Fukui",55
"3573","hillier_117_8_22_1",2012,2012-08-22,"Fukui",43
"3574","hillier_117_8_22_1",2012,2012-08-22,"Fukui",62
"3575","hillier_117_8_22_1",2012,2012-08-22,"Fukui",56
"3576","hillier_117_8_22_1",2012,2012-08-22,"Fukui",66
"3577","hillier_117_8_22_1",2012,2012-08-22,"Fukui",63
"3578","hillier_117_8_22_1",2012,2012-08-22,"Fukui",64
"3579","hillier_117_8_22_1",2012,2012-08-22,"Fukui",60
"3580","hillier_117_8_22_1",2012,2012-08-22,"Fukui",56
"3581","hillier_117_8_22_2",2012,2012-08-22,"Fukui",36
"3582","hillier_117_8_22_2",2012,2012-08-22,"Fukui",64
"3583","hillier_117_8_22_2",2012,2012-08-22,"Fukui",52
"3584","hillier_117_8_22_2",2012,2012-08-22,"Fukui",68
"3585","hillier_117_8_22_2",2012,2012-08-22,"Fukui",44
"3586","hillier_117_8_22_3",2012,2012-08-22,"Fukui",67
"3587","hillier_117_8_22_3",2012,2012-08-22,"Fukui",63
"3588","hillier_117_8_22_3",2012,2012-08-22,"Fukui",52
"3589","hillier_117_8_22_3",2012,2012-08-22,"Fukui",73
"3590","hillier_117_8_22_3",2012,2012-08-22,"Fukui",55
"3591","hillier_117_8_22_3",2012,2012-08-22,"Fukui",39
"3592","hillier_117_8_22_3",2012,2012-08-22,"Fukui",53
"3593","hillier_117_8_22_3",2012,2012-08-22,"Fukui",67
"3594","hillier_117_8_22_3",2012,2012-08-22,"Fukui",56
"3595","hillier_117_8_22_3",2012,2012-08-22,"Fukui",63
"3596","hillier_117_8_22_3",2012,2012-08-22,"Fukui",71
"3597","hillier_117_8_22_3",2012,2012-08-22,"Fukui",49
"3598","hillier_117_8_22_4",2012,2012-08-22,"Fukui",64
"3599","hillier_117_8_22_4",2012,2012-08-22,"Fukui",57
"3600","hillier_117_8_22_4",2012,2012-08-22,"Fukui",48
"3601","hillier_117_8_22_4",2012,2012-08-22,"Fukui",48
"3602","hillier_117_8_22_4",2012,2012-08-22,"Fukui",54
"3603","hillier_117_8_22_4",2012,2012-08-22,"Fukui",56
"3604","hillier_117_8_22_5",2012,2012-08-22,"Fukui",64
"3605","hillier_117_8_22_5",2012,2012-08-22,"Fukui",73
"3606","hillier_117_8_22_5",2012,2012-08-22,"Fukui",54
"3607","hillier_117_8_22_5",2012,2012-08-22,"Fukui",67
"3608","hillier_117_8_22_5",2012,2012-08-22,"Fukui",57
"3609","hillier_117_8_22_99",2012,2012-08-22,"Fukui",45
"3610","hillier_117_8_22_99",2012,2012-08-22,"Fukui",58
"3611","hillier_117_8_22_99",2012,2012-08-22,"Fukui",57
"3612","hillier_117_8_22_99",2012,2012-08-22,"Fukui",69
"3613","hillier_117_8_22_99",2012,2012-08-22,"Fukui",54
"3614","hillier_117_8_22_99",2012,2012-08-22,"Fukui",52
"3615","hillier_117_8_22_99",2012,2012-08-22,"Fukui",62
"3616","hillier_118_8_22_1",2012,2012-08-22,"Fukui",37
"3617","hillier_118_8_22_1",2012,2012-08-22,"Fukui",63
"3618","hillier_118_8_22_1",2012,2012-08-22,"Fukui",47
"3619","hillier_118_8_22_1",2012,2012-08-22,"Fukui",49
"3620","hillier_118_8_22_1",2012,2012-08-22,"Fukui",52
"3621","hillier_118_8_22_1",2012,2012-08-22,"Fukui",57
"3622","hillier_118_8_22_2",2012,2012-08-22,"Fukui",51
"3623","hillier_118_8_22_2",2012,2012-08-22,"Fukui",48
"3624","hillier_118_8_22_2",2012,2012-08-22,"Fukui",51
"3625","hillier_118_8_22_2",2012,2012-08-22,"Fukui",52
"3626","hillier_118_8_22_2",2012,2012-08-22,"Fukui",55
"3627","hillier_118_8_22_2",2012,2012-08-22,"Fukui",49
"3628","hillier_118_8_22_2",2012,2012-08-22,"Fukui",43
"3629","hillier_118_8_22_2",2012,2012-08-22,"Fukui",52
"3630","hillier_118_8_22_2",2012,2012-08-22,"Fukui",53
"3631","hillier_118_8_22_2",2012,2012-08-22,"Fukui",78
"3632","hillier_118_8_22_2",2012,2012-08-22,"Fukui",54
"3633","hillier_118_8_22_3",2012,2012-08-22,"Fukui",54
"3634","hillier_118_8_22_3",2012,2012-08-22,"Fukui",46
"3635","hillier_118_8_22_3",2012,2012-08-22,"Fukui",49
"3636","hillier_118_8_22_3",2012,2012-08-22,"Fukui",66
"3637","hillier_118_8_22_3",2012,2012-08-22,"Fukui",45
"3638","hillier_118_8_22_3",2012,2012-08-22,"Fukui",49
"3639","hillier_118_8_22_3",2012,2012-08-22,"Fukui",54
"3640","hillier_118_8_22_3",2012,2012-08-22,"Fukui",52
"3641","hillier_118_8_22_3",2012,2012-08-22,"Fukui",58
"3642","hillier_118_8_22_3",2012,2012-08-22,"Fukui",55
"3643","hillier_118_8_22_3",2012,2012-08-22,"Fukui",67
"3644","hillier_118_8_22_4",2012,2012-08-22,"Fukui",70
"3645","hillier_118_8_22_4",2012,2012-08-22,"Fukui",53
"3646","hillier_118_8_22_4",2012,2012-08-22,"Fukui",56
"3647","hillier_118_8_22_5",2012,2012-08-22,"Fukui",49
"3648","hillier_118_8_22_5",2012,2012-08-22,"Fukui",50
"3649","hillier_118_8_22_5",2012,2012-08-22,"Fukui",50
"3650","hillier_118_8_22_5",2012,2012-08-22,"Fukui",62
"3651","hillier_118_8_22_99",2012,2012-08-22,"Fukui",80
"3652","hillier_118_8_22_99",2012,2012-08-22,"Fukui",70
"3653","hillier_118_8_22_99",2012,2012-08-22,"Fukui",62
"3654","hillier_119_8_22_1",2012,2012-08-22,"Fukui",51
"3655","hillier_119_8_22_1",2012,2012-08-22,"Fukui",53
"3656","hillier_119_8_22_1",2012,2012-08-22,"Fukui",58
"3657","hillier_119_8_22_1",2012,2012-08-22,"Fukui",50
"3658","hillier_119_8_22_1",2012,2012-08-22,"Fukui",64
"3659","hillier_119_8_22_1",2012,2012-08-22,"Fukui",48
"3660","hillier_119_8_22_1",2012,2012-08-22,"Fukui",46
"3661","hillier_119_8_22_1",2012,2012-08-22,"Fukui",74
"3662","hillier_119_8_22_1",2012,2012-08-22,"Fukui",59
"3663","hillier_119_8_22_2",2012,2012-08-22,"Fukui",51
"3664","hillier_119_8_22_2",2012,2012-08-22,"Fukui",46
"3665","hillier_119_8_22_2",2012,2012-08-22,"Fukui",57
"3666","hillier_119_8_22_3",2012,2012-08-22,"Fukui",47
"3667","hillier_119_8_22_3",2012,2012-08-22,"Fukui",63
"3668","hillier_119_8_22_3",2012,2012-08-22,"Fukui",75
"3669","hillier_119_8_22_3",2012,2012-08-22,"Fukui",51
"3670","hillier_119_8_22_3",2012,2012-08-22,"Fukui",43
"3671","hillier_119_8_22_3",2012,2012-08-22,"Fukui",73
"3672","hillier_119_8_22_3",2012,2012-08-22,"Fukui",62
"3673","hillier_119_8_22_3",2012,2012-08-22,"Fukui",63
"3674","hillier_119_8_22_3",2012,2012-08-22,"Fukui",74
"3675","hillier_119_8_22_4",2012,2012-08-22,"Fukui",61
"3676","hillier_119_8_22_5",2012,2012-08-22,"Fukui",60
"3677","hillier_119_8_22_5",2012,2012-08-22,"Fukui",53
"3678","hillier_119_8_22_5",2012,2012-08-22,"Fukui",63
"3679","hillier_119_8_22_5",2012,2012-08-22,"Fukui",80
"3680","hillier_119_8_22_99",2012,2012-08-22,"Fukui",68
"3681","hillier_119_8_22_99",2012,2012-08-22,"Fukui",68
"3682","hillier_127_9_19_1",2012,2012-09-19,"Fukui",75
"3683","hillier_127_9_19_1",2012,2012-09-19,"Fukui",60
"3684","hillier_127_9_19_1",2012,2012-09-19,"Fukui",76
"3685","hillier_127_9_19_1",2012,2012-09-19,"Fukui",62
"3686","hillier_127_9_19_3",2012,2012-09-19,"Fukui",68
"3687","hillier_127_9_19_3",2012,2012-09-19,"Fukui",64
"3688","hillier_127_9_19_3",2012,2012-09-19,"Fukui",59
"3689","hillier_128_9_19_1",2012,2012-09-19,"Fukui",48
"3690","hillier_128_9_19_1",2012,2012-09-19,"Fukui",51
"3691","hillier_128_9_19_1",2012,2012-09-19,"Fukui",62
"3692","hillier_128_9_19_1",2012,2012-09-19,"Fukui",50
"3693","hillier_128_9_19_1",2012,2012-09-19,"Fukui",50
"3694","hillier_128_9_19_2",2012,2012-09-19,"Fukui",69
"3695","hillier_128_9_19_2",2012,2012-09-19,"Fukui",80
"3696","hillier_128_9_19_2",2012,2012-09-19,"Fukui",75
"3697","hillier_128_9_19_2",2012,2012-09-19,"Fukui",69
"3698","hillier_128_9_19_2",2012,2012-09-19,"Fukui",46
"3699","hillier_128_9_19_2",2012,2012-09-19,"Fukui",65
"3700","hillier_128_9_19_2",2012,2012-09-19,"Fukui",45
"3701","hillier_128_9_19_2",2012,2012-09-19,"Fukui",62
"3702","hillier_128_9_19_3",2012,2012-09-19,"Fukui",55
"3703","hillier_128_9_19_3",2012,2012-09-19,"Fukui",66
"3704","hillier_137_10_17_1",2012,2012-10-17,"Fukui",62
"3705","hillier_137_10_17_2",2012,2012-10-17,"Fukui",61
"3706","hillier_137_10_17_3",2012,2012-10-17,"Fukui",64
"3707","hillier_137_10_17_3",2012,2012-10-17,"Fukui",62
"3708","hillier_137_10_17_3",2012,2012-10-17,"Fukui",59
"3709","hillier_137_10_17_3",2012,2012-10-17,"Fukui",65
"3710","hillier_137_10_17_3",2012,2012-10-17,"Fukui",67
"3711","hillier_137_10_17_3",2012,2012-10-17,"Fukui",59
"3712","hillier_137_10_17_3",2012,2012-10-17,"Fukui",72
"3713","hillier_137_10_17_3",2012,2012-10-17,"Fukui",50
"3714","hillier_137_10_17_3",2012,2012-10-17,"Fukui",57
"3715","hillier_137_10_17_3",2012,2012-10-17,"Fukui",54
"3716","hillier_137_10_17_4",2012,2012-10-17,"Fukui",67
"3717","hillier_137_10_17_4",2012,2012-10-17,"Fukui",44
"3718","hillier_137_10_17_5",2012,2012-10-17,"Fukui",60
"3719","hillier_137_10_17_99",2012,2012-10-17,"Fukui",64
"3720","hillier_137_10_17_99",2012,2012-10-17,"Fukui",64
"3721","hillier_137_10_17_99",2012,2012-10-17,"Fukui",56
"3722","hillier_138_10_17_1",2012,2012-10-17,"Fukui",56
"3723","hillier_138_10_17_1",2012,2012-10-17,"Fukui",62
"3724","hillier_138_10_17_1",2012,2012-10-17,"Fukui",68
"3725","hillier_138_10_17_2",2012,2012-10-17,"Fukui",72
"3726","hillier_138_10_17_3",2012,2012-10-17,"Fukui",56
"3727","hillier_138_10_17_5",2012,2012-10-17,"Fukui",71
"3728","hillier_138_10_17_99",2012,2012-10-17,"Fukui",52
"3729","hillier_138_10_17_99",2012,2012-10-17,"Fukui",64
"3730","hillier_139_10_17_1",2012,2012-10-17,"Fukui",61
"3731","hillier_139_10_17_1",2012,2012-10-17,"Fukui",47
"3732","hillier_139_10_17_1",2012,2012-10-17,"Fukui",56
"3733","hillier_139_10_17_1",2012,2012-10-17,"Fukui",51
"3734","hillier_139_10_17_1",2012,2012-10-17,"Fukui",59
"3735","hillier_139_10_17_1",2012,2012-10-17,"Fukui",65
"3736","hillier_139_10_17_1",2012,2012-10-17,"Fukui",57
"3737","hillier_139_10_17_1",2012,2012-10-17,"Fukui",51
"3738","hillier_139_10_17_1",2012,2012-10-17,"Fukui",51
"3739","hillier_139_10_17_1",2012,2012-10-17,"Fukui",57
"3740","hillier_139_10_17_1",2012,2012-10-17,"Fukui",74
"3741","hillier_139_10_17_1",2012,2012-10-17,"Fukui",55
"3742","hillier_139_10_17_1",2012,2012-10-17,"Fukui",67
"3743","hillier_139_10_17_1",2012,2012-10-17,"Fukui",60
"3744","hillier_139_10_17_1",2012,2012-10-17,"Fukui",70
"3745","hillier_139_10_17_1",2012,2012-10-17,"Fukui",46
"3746","hillier_139_10_17_1",2012,2012-10-17,"Fukui",72
"3747","hillier_139_10_17_1",2012,2012-10-17,"Fukui",60
"3748","hillier_139_10_17_1",2012,2012-10-17,"Fukui",73
"3749","hillier_139_10_17_1",2012,2012-10-17,"Fukui",43
"3750","hillier_139_10_17_1",2012,2012-10-17,"Fukui",56
"3751","hillier_139_10_17_1",2012,2012-10-17,"Fukui",52
"3752","hillier_139_10_17_1",2012,2012-10-17,"Fukui",58
"3753","hillier_139_10_17_3",2012,2012-10-17,"Fukui",58
"3754","hillier_139_10_17_3",2012,2012-10-17,"Fukui",66
"3755","hillier_139_10_17_3",2012,2012-10-17,"Fukui",58
"3756","hillier_139_10_17_3",2012,2012-10-17,"Fukui",58
"3757","hillier_139_10_17_4",2012,2012-10-17,"Fukui",54
"3758","hillier_139_10_17_4",2012,2012-10-17,"Fukui",74
"3759","hillier_139_10_17_4",2012,2012-10-17,"Fukui",57
"3760","hillier_139_10_17_99",2012,2012-10-17,"Fukui",71
"3761","hillier_139_10_17_99",2012,2012-10-17,"Fukui",71
"3762","hillier_139_10_17_99",2012,2012-10-17,"Fukui",69
"3763","hillier_139_10_17_99",2012,2012-10-17,"Fukui",53
"3764","hillier_139_10_17_99",2012,2012-10-17,"Fukui",69
"3765","hillier_139_10_17_99",2012,2012-10-17,"Fukui",69
"3766","hillier_139_10_17_99",2012,2012-10-17,"Fukui",57
"3767","hillier_139_10_17_99",2012,2012-10-17,"Fukui",71
"3768","hillier_139_10_17_1",2012,2012-10-17,"Fukui",62
"3769","hillier_139_10_17_1",2012,2012-10-17,"Fukui",51
"3770","hillier_139_10_17_1",2012,2012-10-17,"Fukui",64
"3771","hillier_139_10_17_1",2012,2012-10-17,"Fukui",51
"3772","hillier_139_10_17_1",2012,2012-10-17,"Fukui",54
"3773","hillier_147_11_15_1",2012,2012-11-15,"Fukui",58
"3774","hillier_147_11_15_2",2012,2012-11-15,"Fukui",55
"3775","hillier_147_11_15_2",2012,2012-11-15,"Fukui",63
"3776","hillier_147_11_15_3",2012,2012-11-15,"Fukui",65
"3777","hillier_147_11_15_3",2012,2012-11-15,"Fukui",52
"3778","hillier_147_11_15_3",2012,2012-11-15,"Fukui",68
"3779","hillier_147_11_15_3",2012,2012-11-15,"Fukui",59
"3780","hillier_147_11_15_3",2012,2012-11-15,"Fukui",70
"3781","hillier_147_11_15_3",2012,2012-11-15,"Fukui",63
"3782","hillier_147_11_15_3",2012,2012-11-15,"Fukui",63
"3783","hillier_147_11_15_3",2012,2012-11-15,"Fukui",65
"3784","hillier_147_11_15_5",2012,2012-11-15,"Fukui",64
"3785","hillier_147_11_15_5",2012,2012-11-15,"Fukui",72
"3786","hillier_147_11_15_99",2012,2012-11-15,"Fukui",68
"3787","hillier_147_11_15_99",2012,2012-11-15,"Fukui",66
"3788","hillier_147_11_15_5",2012,2012-11-15,"Fukui",64
"3789","hillier_147_11_15_5",2012,2012-11-15,"Fukui",76
"3790","hillier_148_11_15_1",2012,2012-11-15,"Fukui",65
"3791","hillier_148_11_15_1",2012,2012-11-15,"Fukui",70
"3792","hillier_148_11_15_1",2012,2012-11-15,"Fukui",52
"3793","hillier_148_11_15_1",2012,2012-11-15,"Fukui",61
"3794","hillier_148_11_15_1",2012,2012-11-15,"Fukui",62
"3795","hillier_148_11_15_1",2012,2012-11-15,"Fukui",59
"3796","hillier_148_11_15_1",2012,2012-11-15,"Fukui",56
"3797","hillier_148_11_15_1",2012,2012-11-15,"Fukui",59
"3798","hillier_148_11_15_1",2012,2012-11-15,"Fukui",56
"3799","hillier_148_11_15_1",2012,2012-11-15,"Fukui",65
"3800","hillier_148_11_15_1",2012,2012-11-15,"Fukui",61
"3801","hillier_148_11_15_1",2012,2012-11-15,"Fukui",74
"3802","hillier_148_11_15_1",2012,2012-11-15,"Fukui",50
"3803","hillier_148_11_15_1",2012,2012-11-15,"Fukui",67
"3804","hillier_148_11_15_1",2012,2012-11-15,"Fukui",55
"3805","hillier_148_11_15_2",2012,2012-11-15,"Fukui",65
"3806","hillier_148_11_15_2",2012,2012-11-15,"Fukui",67
"3807","hillier_148_11_15_2",2012,2012-11-15,"Fukui",67
"3808","hillier_148_11_15_2",2012,2012-11-15,"Fukui",58
"3809","hillier_148_11_15_2",2012,2012-11-15,"Fukui",57
"3810","hillier_148_11_15_2",2012,2012-11-15,"Fukui",54
"3811","hillier_148_11_15_2",2012,2012-11-15,"Fukui",50
"3812","hillier_148_11_15_3",2012,2012-11-15,"Fukui",75
"3813","hillier_148_11_15_4",2012,2012-11-15,"Fukui",68
"3814","hillier_148_11_15_4",2012,2012-11-15,"Fukui",74
"3815","hillier_148_11_15_4",2012,2012-11-15,"Fukui",53
"3816","hillier_148_11_15_4",2012,2012-11-15,"Fukui",62
"3817","hillier_148_11_15_5",2012,2012-11-15,"Fukui",69
"3818","hillier_148_11_15_5",2012,2012-11-15,"Fukui",67
"3819","hillier_148_11_15_5",2012,2012-11-15,"Fukui",66
"3820","hillier_148_11_15_99",2012,2012-11-15,"Fukui",64
"3821","hillier_149_11_15_1",2012,2012-11-15,"Fukui",52
"3822","hillier_149_11_15_1",2012,2012-11-15,"Fukui",74
"3823","hillier_149_11_15_1",2012,2012-11-15,"Fukui",60
"3824","hillier_149_11_15_1",2012,2012-11-15,"Fukui",66
"3825","hillier_149_11_15_1",2012,2012-11-15,"Fukui",66
"3826","hillier_149_11_15_1",2012,2012-11-15,"Fukui",67
"3827","hillier_149_11_15_1",2012,2012-11-15,"Fukui",64
"3828","hillier_149_11_15_1",2012,2012-11-15,"Fukui",57
"3829","hillier_149_11_15_1",2012,2012-11-15,"Fukui",71
"3830","hillier_149_11_15_1",2012,2012-11-15,"Fukui",57
"3831","hillier_149_11_15_1",2012,2012-11-15,"Fukui",63
"3832","hillier_149_11_15_1",2012,2012-11-15,"Fukui",57
"3833","hillier_149_11_15_1",2012,2012-11-15,"Fukui",61
"3834","hillier_149_11_15_1",2012,2012-11-15,"Fukui",58
"3835","hillier_149_11_15_1",2012,2012-11-15,"Fukui",66
"3836","hillier_149_11_15_2",2012,2012-11-15,"Fukui",48
"3837","hillier_149_11_15_2",2012,2012-11-15,"Fukui",54
"3838","hillier_149_11_15_2",2012,2012-11-15,"Fukui",57
"3839","hillier_149_11_15_2",2012,2012-11-15,"Fukui",61
"3840","hillier_149_11_15_2",2012,2012-11-15,"Fukui",57
"3841","hillier_149_11_15_3",2012,2012-11-15,"Fukui",61
"3842","hillier_149_11_15_2",2012,2012-11-15,"Fukui",61
"3843","hillier_149_11_15_2",2012,2012-11-15,"Fukui",53
"3844","hillier_149_11_15_3",2012,2012-11-15,"Fukui",63
"3845","hillier_149_11_15_3",2012,2012-11-15,"Fukui",52
"3846","hillier_149_11_15_3",2012,2012-11-15,"Fukui",52
"3847","hillier_149_11_15_4",2012,2012-11-15,"Fukui",73
"3848","hillier_149_11_15_4",2012,2012-11-15,"Fukui",72
"3849","hillier_149_11_15_4",2012,2012-11-15,"Fukui",57
"3850","hillier_149_11_15_4",2012,2012-11-15,"Fukui",60
"3851","hillier_149_11_15_4",2012,2012-11-15,"Fukui",63
"3852","hillier_149_11_15_4",2012,2012-11-15,"Fukui",53
"3853","hillier_149_11_15_4",2012,2012-11-15,"Fukui",68
"3854","hillier_149_11_15_4",2012,2012-11-15,"Fukui",73
"3855","hillier_149_11_15_4",2012,2012-11-15,"Fukui",64
"3856","hillier_149_11_15_4",2012,2012-11-15,"Fukui",66
"3857","hillier_149_11_15_4",2012,2012-11-15,"Fukui",61
"3858","hillier_149_11_15_4",2012,2012-11-15,"Fukui",67
"3859","hillier_149_11_15_4",2012,2012-11-15,"Fukui",66
"3860","hillier_149_11_15_5",2012,2012-11-15,"Fukui",83
"3861","hillier_149_11_15_99",2012,2012-11-15,"Fukui",71
"3862","hillier_149_11_15_99",2012,2012-11-15,"Fukui",59
"3863","hillier_149_11_15_99",2012,2012-11-15,"Fukui",50
