Date,Trap_Type,Trap_Number
05/28/20,Fukui,11
05/28/20,Fukui,629
05/28/20,Fukui,12
05/28/20,Fukui,22
05/28/20,Fukui,381
05/28/20,Fukui,46
05/28/20,Fukui,23
05/28/20,Fukui,1
05/28/20,Fukui,15
05/28/20,Fukui,24
05/28/20,Fukui,7
05/28/20,Fukui,8
05/28/20,Fukui,2
05/28/20,Fukui,3
05/28/20,Fukui,45
05/28/20,Minnow,59
05/28/20,Minnow,52
05/28/20,Minnow,389
05/28/20,Minnow,388
05/28/20,Minnow,63
05/28/20,Minnow,1079
05/28/20,Minnow,373
05/28/20,Minnow,1072
05/28/20,Minnow,1184
05/28/20,Minnow,1148
05/28/20,Fukui,612
05/28/20,Minnow,1060
05/28/20,Fukui,638
05/28/20,Minnow,1075
05/28/20,Fukui,633
05/28/20,Minnow,377
05/28/20,Fukui,621
05/28/20,Minnow,1149
05/28/20,Fukui,624
05/28/20,Minnow,1142
05/28/20,Fukui,603
05/28/20,Minnow,379
05/29/20,Minnow,1074
05/29/20,Fukui,620
05/29/20,Minnow,1193
05/29/20,Fukui,627
05/29/20,Minnow,1069
05/29/20,Fukui,619
05/29/20,Minnow,376
05/29/20,Fukui,572
05/29/20,Fukui,608
05/29/20,Minnow,1059
05/29/20,Fukui,1143
05/29/20,Minnow,1178
05/29/20,Fukui,623
05/29/20,Minnow,378
05/29/20,Minnow,1198
05/29/20,Fukui,1141
05/29/20,Minnow,1073
05/29/20,Fukui,636
05/29/20,Minnow,1068
05/29/20,Fukui,1147
05/29/20,Minnow,1176
05/29/20,Fukui,628
05/29/20,Fukui,618
05/29/20,Minnow,1065
05/29/20,Minnow,1183
05/29/20,Fukui,640
05/29/20,Fukui,604
05/29/20,Minnow,1199
05/28/20,Minnow,51
05/28/20,Fukui,635
05/28/20,Minnow,62
05/28/20,Fukui,609
05/28/20,Minnow,57
05/28/20,Fukui,616
05/28/20,Minnow,1187
05/28/20,Fukui,648
05/28/20,Minnow,345
05/28/20,Fukui,574
05/28/20,Minnow,127
05/28/20,Fukui,369
05/28/20,Minnow,1368
05/28/20,Fukui,366
05/28/20,Minnow,1385
05/28/20,Fukui,1144
05/28/20,Minnow,1367
05/28/20,Fukui,645
05/28/20,Minnow,685
05/28/20,Fukui,644
05/28/20,Minnow,1372
05/28/20,Fukui,570
05/28/20,Minnow,64
05/28/20,Fukui,573
05/29/20,Minnow,1149
05/29/20,Fukui,603
05/29/20,Minnow,377
05/29/20,Fukui,624
05/29/20,Minnow,1060
05/29/20,Fukui,612
05/29/20,Minnow,1142
05/29/20,Fukui,638
05/29/20,Minnow,1075
05/29/20,Fukui,621
05/29/20,Minnow,379
05/29/20,Fukui,633
05/29/20,Minnow,674
05/29/20,Fukui,629
05/29/20,Minnow,394
05/29/20,Fukui,12
05/29/20,Minnow,1181
05/29/20,Fukui,11
05/29/20,Fukui,22
05/29/20,Minnow,1368
05/29/20,Fukui,616
05/29/20,Minnow,127
05/29/20,Minnow,1384
05/29/20,Fukui,369
05/29/20,Fukui,366
05/29/20,Minnow,50
05/29/20,Fukui,574
05/29/20,Minnow,1373
05/29/20,Minnow,1383
05/29/20,Fukui,635
06/04/20,Minnow,1176
06/04/20,Fukui,24
06/04/20,Minnow,1065
06/04/20,Fukui,20
06/04/20,Minnow,1142
06/04/20,Fukui,625
06/04/20,Minnow,1075
06/04/20,Fukui,19
06/04/20,Fukui,1
06/04/20,Minnow,1068
06/04/20,Fukui,15
06/04/20,Minnow,1069
06/04/20,Fukui,16
06/04/20,Minnow,1191
06/04/20,Minnow,1383
06/04/20,Fukui,633
06/04/20,Minnow,371
06/04/20,Fukui,6
06/04/20,Minnow,50
06/04/20,Fukui,21
06/04/20,Minnow,1073
06/04/20,Fukui,4
06/04/20,Fukui,365
06/04/20,Minnow,1150
06/04/20,Minnow,1063
06/04/20,Fukui,367
06/04/20,Fukui,18
06/04/20,Minnow,685
06/04/20,4-Way Shrimp,107
06/10/20,Fukui,19
06/10/20,Minnow,85
06/10/20,Fukui,6
06/10/20,Minnow,150
06/10/20,Fukui,4
06/10/20,Minnow,378
06/10/20,Fukui,625
06/10/20,Minnow,89
06/10/20,Fukui,21
06/10/20,Minnow,84
06/10/20,Fukui,16
06/10/20,Minnow,377
06/12/20,Minnow,92
06/12/20,Fukui,46
06/12/20,Minnow,137
06/12/20,Fukui,1141
06/12/20,Minnow,376
06/12/20,Fukui,12
06/12/20,Minnow,127
06/12/20,Fukui,366
06/12/20,Fukui,381
06/12/20,Minnow,148
06/12/20,Fukui,18
06/12/20,Minnow,1074
06/12/20,Fukui,619
06/12/20,Minnow,28
06/12/20,Minnow,1384
06/12/20,Fukui,628
06/12/20,Minnow,1183
06/12/20,Fukui,624
06/12/20,Minnow,136
06/12/20,Fukui,23
06/12/20,Fukui,636
06/12/20,Minnow,1193
06/12/20,Fukui,635
06/12/20,Minnow,1368
06/12/20,Minnow,138
06/12/20,Fukui,574
06/12/20,Fukui,633
06/12/20,Minnow,1149
06/10/20,Minnow,1192
06/10/20,Fukui,15
06/10/20,Minnow,1067
06/10/20,Fukui,1
06/10/20,Minnow,685
06/10/20,Fukui,364
06/10/20,Minnow,1069
06/10/20,Fukui,368
06/10/20,Minnow,1062
06/10/20,Fukui,384
06/10/20,Fukui,644
06/10/20,Fukui,648
06/10/20,Fukui,573
06/10/20,Fukui,1147
06/10/20,Fukui,608
06/10/20,Fukui,621
06/10/20,Fukui,612
06/10/20,Fukui,603
06/10/20,Fukui,640
06/10/20,Fukui,570
06/10/20,Fukui,618
06/10/20,Fukui,638
06/10/20,Fukui,1143
06/10/20,Fukui,572
06/10/20,Fukui,627
06/10/20,Minnow,57
06/10/20,Minnow,1071
06/10/20,Minnow,1184
06/10/20,Minnow,1187
06/10/20,Minnow,395
06/10/20,Minnow,62
06/10/20,Minnow,64
06/10/20,Minnow,1148
06/10/20,Minnow,60
06/10/20,Minnow,51
06/10/20,Fukui,365
06/10/20,Minnow,96
06/10/20,Minnow,133
06/10/20,Minnow,1382
06/10/20,Minnow,1066
06/10/20,Minnow,49
06/11/20,Fukui,645
06/11/20,Minnow,1075
06/11/20,Fukui,609
06/11/20,Minnow,1191
06/11/20,Fukui,1144
06/11/20,Minnow,1381
06/11/20,Minnow,377
06/11/20,Fukui,16
06/11/20,Minnow,378
06/11/20,Fukui,4
06/11/20,Minnow,150
06/11/20,Fukui,6
06/11/20,Minnow,85
06/11/20,Fukui,19
06/11/20,Minnow,84
06/11/20,Fukui,625
06/11/20,Minnow,89
06/11/20,Fukui,21
06/12/20,Minnow,89
06/12/20,Minnow,85
06/12/20,Fukui,625
06/12/20,Minnow,377
06/12/20,Fukui,21
06/12/20,Fukui,6
06/12/20,Minnow,378
06/12/20,Fukui,4
06/12/20,Minnow,150
06/12/20,Fukui,19
06/12/20,Minnow,84
06/12/20,Fukui,16
06/18/20,Minnow,72
06/18/20,Fukui,23
06/18/20,Minnow,128
06/18/20,Fukui,636
06/18/20,Minnow,130
06/18/20,Fukui,625
06/18/20,Minnow,1142
06/18/20,Fukui,366
06/18/20,Fukui,1141
06/18/20,Minnow,134
06/18/20,Fukui,46
06/18/20,Minnow,1176
06/18/20,Fukui,608
06/18/20,Minnow,132
06/18/20,Minnow,1073
06/18/20,Fukui,628
06/18/20,Minnow,1063
06/18/20,Fukui,609
06/18/20,Minnow,95
06/18/20,Fukui,12
06/18/20,Minnow,129
06/18/20,Fukui,367
06/18/20,Fukui,381
06/18/20,Minnow,75
06/18/20,Minnow,80
06/18/20,Fukui,19
06/18/20,Fukui,573
06/18/20,Minnow,131
06/24/20,Fukui,24
06/24/20,Minnow,1184
06/24/20,Fukui,608
06/24/20,Minnow,75
06/24/20,Fukui,368
06/24/20,Minnow,80
06/24/20,Fukui,572
06/24/20,Minnow,129
06/24/20,Fukui,365
06/24/20,Minnow,132
06/24/20,Fukui,644
06/24/20,Minnow,1073
06/26/20,Minnow,70
06/26/20,Fukui,366
06/26/20,Minnow,134
06/26/20,Fukui,20
06/26/20,Minnow,98
06/26/20,Fukui,46
06/26/20,Minnow,65
06/26/20,Fukui,19
06/26/20,Fukui,367
06/26/20,Minnow,1176
06/26/20,Fukui,12
06/26/20,Minnow,81
06/26/20,Fukui,609
06/26/20,Minnow,1069
06/26/20,Minnow,68
06/26/20,Fukui,625
06/26/20,Minnow,1063
06/26/20,Fukui,23
06/26/20,Minnow,95
06/26/20,Fukui,628
06/26/20,Minnow,100
06/26/20,Fukui,381
06/26/20,Fukui,1141
06/26/20,Minnow,73
06/26/20,Minnow,131
06/26/20,Fukui,573
06/26/20,Fukui,636
06/26/20,Minnow,1142
06/24/20,Fukui,621
06/24/20,Fukui,21
06/24/20,Fukui,603
06/24/20,Fukui,570
06/24/20,Fukui,627
06/24/20,Fukui,364
06/24/20,Fukui,15
06/24/20,Fukui,1
06/24/20,Fukui,640
06/24/20,Fukui,1147
06/24/20,Fukui,638
06/24/20,Fukui,648
06/24/20,Fukui,618
06/24/20,Fukui,612
06/24/20,Fukui,384
06/24/20,Minnow,72
06/24/20,Minnow,1367
06/24/20,Minnow,1068
06/24/20,Minnow,1065
06/24/20,Minnow,59
06/24/20,Minnow,50
06/24/20,Minnow,52
06/24/20,Minnow,388
06/24/20,Minnow,63
06/24/20,Minnow,1385
06/23/20,Fukui,574
06/23/20,Minnow,1059
06/23/20,Fukui,4
06/23/20,Minnow,1060
06/23/20,Fukui,6
06/23/20,Minnow,1178
06/23/20,Minnow,389
06/23/20,Fukui,1143
06/23/20,Minnow,373
06/23/20,Fukui,635
06/23/20,Minnow,1372
06/23/20,Fukui,633
06/24/20,Minnow,1071
06/24/20,Fukui,604
06/24/20,Minnow,51
06/24/20,Fukui,8
06/24/20,Minnow,133
06/24/20,Fukui,11
06/24/20,Minnow,1148
06/24/20,Fukui,369
06/24/20,Minnow,685
06/24/20,Fukui,7
06/23/20,Fukui,45
06/23/20,Minnow,1193
06/23/20,Fukui,3
06/23/20,Minnow,1368
06/23/20,Fukui,2
06/23/20,Minnow,138
06/24/20,Minnow,1373
06/24/20,Fukui,619
06/24/20,Minnow,1198
06/24/20,Fukui,18
06/24/20,Minnow,379
06/24/20,Fukui,624
06/23/20,Fukui,623
06/23/20,Minnow,1062
06/23/20,Fukui,22
06/23/20,Minnow,57
06/23/20,Fukui,616
06/23/20,Minnow,96
06/23/20,Minnow,394
06/23/20,Fukui,1144
06/23/20,Minnow,674
06/23/20,Fukui,16
06/23/20,Minnow,1181
06/23/20,Fukui,645
06/24/20,Minnow,96
06/24/20,Fukui,623
06/24/20,Minnow,57
06/24/20,Fukui,616
06/24/20,Minnow,1062
06/24/20,Fukui,22
06/25/20,Minnow,132
06/25/20,Fukui,368
06/25/20,Minnow,1184
06/25/20,Fukui,365
06/25/20,Fukui,24
06/25/20,Minnow,129
06/25/20,Fukui,608
06/25/20,Minnow,75
06/25/20,Fukui,572
06/25/20,Minnow,1073
06/25/20,Fukui,644
06/25/20,Minnow,1183
06/25/20,Fukui,633
06/25/20,Minnow,80
06/25/20,Fukui,6
06/25/20,Minnow,85
06/25/20,Fukui,4
06/25/20,Minnow,150
06/25/20,Fukui,3
06/25/20,Minnow,136
06/25/20,Fukui,16
06/25/20,Minnow,389
06/25/20,Fukui,2
06/25/20,Minnow,1060
06/25/20,Minnow,92
06/25/20,Fukui,45
06/25/20,Minnow,1059
06/25/20,Fukui,653
06/25/20,Minnow,378
06/25/20,Fukui,574
06/25/20,Fukui,1143
06/25/20,Minnow,1381
07/08/20,Fukui,616
07/08/20,Minnow,134
07/08/20,Fukui,574
07/08/20,Minnow,73
07/08/20,Fukui,22
07/08/20,Minnow,389
07/08/20,Fukui,572
07/08/20,Minnow,133
07/08/20,Fukui,3
07/08/20,Minnow,378
07/08/20,Fukui,7
07/08/20,Minnow,65
07/10/20,Minnow,1381
07/10/20,Fukui,604
07/10/20,Minnow,1063
07/10/20,Fukui,624
07/10/20,Minnow,1059
07/10/20,Fukui,1147
07/10/20,Minnow,1198
07/10/20,Fukui,618
07/10/20,Fukui,367
07/10/20,Minnow,68
07/10/20,Fukui,12
07/10/20,Minnow,70
07/10/20,Fukui,15
07/10/20,Minnow,132
07/10/20,Minnow,80
07/10/20,Fukui,619
07/10/20,Minnow,1073
07/10/20,Fukui,627
07/10/20,Minnow,685
07/10/20,Fukui,364
07/10/20,Minnow,95
07/10/20,Fukui,46
07/10/20,Fukui,366
07/10/20,Minnow,92
07/10/20,Minnow,81
07/10/20,Fukui,628
07/10/20,Fukui,19
07/10/20,Minnow,85
07/09/20,Minnow,1184
07/09/20,Fukui,635
07/09/20,Minnow,1176
07/09/20,Fukui,648
07/09/20,Fukui,1143
07/09/20,Minnow,131
07/09/20,Minnow,75
07/09/20,Fukui,4
07/09/20,Minnow,129
07/09/20,Fukui,638
07/08/20,Minnow,1069
07/08/20,Fukui,640
07/08/20,Minnow,1148
07/08/20,Minnow,1142
07/08/20,Fukui,621
07/08/20,Fukui,2
07/08/20,Minnow,1071
07/08/20,Fukui,8
07/08/20,Fukui,21
07/09/20,Fukui,603
07/09/20,Minnow,98
07/08/20,Minnow,100
07/08/20,Fukui,625
07/08/20,Minnow,150
07/08/20,Fukui,23
07/08/20,Minnow,1060
07/08/20,Fukui,570
07/08/20,Minnow,136
07/08/20,Fukui,1
07/08/20,Minnow,1183
07/08/20,Fukui,20
07/09/20,Fukui,612
07/09/20,Fukui,623
07/09/20,Fukui,609
07/09/20,Fukui,573
07/09/20,Fukui,1141
07/09/20,Fukui,608
07/09/20,Fukui,16
07/09/20,Fukui,633
07/09/20,Fukui,636
07/09/20,Fukui,24
07/09/20,Fukui,381
07/09/20,Fukui,368
07/09/20,Fukui,369
07/09/20,Fukui,365
07/09/20,Fukui,384
07/09/20,Minnow,63
07/09/20,Minnow,51
07/09/20,Minnow,72
07/09/20,Minnow,1178
07/09/20,Minnow,50
07/09/20,Minnow,1368
07/09/20,Minnow,373
07/09/20,Minnow,1187
07/09/20,Minnow,1181
07/09/20,Minnow,1372
07/08/20,Minnow,138
07/08/20,Minnow,1367
07/08/20,Fukui,45
07/08/20,Fukui,6
07/08/20,Minnow,1385
07/08/20,Fukui,644
07/08/20,Minnow,394
07/08/20,Fukui,620
07/08/20,Minnow,1065
07/08/20,Fukui,645
07/08/20,Minnow,1193
07/08/20,Fukui,1144
07/08/20,Minnow,584
07/08/20,Fukui,11
07/08/20,Minnow,96
07/08/20,Fukui,18
07/08/20,Minnow,57
07/08/20,Fukui,629
07/08/20,Minnow,1062
07/09/20,Minnow,134
07/09/20,Fukui,616
07/09/20,Minnow,73
07/09/20,Fukui,574
07/09/20,Minnow,389
07/09/20,Fukui,3
07/09/20,Minnow,65
07/09/20,Fukui,572
07/09/20,Minnow,378
07/09/20,Fukui,7
07/09/20,Minnow,133
07/09/20,Fukui,22
07/09/20,Minnow,1071
07/09/20,Minnow,1069
07/09/20,Minnow,1148
07/09/20,Fukui,21
07/09/20,Fukui,621
07/09/20,Fukui,2
07/09/20,Minnow,1142
07/09/20,Fukui,8
07/09/20,Fukui,640
07/09/20,Fukui,620
07/09/20,Fukui,644
07/09/20,Fukui,6
07/09/20,Minnow,1367
07/09/20,Minnow,57
07/09/20,Minnow,1065
07/09/20,Minnow,138
07/09/20,Minnow,96
07/09/20,Minnow,394
07/09/20,Fukui,45
07/15/20,Minnow,1378-P
07/15/20,Fukui,168-Y
07/15/20,Minnow,1068-P
07/15/20,Fukui,137-Y
07/15/20,Minnow,1150-B
07/15/20,Fukui,172-Y
07/15/20,Minnow,377-R
07/15/20,Fukui,121-Y
07/15/20,Fukui,118-Y
07/15/20,Minnow,61-P
07/15/20,Fukui,128-Y
07/15/20,Minnow,1382-P
07/15/20,Fukui,110-Y
07/15/20,Minnow,1149-B
07/15/20,Minnow,375-R
07/15/20,Fukui,125-Y
07/15/20,Minnow,1070-B
07/15/20,Fukui,104-Y
07/15/20,Minnow,1190-B
07/15/20,Fukui,155-Y
07/15/20,Minnow,60-P
07/15/20,Fukui,187-Y
07/15/20,Fukui,131-Y
07/15/20,Minnow,1387-P
07/15/20,Minnow,139-P
07/15/20,Fukui,141-Y
07/15/20,Fukui,119-Y
07/15/20,Minnow,1383-P
07/15/20,Minnow,49-P
07/15/20,Fukui,169-Y
07/15/20,Minnow,1145-B
07/15/20,Fukui,130-Y
07/15/20,Minnow,1182-B
07/15/20,Fukui,115-Y
07/15/20,Minnow,1179-B
07/15/20,Fukui,145-Y
07/15/20,Minnow,1177-B
07/15/20,Fukui,154-Y
07/15/20,Minnow,1180-B
07/15/20,Fukui,153-Y
07/15/20,Fukui,111-Y
07/15/20,Minnow,64-P
07/15/20,Fukui,129-Y
07/15/20,Minnow,57-P
07/15/20,Fukui,184-Y
07/15/20,Minnow,674-P
07/15/20,Fukui,142-Y
07/15/20,Minnow,394-R
07/15/20,Fukui,160-Y
07/15/20,Minnow,85-P
07/22/20,Fukui,620-P
07/22/20,Minnow,1383-P
07/22/20,Fukui,2-P
07/22/20,Minnow,1070-B
07/22/20,Fukui,46-P
07/22/20,Minnow,377-R
07/22/20,Fukui,644-P
07/22/20,Minnow,1145-B
07/22/20,Fukui,603-P
07/22/20,Minnow,1150-B
07/22/20,Fukui,21-P
07/22/20,Minnow,49-P
07/24/20,Minnow,60-P
07/24/20,Fukui,3-P
07/24/20,Minnow,64-P
07/24/20,Fukui,369-R
07/24/20,Minnow,394-R
07/24/20,Fukui,8-P
07/24/20,Minnow,1182-B
07/24/20,Fukui,7-P
07/24/20,Fukui,365-R
07/24/20,Minnow,139-P
07/24/20,Fukui,16-P
07/24/20,Minnow,1179-B
07/24/20,Fukui,11-P
07/24/20,Minnow,1180-B
07/24/20,Minnow,1190-B
07/24/20,Fukui,384-R
07/24/20,Minnow,1177-B
07/24/20,Fukui,4-P
07/24/20,Minnow,1387-P
07/24/20,Fukui,22-P
07/24/20,Minnow,1378-P
07/24/20,Fukui,381-R
07/24/20,Fukui,24-P
07/24/20,Minnow,674-P
07/24/20,Minnow,1068-B
07/24/20,Fukui,633-P
07/24/20,Fukui,636-P
07/24/20,Minnow,375-R
07/22/20,Minnow,1071-B
07/22/20,Minnow,138-P
07/22/20,Minnow,1184-B
07/22/20,Minnow,131-P
07/22/20,Minnow,1065-B
07/22/20,Minnow,1183-B
07/22/20,Minnow,65-P
07/22/20,Minnow,1367-P
07/22/20,Minnow,113-P
07/22/20,Minnow,129-P
07/22/20,Fukui,19-P
07/22/20,Fukui,18-P
07/22/20,Fukui,1143-B
07/22/20,Fukui,608-P
07/22/20,Fukui,20-P
07/22/20,Fukui,1147-B
07/22/20,Fukui,640-P
07/22/20,Fukui,45-P
07/22/20,Fukui,6-P
07/22/20,Fukui,366-R
07/22/20,Fukui,604-P
07/22/20,Fukui,635-P
07/22/20,Fukui,1-P
07/22/20,Fukui,1141-B
07/22/20,Fukui,616-P
07/21/20,Minnow,73-P
07/21/20,Fukui,527-P
07/21/20,Minnow,1059-B
07/21/20,Fukui,368-R
07/21/20,Minnow,150-P
07/21/20,Fukui,638-P
07/21/20,Minnow,1382-P
07/21/20,Fukui,612-P
07/21/20,Minnow,685-P
07/21/20,Fukui,629-P
07/21/20,Minnow,1176-B
07/21/20,Fukui,573-P
07/21/20,Minnow,378-R
07/21/20,Fukui,609-P
07/21/20,Minnow,98-P
07/21/20,Fukui,619-P
07/21/20,Minnow,51-P
07/21/20,Fukui,15-P
07/22/20,Minnow,1381-P
07/22/20,Fukui,627-P
07/22/20,Minnow,1063-B
07/22/20,Fukui,367-R
07/22/20,Minnow,52-P
07/22/20,Fukui,618-P
07/22/20,Minnow,1198-B
07/22/20,Fukui,648-P
07/22/20,Minnow,95-P
07/22/20,Fukui,624-P
07/21/20,Fukui,364-R
07/21/20,Minnow,1062-B
07/21/20,Fukui,12-P
07/21/20,Minnow,1073-B
07/21/20,Fukui,574-P
07/21/20,Minnow,80-P
07/21/20,Fukui,621-P
07/21/20,Minnow,57-P
07/21/20,Fukui,628-P
07/21/20,Minnow,395-R
07/21/20,Fukui,570-P
07/21/20,Minnow,373-R
07/21/20,Minnow,85-P
07/21/20,Fukui,23-P
07/21/20,Minnow,61-P
07/21/20,Fukui,1144-B
07/21/20,Minnow,1149-B
07/21/20,Fukui,645-P
07/22/20,Minnow,73-P
07/22/20,Fukui,572-P
07/22/20,Minnow,1059-B
07/22/20,Fukui,638-P
07/22/20,Minnow,150-P
07/22/20,Fukui,368-R
07/22/20,Fukui,573-P
07/22/20,Minnow,395-R
07/22/20,Fukui,609-P
07/22/20,Minnow,373-R
07/22/20,Fukui,629-P
07/22/20,Minnow,1149-B
07/22/20,Fukui,15-P
-,Minnow,61-P
-,Fukui,612-P
07/22/20,Minnow,85-P
07/22/20,Fukui,619-P
07/22/20,Minnow,57-P
07/23/20,Fukui,620-P
07/23/20,Minnow,1070-B
07/23/20,Fukui,46-P
07/23/20,Minnow,1145-B
07/23/20,Fukui,2-P
07/23/20,Minnow,1383-P
07/23/20,Fukui,644-P
07/23/20,Minnow,1050-B
07/23/20,Fukui,21-P
07/23/20,Minnow,377-R
07/23/20,Fukui,603-P
07/23/20,Minnow,49-P
07/24/20,Fukui,616-P
07/24/20,Fukui,20-P
07/24/20,Fukui,1-P
07/24/20,Fukui,640-P
07/24/20,Fukui,1147-B
07/24/20,Fukui,45-P
07/24/20,Fukui,366-R
07/24/20,Fukui,608-P
07/24/20,Fukui,635-P
07/24/20,Fukui,6-P
07/24/20,Fukui,1141-B
07/24/20,Fukui,1143-B
07/24/20,Fukui,18-P
07/24/20,Fukui,604-P
07/24/20,Fukui,19-P
07/31/20,Minnow,1366-P
07/31/20,Fukui,570-P
07/31/20,Minnow,1370-P
07/31/20,Fukui,367-R
07/31/20,Minnow,1369-P
07/31/20,Fukui,624-P
07/31/20,Minnow,1386-P
07/31/20,Fukui,23-P
07/31/20,Minnow,1390-P
07/31/20,Fukui,21-P
07/31/20,Minnow,149-P
07/31/20,Fukui,619-P
07/31/20,Minnow,1371-P
07/31/20,Fukui,6-P
07/31/20,Minnow,140-P
07/31/20,Fukui,608-P
07/31/20,Minnow,147-P
07/31/20,Fukui,574-P
07/31/20,Minnow,146-P
07/31/20,Minnow,83-P
07/31/20,Fukui,46-P
07/31/20,Minnow,141-P
07/31/20,Fukui,623-P
07/31/20,Minnow,143-P
07/31/20,Fukui,1144-B
07/31/20,Fukui,22-P
07/31/20,Minnow,135-P
07/30/20,Minnow,27-P
07/31/20,Fukui,365-R
07/31/20,Minnow,142-P
07/31/20,Fukui,15-P
07/31/20,Fukui,381-R
07/31/20,Minnow,145-P
07/31/20,Fukui,628-P
07/31/20,Minnow,144-P
07/31/20,Fukui,384-R
07/31/20,Minnow,1388-P
07/31/20,Fukui,12-P
07/30/20,Fukui,369-R
07/30/20,Minnow,1389-P
07/30/20,4-Way Shrimp,105-Y
07/30/20,4-Way Shrimp,106-Y
07/31/20,Minnow,27-P
07/31/20,Fukui,369-R
07/31/20,Minnow,1389-P
08/05/20,Fukui,1-P
08/05/20,Minnow,96-P
08/05/20,Fukui,381-R
08/05/20,Minnow,1142-B
08/05/20,Fukui,366-R
08/05/20,Minnow,685-P
08/05/20,Fukui,15-P
08/05/20,Minnow,1382-P
08/05/20,Fukui,1141-B
08/05/20,Minnow,136-P
08/05/20,Fukui,1143-B
08/05/20,Minnow,1378-P
08/07/20,Minnow,51-P
08/07/20,Fukui,608-P
08/07/20,Minnow,1062-B
08/07/20,Fukui,21-P
08/07/20,Minnow,1059-B
08/07/20,Fukui,46-P
08/07/20,Minnow,138-P
08/07/20,Fukui,624-P
08/07/20,Fukui,628-P
08/07/20,Minnow,1373-P
08/07/20,Fukui,384-R
08/07/20,Minnow,1367-P
08/07/20,Fukui,574-P
08/07/20,Minnow,1071-B
08/07/20,Minnow,98-P
08/07/20,Fukui,6-P
08/07/20,Minnow,379-R
08/07/20,Fukui,22-P
08/07/20,Minnow,57-P
08/07/20,Fukui,365-R
08/07/20,Minnow,80-P
08/07/20,Fukui,619-P
08/07/20,Fukui,570-P
08/07/20,Minnow,131-P
08/07/20,Minnow,1176-B
08/07/20,Fukui,623-P
08/07/20,Fukui,1144-B
08/07/20,Minnow,378-R
08/05/20,Minnow,135-P
08/05/20,Fukui,18-P
08/05/20,Minnow,142-P
08/05/20,Fukui,16-P
08/05/20,Minnow,141-P
08/05/20,Fukui,4-P
08/05/20,Minnow,145-P
08/05/20,Fukui,7-P
08/05/20,Minnow,143-P
08/05/20,Fukui,604-P
08/06/20,Fukui,1147-B
08/06/20,Fukui,23-P
08/06/20,Fukui,640-P
08/06/20,Fukui,12-P
08/06/20,Fukui,367-R
08/06/20,Fukui,3-P
08/06/20,Fukui,609-P
08/06/20,Fukui,11-P
08/06/20,Fukui,369-R
08/06/20,Fukui,627-P
08/06/20,Fukui,45-P
08/06/20,Fukui,645-P
08/06/20,Fukui,368-R
08/06/20,Fukui,19-P
08/06/20,Fukui,618-P
08/05/20,Minnow,1369-P
08/05/20,Minnow,1371-P
08/05/20,Minnow,1366-P
08/05/20,Minnow,1390-P
08/05/20,Minnow,140-P
08/05/20,Minnow,1370-P
08/05/20,Minnow,149-P
08/05/20,Minnow,27-P
08/05/20,Minnow,1386-P
08/05/20,Minnow,147-P
08/05/20,Fukui,638-P
08/05/20,Minnow,134-P
08/05/20,Fukui,621-P
08/05/20,Minnow,1072-B
08/05/20,Fukui,648-P
08/05/20,Minnow,130-P
08/05/20,Fukui,573-P
08/05/20,Minnow,1148-B
08/05/20,Fukui,572-P
08/05/20,Minnow,389-R
08/06/20,Minnow,371-R
08/06/20,Minnow,1066-B
08/06/20,Minnow,126-P
08/06/20,Minnow,388-R
08/05/20,Minnow,75-P
08/05/20,Fukui,160-Y
08/05/20,Minnow,1177-B
08/05/20,Fukui,143-Y
08/05/20,Minnow,394-R
08/05/20,Fukui,155-Y
08/05/20,Minnow,1179-B
08/05/20,Fukui,616-P
08/05/20,Minnow,1372-P
08/05/20,Fukui,118-Y
08/05/20,Minnow,59-P
08/05/20,Fukui,2-P
08/05/20,Minnow,1060-B
08/05/20,Fukui,24-P
08/05/20,Minnow,1385-P
08/05/20,Fukui,633-P
08/05/20,Minnow,1181-B
08/05/20,Fukui,108-Y
08/05/20,Minnow,72-P
08/05/20,Fukui,149-Y
08/05/20,Minnow,1180-B
08/05/20,Fukui,8-P
08/05/20,Minnow,1145-B
08/05/20,Fukui,635-P
08/05/20,Minnow,1383-P
08/05/20,Fukui,135-Y
08/05/20,Minnow,1182-B
08/05/20,Fukui,644-P
08/05/20,Minnow,60-P
08/05/20,Fukui,20-P
08/06/20,Minnow,1378-P
08/06/20,Fukui,1141-B
08/06/20,Minnow,1382-P
08/06/20,Fukui,15-P
08/06/20,Minnow,136-P
08/06/20,Fukui,1143-B
08/06/20,Minnow,685-P
08/06/20,Fukui,1-P
08/06/20,Minnow,96-P
08/06/20,Fukui,381-R
08/06/20,Minnow,1142-B
08/06/20,Fukui,366-R
08/06/20,Fukui,4-P
08/06/20,Minnow,142-P
08/06/20,Fukui,16-P
08/06/20,Minnow,141-P
08/06/20,Fukui,604-P
08/06/20,Minnow,143-P
08/06/20,Fukui,7-P
08/06/20,Minnow,135-P
08/06/20,Fukui,18-P
08/06/20,Minnow,145-P
08/07/20,Minnow,1378-P
08/07/20,Fukui,1141-B
08/14/20,Minnow,1071-B
08/14/20,Fukui,628-P
08/14/20,Minnow,1062-B
08/14/20,Fukui,623-P
08/14/20,Minnow,126-P
08/14/20,Fukui,46-P
08/14/20,Minnow,141-P
08/14/20,Fukui,608-P
08/14/20,Fukui,384-R
08/14/20,Minnow,138-P
08/14/20,Fukui,574-P
08/14/20,Minnow,131-P
08/14/20,Fukui,365-R
08/14/20,Minnow,142-P
08/14/20,Minnow,143-P
08/14/20,Fukui,570-P
08/14/20,Minnow,1060-B
08/14/20,Fukui,1144-B
08/14/20,Minnow,1199-B
08/14/20,Fukui,6-P
08/14/20,Minnow,51-P
08/14/20,Fukui,619-P
08/14/20,Fukui,1141-B
08/14/20,Minnow,371-R
08/14/20,Minnow,1390-P
08/14/20,Fukui,624-P
08/14/20,Fukui,22-P
08/14/20,Minnow,374-R
08/19/20,Fukui,16-P
08/19/20,Minnow,138-P
08/19/20,Fukui,572-P
08/19/20,Minnow,142-P
08/19/20,Fukui,616-P
08/19/20,Minnow,50-P
08/19/20,Fukui,367-R
08/19/20,Minnow,1187-B
08/19/20,Fukui,648-P
08/19/20,Minnow,1184-B
08/19/20,Fukui,635-P
08/19/20,Minnow,131-P
08/21/20,Minnow,373-R
08/21/20,Fukui,22-P
08/21/20,Minnow,133-P
08/21/20,Fukui,384-R
08/21/20,Minnow,1372-P
08/21/20,Fukui,624-P
08/21/20,Minnow,1073-B
08/21/20,Fukui,574-P
08/21/20,Fukui,628-P
08/21/20,Minnow,129-P
08/21/20,Fukui,46-P
08/21/20,Minnow,1149-B
08/21/20,Fukui,1144-B
08/21/20,Minnow,85-P
08/21/20,Minnow,394-R
08/21/20,Fukui,608-P
08/21/20,Minnow,1179-B
08/21/20,Fukui,619-P
08/21/20,Minnow,59-P
08/21/20,Fukui,365-R
08/21/20,Minnow,1069-B
08/21/20,Fukui,1141-B
08/21/20,Fukui,623-P
08/21/20,Minnow,128-P
08/21/20,Fukui,570-P
08/21/20,Minnow,1177-B
08/21/20,Fukui,6-P
08/21/20,Minnow,395-R
08/19/20,Minnow,1382-P
08/19/20,Fukui,20-P
08/19/20,Minnow,1182-B
08/19/20,Fukui,368-R
08/19/20,Minnow,1383-P
08/19/20,Fukui,369-R
08/19/20,Minnow,1148-B
08/19/20,Fukui,627-P
08/19/20,Minnow,96-P
08/19/20,Fukui,132-Y
08/19/20,Fukui,381-R
08/19/20,Fukui,604-P
08/19/20,Fukui,366-R
08/19/20,Fukui,18-P
08/19/20,Fukui,2-P
08/19/20,Fukui,1143-B
08/19/20,Fukui,618-P
08/19/20,Fukui,19-P
08/19/20,Fukui,7-P
08/19/20,Fukui,143-Y
08/19/20,Fukui,4-P
08/19/20,Fukui,23-P
08/19/20,Fukui,640-P
08/19/20,Fukui,15-P
08/19/20,Fukui,1147-B
08/19/20,Minnow,1190-B
08/19/20,Minnow,1387-P
08/19/20,Minnow,100-P
08/19/20,Minnow,1178-P
08/19/20,Minnow,63-P
08/19/20,Minnow,64-P
08/19/20,Minnow,1193-B
08/19/20,Minnow,139-P
08/19/20,Minnow,1368-P
08/19/20,Minnow,584-P
08/20/20,Fukui,108-Y
08/19/20,Minnow,145-P
08/19/20,Fukui,11-P
08/19/20,Minnow,134-P
08/19/20,Fukui,3-P
08/19/20,Minnow,135-P
08/19/20,Fukui,8-P
08/19/20,Minnow,141-P
08/19/20,Fukui,609-P
08/19/20,Minnow,378-R
08/19/20,Fukui,119-Y
08/19/20,Minnow,143-P
08/19/20,Fukui,364-R
08/19/20,Minnow,1062-B
08/19/20,Fukui,603-P
08/19/20,Minnow,1199-B
08/19/20,Fukui,625-P
08/19/20,Minnow,1390-P
08/19/20,Fukui,149-Y
08/19/20,Minnow,685-P
08/19/20,Fukui,645-P
08/19/20,Minnow,1066-B
08/19/20,Fukui,638-P
08/19/20,Minnow,388-R
08/19/20,Fukui,24-P
08/19/20,Minnow,136-P
08/19/20,Fukui,573-P
08/19/20,Minnow,1072-B
08/19/20,Fukui,644-P
08/19/20,Minnow,1142-B
08/19/20,Fukui,633-P
08/19/20,Minnow,1060-B
08/19/20,Fukui,155-Y
08/19/20,Minnow,1071-B
08/19/20,Fukui,45-P
08/19/20,Minnow,51-P
08/20/20,Fukui,16-P
08/20/20,Fukui,616-P
08/20/20,Minnow,131-P
08/20/20,Fukui,635-P
08/20/20,Minnow,138-P
08/20/20,Fukui,572-P
08/20/20,Minnow,142-P
08/20/20,Minnow,1184-B
08/20/20,Fukui,648-P
08/20/20,Minnow,1187-B
08/20/20,Minnow,50-P
08/20/20,Fukui,367-R
08/20/20,Minnow,145-P
08/20/20,Fukui,3-P
08/20/20,Minnow,134-P
08/20/20,Fukui,11-P
08/20/20,Minnow,135-P
08/20/20,Fukui,381-R
08/20/20,Minnow,1387-P
08/20/20,Fukui,19-P
08/20/20,Minnow,139-P
08/20/20,Fukui,1143-B
08/20/20,Minnow,1368-P
08/20/20,Fukui,15-P
08/20/20,Minnow,1190-B
08/20/20,Fukui,143-Y
08/20/20,Minnow,1193-B
08/20/20,Fukui,23-P
08/20/20,Minnow,584-P
08/20/20,Fukui,618-P
08/20/20,Minnow,100-P
08/20/20,Fukui,2-P
08/20/20,Minnow,1178-B
08/20/20,Fukui,366-P
08/20/20,Minnow,63-P
08/20/20,Fukui,604-P
08/20/20,Minnow,64-P
08/20/20,Fukui,18-P
08/20/20,Fukui,7-P
08/20/20,Fukui,1147-B
08/20/20,Fukui,4-P
08/20/20,Fukui,638-P
08/20/20,Minnow,685-P
08/20/20,Fukui,640-P
08/20/20,Minnow,388-R
08/20/20,Fukui,149-Y
08/20/20,Minnow,1066-B
08/20/20,Fukui,645-P
08/21/20,Fukui,572-P
08/28/20,Minnow,1179-B
08/28/20,Fukui,132-Y
08/28/20,Minnow,144-P
08/28/20,Fukui,609-P
08/28/20,Minnow,1067-B
08/28/20,Fukui,366-R
08/28/20,Minnow,146-P
08/28/20,Fukui,19-P
08/28/20,Fukui,364-R
08/28/20,Minnow,371-R
08/28/20,Fukui,8-P
08/28/20,Minnow,1388-P
08/28/20,Fukui,143-Y
08/28/20,Minnow,1389-P
08/28/20,Minnow,74-P
08/28/20,Fukui,119-Y
08/28/20,Minnow,83-P
08/28/20,Fukui,367-R
08/28/20,Minnow,89-P
08/28/20,Fukui,1143-B
08/28/20,Minnow,1060-B
08/28/20,Fukui,20-P
08/28/20,Fukui,638-P
08/28/20,Minnow,1072-B
08/28/20,Minnow,51-P
08/28/20,Fukui,15-P
08/28/20,Fukui,149-Y
08/28/20,Minnow,1068-B
09/02/20,Fukui,640-P
09/02/20,Minnow,50-P
09/02/20,Fukui,619-P
09/02/20,Minnow,388-R
09/02/20,Fukui,623-P
09/02/20,Minnow,145-P
09/02/20,Fukui,4-P
09/02/20,Minnow,135-P
09/02/20,Fukui,618-P
09/02/20,Minnow,138-P
09/02/20,Fukui,570-P
09/02/20,Minnow,1187-B
09/04/20,Minnow,89-P
09/04/20,Fukui,143-Y
09/04/20,Minnow,1068-B
09/04/20,Fukui,367-R
09/04/20,Minnow,371-R
09/04/20,Fukui,369-R
09/04/20,Minnow,1389-P
09/04/20,Fukui,20-P
09/04/20,Fukui,627-P
09/04/20,Minnow,74-P
09/04/20,Fukui,160-Y
09/04/20,Minnow,1067-B
09/04/20,Fukui,15-P
09/04/20,Minnow,1060-B
09/04/20,Minnow,1072-B
09/04/20,Fukui,609-P
09/04/20,Minnow,83-P
09/04/20,Fukui,155-Y
09/04/20,Minnow,1179-B
09/04/20,Fukui,366-R
09/04/20,Minnow,51-P
09/04/20,Fukui,132-Y
09/02/20,Fukui,638-P
09/02/20,Minnow,1388-P
09/02/20,Minnow,146-P
09/02/20,Fukui,364-R
09/02/20,Fukui,8-P
09/02/20,Minnow,144-P
09/02/20,Minnow,1059-B
09/02/20,Fukui,16-P
09/02/20,Minnow,1378-P
09/02/20,Fukui,108-Y
09/02/20,Minnow,1367-P
09/02/20,Fukui,23-P
09/02/20,Minnow,126-P
09/02/20,Fukui,11-P
09/02/20,Minnow,57-P
09/02/20,Fukui,604-P
09/02/20,Fukui,21-P
09/02/20,Fukui,1143-B
09/02/20,Fukui,645-P
09/02/20,Fukui,7-P
09/02/20,Fukui,616-P
09/02/20,Fukui,19-P
09/02/20,Fukui,149-Y
09/02/20,Fukui,1147-B
09/02/20,Fukui,648-P
09/02/20,Fukui,119-Y
09/02/20,Fukui,22-P
09/02/20,Fukui,1141-B
09/02/20,Fukui,381-R
09/02/20,Fukui,1144-B
09/02/20,Fukui,3-P
09/02/20,Minnow,1386-P
09/02/20,Minnow,140-P
09/02/20,Minnow,60-P
09/02/20,Minnow,149-P
09/02/20,Minnow,1370-P
09/02/20,Minnow,1385-P
09/02/20,Minnow,130-P
09/02/20,Minnow,75-P
09/02/20,Minnow,1181-B
09/02/20,Minnow,27-P
09/03/20,Fukui,18-P
09/03/20,Minnow,59-P
09/03/20,Fukui,2-P
09/03/20,Minnow,1372-P
09/03/20,Fukui,636-P
09/03/20,Minnow,1366-P
09/03/20,Fukui,629-P
09/03/20,Minnow,80-P
09/03/20,Fukui,635-P
09/03/20,Minnow,1180-B
09/04/20,Fukui,8-P
09/04/20,Minnow,146-P
09/04/20,Fukui,638-P
09/04/20,Minnow,1388-P
09/04/20,Fukui,364-R
09/04/20,Minnow,144-P
09/03/20,Fukui,4-P
09/03/20,Minnow,1378-P
09/03/20,Fukui,570-P
09/03/20,Minnow,388-R
09/03/20,Fukui,23-P
09/03/20,Minnow,145-P
09/03/20,Fukui,619-P
09/03/20,Minnow,57-P
09/03/20,Fukui,16-P
09/03/20,Minnow,126-P
09/03/20,Minnow,135-P
09/03/20,Fukui,618-P
09/03/20,Fukui,623-P
09/03/20,Fukui,640-P
09/03/20,Minnow,1187-B
09/03/20,Minnow,50-P
09/03/20,Fukui,11-P
09/03/20,Minnow,138-P
09/03/20,Fukui,108-Y
09/03/20,Minnow,1059-B
09/03/20,Fukui,604-P
09/03/20,Minnow,1367-P
09/11/20,Minnow,60-P
09/11/20,Fukui,3-P
09/11/20,Minnow,75-P
09/11/20,Fukui,16-P
09/11/20,Minnow,1176-B
09/11/20,Fukui,618-P
09/11/20,Minnow,1370-P
09/11/20,Fukui,623-P
09/11/20,Fukui,381-R
09/11/20,Minnow,379-R
09/11/20,Fukui,570-P
09/11/20,Minnow,50-P
09/11/20,Fukui,368-R
09/11/20,Minnow,1367-P
09/11/20,Minnow,140-P
09/11/20,Fukui,621-P
09/11/20,Minnow,1373-P
09/11/20,Fukui,19-P
09/11/20,Minnow,135-P
09/11/20,Fukui,640-P
09/11/20,Minnow,145-P
09/11/20,Fukui,149-Y
09/11/20,Fukui,629-P
09/11/20,Minnow,1181-B
09/11/20,Minnow,98-P
09/11/20,Fukui,635-P
09/11/20,Fukui,1144-B
09/11/20,Minnow,138-P
09/15/20,Fukui,573-P
09/15/20,Minnow,1059-B
09/15/20,Fukui,620-P
09/15/20,Minnow,1372-P
09/15/20,Fukui,633-P
09/15/20,Minnow,27-P
09/15/20,Fukui,1-P
09/15/20,Minnow,1386-P
09/15/20,Fukui,12-P
09/15/20,Minnow,130-P
09/15/20,Fukui,45-P
09/15/20,Minnow,1187-B
09/16/20,Minnow,1370-P
09/16/20,Fukui,368-R
09/16/20,Minnow,135-P
09/16/20,Fukui,570-P
09/16/20,Minnow,1181-B
09/16/20,Fukui,635-R
09/16/20,Minnow,379-R
09/16/20,Fukui,3-P
09/16/20,Fukui,19-P
09/16/20,Minnow,1367-P
09/16/20,Fukui,623-P
09/16/20,Minnow,1373-P
09/16/20,Fukui,149-Y
09/16/20,Minnow,50-P
09/16/20,Minnow,1176-B
09/16/20,Fukui,1144-B
09/16/20,Minnow,75-P
09/16/20,Fukui,629-P
09/16/20,Minnow,138-P
09/16/20,Fukui,381-R
09/16/20,Minnow,140-P
09/16/20,Fukui,618-P
09/16/20,Fukui,640-P
09/16/20,Minnow,60-P
09/16/20,Minnow,145-P
09/16/20,Fukui,16-P
09/16/20,Fukui,621-P
09/16/20,Minnow,98-P
09/15/20,Minnow,126-P
09/15/20,Fukui,4-P
09/15/20,Minnow,1366-P
09/15/20,Fukui,648-P
09/15/20,Minnow,149-P
09/15/20,Fukui,1143-B
09/15/20,Minnow,1378-P
09/15/20,Fukui,619-P
09/15/20,Minnow,57-P
09/15/20,Fukui,7-P
09/15/20,Fukui,11-P
09/15/20,Fukui,636-P
09/15/20,Fukui,604-P
09/15/20,Fukui,1147-B
09/15/20,Fukui,18-P
09/15/20,Fukui,24-P
09/15/20,Fukui,1141-B
09/15/20,Fukui,625-P
09/15/20,Fukui,603-P
09/15/20,Fukui,644-P
09/15/20,Fukui,21-P
09/15/20,Fukui,23-P
09/15/20,Fukui,22-P
09/15/20,Fukui,616-P
09/15/20,Fukui,645-P
09/15/20,Minnow,139-P
09/15/20,Minnow,72-P
09/15/20,Minnow,134-P
09/15/20,Minnow,131-P
09/15/20,Minnow,142-P
09/15/20,Minnow,63-P
09/15/20,Minnow,147-P
09/15/20,Minnow,1145-B
09/15/20,Minnow,1371-P
09/15/20,Minnow,1369-P
09/16/20,Fukui,143-Y
09/16/20,Minnow,1387-P
09/16/20,Fukui,638-P
09/16/20,Minnow,1056-B
09/16/20,Fukui,609-P
09/16/20,Minnow,64-P
09/16/20,Fukui,169-Y
09/16/20,Minnow,74-P
09/16/20,Fukui,153-Y
09/16/20,Minnow,1178-B
09/16/20,Fukui,128-Y
09/16/20,Minnow,1368-P
09/16/20,Fukui,160-Y
09/16/20,Minnow,100-P
09/16/20,Fukui,129-Y
09/16/20,Minnow,1184-B
09/16/20,Fukui,155-Y
09/16/20,Minnow,1190-B
09/16/20,Fukui,172-Y
09/16/20,Minnow,1068-B
09/16/20,Fukui,367-R
09/16/20,Minnow,584-P
09/16/20,Fukui,369-R
09/16/20,Minnow,1193-B
09/16/20,Fukui,364-R
09/16/20,Fukui,633-P
09/16/20,Minnow,1372-P
09/16/20,Fukui,12-P
09/16/20,Minnow,1187-B
09/16/20,Fukui,573-P
09/16/20,Minnow,27-P
09/16/20,Fukui,620-P
09/16/20,Minnow,130-P
09/16/20,Fukui,1-P
09/16/20,Minnow,1386-P
09/16/20,Fukui,45-P
09/16/20,Minnow,1059-B
09/16/20,Fukui,7-P
09/16/20,Minnow,1366-P
09/16/20,Fukui,648-P
09/16/20,Minnow,149-P
09/16/20,Fukui,619-P
09/16/20,Minnow,57-P
09/30/20,Fukui,629-P
09/30/20,Fukui,11-P
09/30/20,Fukui,636-P
09/30/20,Fukui,648-P
09/30/20,Fukui,619-P
09/30/20,Fukui,19-P
09/30/20,Fukui,368-R
09/30/20,Fukui,12-P
09/30/20,Fukui,633-P
09/30/20,Fukui,573-P
09/30/20,Fukui,23-P
09/30/20,Fukui,625-P
09/30/20,Fukui,640-P
09/30/20,Fukui,16-P
09/30/20,Fukui,3-P
10/02/20,Minnow,1385-P
10/02/20,Fukui,1-P
10/02/20,Minnow,74-P
10/02/20,Fukui,1411-B
10/02/20,Minnow,1366-P
10/02/20,Fukui,381-R
10/02/20,Minnow,1180-B
10/02/20,Fukui,621-P
10/02/20,Fukui,570-P
10/02/20,Minnow,584-P
10/02/20,Fukui,149-Y
10/02/20,Minnow,149-P
10/02/20,Fukui,604-P
10/02/20,Minnow,80-P
10/02/20,Minnow,1372-P
10/02/20,Fukui,4-P
10/02/20,Minnow,1187-B
10/02/20,Fukui,618-P
10/02/20,Minnow,1068-B
10/02/20,Fukui,645-P
10/02/20,Minnow,1193-B
10/02/20,Fukui,1143-B
10/02/20,Fukui,616-P
10/02/20,Minnow,27-P
10/02/20,Minnow,388-R
10/02/20,Fukui,21-P
10/02/20,Fukui,1144-B
10/02/20,Minnow,57-P
09/29/20,Fukui,169-Y
09/29/20,Minnow,371-R
09/29/20,Fukui,128-Y
09/29/20,Minnow,59-P
09/29/20,Fukui,369-R
09/29/20,Minnow,89-P
09/29/20,Fukui,45-P
09/29/20,Minnow,1367-P
09/29/20,Fukui,7-P
09/29/20,Minnow,63-P
09/29/20,Fukui,620-P
09/29/20,Minnow,147-P
09/29/20,Fukui,367-R
09/29/20,Minnow,1142-B
09/29/20,Fukui,143-Y
09/29/20,Minnow,1071-B
09/29/20,Fukui,129-Y
09/29/20,Minnow,136-P
09/30/20,Fukui,620-P
09/30/20,Minnow,63-P
09/30/20,Fukui,45-P
09/30/20,Minnow,1367-P
09/30/20,Fukui,7-P
09/30/20,Minnow,147-P
09/30/20,Fukui,128-Y
09/30/20,Minnow,136-P
09/30/20,Fukui,143-Y
09/30/20,Minnow,1071-B
09/30/20,Fukui,169-Y
09/30/20,Minnow,59-P
09/30/20,Fukui,167-R
09/30/20,Minnow,371-R
09/30/20,Fukui,129-Y
09/30/20,Minnow,89-P
09/30/20,Fukui,369-R
09/30/20,Minnow,1142-B
09/30/20,Minnow,145-P
09/30/20,Minnow,137-P
09/30/20,Minnow,1178-B
09/30/20,Minnow,379-R
09/30/20,Minnow,130-P
09/30/20,Minnow,1387-P
09/30/20,Minnow,1378-P
09/30/20,Minnow,60-P
09/30/20,Minnow,1386-P
09/30/20,Minnow,1181-B
10/02/20,Fukui,636-P
10/02/20,Minnow,1387-P
10/02/20,Fukui,625-P
10/02/20,Minnow,89-P
10/02/20,Minnow,136-P
10/02/20,Fukui,3-P
10/02/20,Minnow,1386-P
10/02/20,Fukui,19-P
10/02/20,Minnow,60-P
10/02/20,Fukui,368-R
10/02/20,Minnow,1178-B
10/02/20,Fukui,573-P
10/02/20,Minnow,63-P
10/02/20,Fukui,45-P
10/02/20,Minnow,1142-B
10/02/20,Fukui,619-P
10/02/20,Minnow,1071-B
10/02/20,Fukui,169-Y
10/02/20,Minnow,1181-B
10/02/20,Fukui,129-Y
10/02/20,Minnow,1378-P
10/02/20,Fukui,11-P
10/02/20,Minnow,130-P
10/02/20,Fukui,640-P
10/02/20,Minnow,1370-P
10/02/20,Fukui,633-P
10/02/20,Minnow,145-P
10/02/20,Fukui,620-P
10/02/20,Minnow,59-P
10/02/20,Fukui,629-P
10/02/20,Minnow,1367-P
10/14/20,Fukui,46-P
10/14/20,Minnow,1142-B
10/14/20,Fukui,572-P
10/14/20,Minnow,1071-B
10/14/20,Fukui,154-Y
10/14/20,Minnow,138-P
10/14/20,Fukui,142-Y
10/14/20,Minnow,57-P
10/14/20,Fukui,145-Y
10/14/20,Minnow,1178-B
10/14/20,Fukui,384-R
10/14/20,Minnow,1367-P
10/15/20,Minnow,1368-P
10/15/20,Fukui,121-Y
10/15/20,Minnow,59-P
10/15/20,Fukui,118-Y
10/15/20,Minnow,100-P
10/15/20,Fukui,6-P
10/15/20,Minnow,136-P
10/15/20,Fukui,24-P
10/15/20,Fukui,1141-B
10/15/20,Minnow,1387-P
10/15/20,Fukui,18-P
10/15/20,Minnow,1190-B
10/15/20,Fukui,635-P
10/15/20,Minnow,98-P
10/15/20,Minnow,89-P
10/15/20,Fukui,628-P
10/15/20,Minnow,1059-B
10/15/20,Fukui,22-P
10/15/20,Minnow,1386-P
10/15/20,Fukui,608-P
10/15/20,Minnow,1066-B
10/15/20,Fukui,624-P
10/15/20,Fukui,645-P
10/15/20,Minnow,379-R
10/15/20,Minnow,64-P
10/15/20,Fukui,570-P
10/15/20,Fukui,603-P
10/15/20,Minnow,1181-B
10/14/20,Minnow,50-P
10/14/20,Fukui,21-P
10/14/20,Minnow,1371-P
10/14/20,Fukui,604-P
10/14/20,Minnow,130-P
10/14/20,Fukui,623-P
10/14/20,Minnow,1373-P
10/14/20,Fukui,1143-B
10/14/20,Minnow,63-P
10/14/20,Fukui,381-R
10/14/20,Fukui,186-Y
10/14/20,Fukui,136-Y
10/14/20,Fukui,148-Y
10/14/20,Fukui,159-Y
10/14/20,Fukui,127-Y
10/14/20,Fukui,112-Y
10/14/20,Fukui,161-Y
10/14/20,Fukui,102-Y
10/14/20,Fukui,111-Y
10/14/20,Fukui,168-Y
10/14/20,Fukui,158-Y
10/14/20,Fukui,116-Y
10/14/20,Fukui,104-Y
10/14/20,Fukui,184-Y
10/14/20,Fukui,137-Y
10/14/20,Minnow,1148-B
10/14/20,Minnow,378-R
10/14/20,Minnow,1390-P
10/14/20,Minnow,96-P
10/14/20,Minnow,1382-P
10/14/20,Minnow,141-P
10/14/20,Minnow,143-P
10/14/20,Minnow,1199-B
10/14/20,Minnow,1062-B
10/14/20,Minnow,1182-B
10/13/20,Fukui,11-P
10/13/20,Minnow,149-P
10/13/20,Fukui,365-R
10/13/20,Minnow,1068-B
10/13/20,Fukui,16-P
10/13/20,Minnow,1385-P
10/13/20,Fukui,141-Y
10/13/20,Minnow,1372-P
10/13/20,Fukui,574-P
10/13/20,Minnow,1187-B
10/13/20,Fukui,110-Y
10/13/20,Minnow,27-P
10/13/20,Fukui,633-P
10/13/20,Minnow,1193-B
10/13/20,Fukui,130-Y
10/13/20,Minnow,1180-B
10/13/20,Fukui,638-P
10/13/20,Minnow,388-R
10/14/20,Minnow,75-P
10/14/20,Fukui,4-P
10/14/20,Minnow,142-P
10/14/20,Fukui,149-Y
10/14/20,Minnow,126-P
10/14/20,Fukui,621-P
10/13/20,Minnow,1198-B
10/13/20,Fukui,1-P
10/13/20,Minnow,140-P
10/13/20,Fukui,1147-B
10/13/20,Minnow,147-P
10/13/20,Fukui,616-P
10/13/20,Fukui,636-P
10/13/20,Minnow,145-P
10/13/20,Fukui,129-Y
10/13/20,Minnow,60-P
10/13/20,Fukui,629-P
10/13/20,Minnow,74-P
10/13/20,Minnow,1063-B
10/13/20,Fukui,366-R
10/13/20,Minnow,68-P
10/13/20,Fukui,8-P
10/13/20,Minnow,52-P
10/13/20,Fukui,160-Y
10/13/20,Minnow,186-P
10/13/20,Fukui,609-P
10/13/20,Minnow,132-P
10/13/20,Fukui,1257-Y
10/13/20,Minnow,1381-P
10/13/20,Fukui,172-Y
10/13/20,Minnow,377-R
10/13/20,Fukui,160-Y
10/13/20,Minnow,692-P
10/13/20,Fukui,155-Y
10/13/20,Minnow,65-P
10/13/20,Fukui,20-P
10/13/20,Minnow,81-P
10/13/20,Fukui,15-P
10/13/20,Minnow,70-P
10/13/20,Fukui,625-P
10/13/20,Minnow,49-P
10/13/20,Fukui,187-Y
10/13/20,Minnow,95-P
10/13/20,Fukui,2-P
10/13/20,Minnow,1145-B
10/13/20,Fukui,131-Y
10/13/20,Minnow,72-P
10/13/20,Fukui,648-P
10/13/20,Minnow,1378-P
10/13/20,Fukui,119-Y
10/13/20,Minnow,135-P
10/13/20,Fukui,640-P
10/13/20,Minnow,1150-B
10/13/20,Fukui,1144-B
10/13/20,Minnow,1070-B
10/13/20,Fukui,364-R
10/13/20,Minnow,371-R
10/13/20,Fukui,108-Y
10/13/20,Minnow,1370-P
10/13/20,Fukui,115-Y
10/13/20,Minnow,150-P
10/13/20,Fukui,644-P
10/13/20,Minnow,1065-B
10/13/20,Fukui,153-Y
10/13/20,Minnow,1183-B
10/13/20,Fukui,618-P
10/13/20,Minnow,73-P
10/13/20,Fukui,132-Y
10/15/20,Minnow,373-R
10/15/20,Fukui,640-P
10/15/20,Minnow,85-P
10/15/20,Fukui,186-Y
10/15/20,Minnow,1069-B
10/15/20,Fukui,149-Y
10/15/20,Minnow,394-R
10/15/20,Fukui,148-Y
10/15/20,Minnow,133-P
10/15/20,Fukui,187-Y
10/15/20,Minnow,1177-B
10/15/20,Fukui,159-Y
10/15/20,Minnow,395-R
10/15/20,Fukui,4-P
10/15/20,Minnow,128-P
10/15/20,Fukui,8-P
10/15/20,Minnow,1073-B
10/15/20,Fukui,119-Y
10/15/20,Minnow,129-P
10/15/20,Fukui,136-Y
10/15/20,Fukui,572-P
10/15/20,Minnow,138-P
10/15/20,Fukui,46-P
10/15/20,Minnow,1371-P
10/15/20,Fukui,142-Y
10/15/20,Minnow,50-P
10/15/20,Fukui,145-Y
10/15/20,Minnow,130-P
10/15/20,Fukui,384-R
10/15/20,Minnow,63-P
10/15/20,Fukui,154-Y
10/15/20,Minnow,1373-P
04/13/21,Minnow,1106-Y
04/13/21,Fukui,1357-G
04/13/21,Minnow,142-P
04/13/21,Fukui,1431-R
04/13/21,Minnow,668-P
04/13/21,Fukui,1495-R
04/13/21,Minnow,1481-R
04/13/21,Fukui,1122-B
04/13/21,Fukui,1452-R
04/13/21,Minnow,1084-Y
04/13/21,Fukui,1429-R
04/13/21,Minnow,688-P
04/13/21,Fukui,121-Y
04/13/21,Minnow,183-P
04/13/21,Minnow,1426-R
04/13/21,Fukui,1309-G
04/13/21,Minnow,1320-G
04/13/21,Fukui,22-P
04/13/21,Minnow,174-P
04/13/21,Fukui,611-P
04/13/21,Minnow,1178-B
04/13/21,Fukui,1187-Y
04/13/21,Fukui,1194-Y
04/13/21,Minnow,1131-Y
04/13/21,Minnow,57-P
04/13/21,Fukui,1121-B
04/13/21,Fukui,1311-G
04/13/21,Minnow,678-P
04/13/21,Minnow,1389-G
04/13/21,Fukui,1124-B
04/13/21,Minnow,1151-Y
04/13/21,Fukui,1408-R
04/13/21,Minnow,1399-G
04/13/21,Fukui,1406-R
04/13/21,Minnow,160-P
04/13/21,Fukui,1316-G
04/13/21,Minnow,1107-Y
04/13/21,Fukui,1314-G
04/13/21,Minnow,161-P
04/13/21,Fukui,1141-B
04/13/21,Minnow,158-P
04/13/21,Fukui,176-Y
04/13/21,Minnow,1323-G
04/13/21,Fukui,1436-R
04/13/21,Fukui,1358-G
04/13/21,Minnow,196-P
04/13/21,Fukui,1432-R
04/13/21,Minnow,1154-Y
04/13/21,Fukui,871-R
04/13/21,Minnow,1388-P
04/13/21,Minnow,1383-P
04/13/21,Fukui,164-Y
04/13/21,Minnow,658-P
04/13/21,Fukui,1394-G
04/13/21,Minnow,1182-B
04/13/21,Fukui,1101-Y
04/13/21,Minnow,1404-R
04/13/21,Fukui,177-Y
04/13/21,Minnow,141-P
04/13/21,Fukui,149-Y
04/13/21,Minnow,51-P
04/13/21,Fukui,1172-Y
04/13/21,Minnow,1378-P
04/13/21,Fukui,1304-G
04/13/21,Minnow,147-Y
04/13/21,Fukui,104-Y
04/13/21,Minnow,168-P
04/13/21,Fukui,1312-G
04/13/21,Minnow,1351-G
04/13/21,Fukui,581-P
04/13/21,Fukui,1361-G
04/13/21,Minnow,172-P
04/13/21,Fukui,12-P
04/13/21,Minnow,1427-R
04/13/21,Fukui,145-Y
04/13/21,Minnow,684-P
04/13/21,Fukui,367-R
04/13/21,Minnow,630-P
04/13/21,Fukui,20-P
04/13/21,Minnow,1425-R
04/13/21,Fukui,1136-B
04/13/21,Minnow,1467-R
04/13/21,Fukui,1489-R
04/13/21,Minnow,1413-R
04/13/21,Fukui,1356-G
04/13/21,Minnow,1397-P
04/13/21,Fukui,128-Y
04/13/21,Minnow,637-P
04/13/21,Fukui,573-P
04/13/21,Minnow,1148-B
04/13/21,Fukui,23-P
04/13/21,Minnow,1092-Y
04/13/21,Fukui,1190-Y
04/13/21,Minnow,173-Y
04/13/21,Fukui,1100-Y
04/13/21,Minnow,1142-B
04/13/21,Fukui,123-Y
04/13/21,Minnow,681-P
04/13/21,Fukui,115-Y
04/13/21,Minnow,166-P
04/14/21,Minnow,1106-Y
04/14/21,Fukui,1357-G
04/14/21,Minnow,142-P
04/14/21,Fukui,1431-R
04/14/21,Minnow,668-P
04/14/21,Fukui,1495-R
04/14/21,Minnow,1481-R
04/14/21,Fukui,1122-B
04/14/21,Fukui,1452-R
04/14/21,Minnow,1084-Y
04/14/21,Fukui,1429-R
04/14/21,Minnow,688-P
04/14/21,Fukui,121-Y
04/14/21,Minnow,183-P
04/14/21,Minnow,1426-R
04/14/21,Fukui,1309-G
04/14/21,Minnow,1320-G
04/14/21,Fukui,22-P
04/14/21,Minnow,174-P
04/14/21,Fukui,611-P
04/14/21,Minnow,1178-B
04/14/21,Fukui,1187-Y
04/14/21,Fukui,1194-Y
04/14/21,Minnow,1131-Y
04/14/21,Minnow,57-P
04/14/21,Fukui,1121-B
04/14/21,Fukui,1311-G
04/14/21,Minnow,678-P
04/14/21,Minnow,1389-G
04/14/21,Fukui,1124-B
04/14/21,Minnow,1151-Y
04/14/21,Fukui,1408-R
04/14/21,Minnow,1399-G
04/14/21,Fukui,1406-R
04/14/21,Minnow,160-P
04/14/21,Fukui,1316-G
04/14/21,Minnow,1107-Y
04/14/21,Fukui,1314-G
04/14/21,Minnow,161-P
04/14/21,Fukui,1141-B
04/14/21,Minnow,158-P
04/14/21,Fukui,176-Y
04/14/21,Minnow,1323-G
04/14/21,Fukui,1436-R
04/14/21,Fukui,1358-G
04/14/21,Minnow,196-P
04/14/21,Fukui,1432-R
04/14/21,Minnow,1154-Y
04/14/21,Fukui,871-R
04/14/21,Minnow,1388-P
04/14/21,Minnow,1383-P
04/14/21,Fukui,164-Y
04/14/21,Minnow,658-P
04/14/21,Fukui,1394-G
04/14/21,Minnow,1182-B
04/14/21,Fukui,1101-Y
04/14/21,Minnow,1404-R
04/14/21,Fukui,177-Y
04/14/21,Minnow,141-P
04/14/21,Fukui,149-Y
04/14/21,Minnow,51-P
04/14/21,Fukui,1172-Y
04/14/21,Minnow,1378-P
04/14/21,Fukui,1304-G
04/14/21,Minnow,147-Y
04/14/21,Fukui,104-Y
04/14/21,Minnow,168-P
04/14/21,Fukui,1312-G
04/14/21,Minnow,1351-G
04/14/21,Fukui,581-P
04/14/21,Fukui,1361-G
04/14/21,Minnow,172-P
04/14/21,Fukui,12-P
04/14/21,Minnow,1427-R
04/14/21,Fukui,145-Y
04/14/21,Minnow,684-P
04/14/21,Fukui,367-R
04/14/21,Minnow,630-P
04/14/21,Fukui,20-P
04/14/21,Minnow,1425-R
04/14/21,Fukui,1136-B
04/14/21,Minnow,1467-R
04/14/21,Fukui,1489-R
04/14/21,Minnow,1413-R
04/14/21,Fukui,1356-G
04/14/21,Minnow,1397-P
04/14/21,Fukui,128-Y
04/14/21,Minnow,637-P
04/14/21,Fukui,573-P
04/14/21,Minnow,1148-B
04/14/21,Fukui,23-P
04/14/21,Minnow,1092-Y
04/14/21,Fukui,1190-Y
04/14/21,Minnow,173-Y
04/14/21,Fukui,1100-Y
04/14/21,Minnow,1142-B
04/14/21,Fukui,123-Y
04/14/21,Minnow,681-P
04/14/21,Fukui,115-Y
04/14/21,Minnow,166-P
04/14/21,"Shrimp - 1/2""",107-Y
04/14/21,"Shrimp - 1/2""",106-Y
04/14/21,"Shrimp - 1/2""",105-Y
04/15/21,Minnow,1106-Y
04/15/21,Fukui,1357-G
04/15/21,Minnow,142-P
04/15/21,Fukui,1431-R
04/15/21,Minnow,668-P
04/15/21,Fukui,1495-R
04/15/21,Minnow,1481-R
04/15/21,Fukui,1122-B
04/15/21,Fukui,1452-R
04/15/21,Minnow,1084-Y
04/15/21,Fukui,1429-R
04/15/21,Minnow,688-P
04/15/21,Fukui,121-Y
04/15/21,Minnow,183-P
04/15/21,Minnow,1426-R
04/15/21,Fukui,1309-G
04/15/21,Minnow,1320-G
04/15/21,Fukui,22-P
04/15/21,Minnow,174-P
04/15/21,Fukui,611-P
04/15/21,Minnow,1178-B
04/15/21,Fukui,1187-Y
04/15/21,Fukui,1194-Y
04/15/21,Minnow,1131-Y
04/15/21,Minnow,57-P
04/15/21,Fukui,1121-B
04/15/21,Fukui,1311-G
04/15/21,Minnow,678-P
04/15/21,Minnow,1389-G
04/15/21,Fukui,1124-B
04/15/21,Minnow,1383-P
04/15/21,Fukui,164-Y
04/15/21,Minnow,658-P
04/15/21,Fukui,1394-G
04/15/21,Minnow,1182-B
04/15/21,Fukui,1101-Y
04/15/21,Minnow,1404-R
04/15/21,Fukui,177-Y
04/15/21,Minnow,141-P
04/15/21,Fukui,149-Y
04/15/21,Minnow,51-P
04/15/21,Fukui,1172-Y
04/15/21,Minnow,1378-P
04/15/21,Fukui,1304-G
04/15/21,Minnow,147-Y
04/15/21,Fukui,104-Y
04/15/21,Minnow,168-P
04/15/21,Fukui,1312-G
04/15/21,Minnow,1351-G
04/15/21,Fukui,581-P
04/15/21,Fukui,1361-G
04/15/21,Minnow,172-P
04/15/21,Fukui,12-P
04/15/21,Minnow,1427-R
04/15/21,Fukui,145-Y
04/15/21,Minnow,684-P
04/15/21,Fukui,367-R
04/15/21,Minnow,630-P
04/15/21,Fukui,20-P
04/15/21,Minnow,1425-R
04/15/21,Fukui,1136-B
04/15/21,Minnow,1467-R
04/15/21,Fukui,1489-R
04/15/21,Minnow,1413-R
04/15/21,Fukui,1356-G
04/15/21,Minnow,1397-P
04/15/21,Fukui,128-Y
04/15/21,Minnow,637-P
04/15/21,Fukui,573-P
04/15/21,Minnow,1148-B
04/15/21,Fukui,23-P
04/15/21,Minnow,1092-Y
04/15/21,Fukui,1190-Y
04/15/21,Minnow,173-Y
04/15/21,Fukui,1100-Y
04/15/21,Minnow,1142-B
04/15/21,Fukui,123-Y
04/15/21,Minnow,681-P
04/15/21,Fukui,115-Y
04/15/21,Minnow,166-P
04/16/21,Minnow,1106-Y
04/16/21,Fukui,1357-G
04/16/21,Minnow,142-P
04/16/21,Fukui,1431-R
04/16/21,Minnow,668-P
04/16/21,Fukui,1495-R
04/16/21,Minnow,1481-R
04/16/21,Fukui,1122-B
04/16/21,Fukui,1452-R
04/16/21,Minnow,1084-Y
04/16/21,Fukui,1429-R
04/16/21,Minnow,688-P
04/16/21,Fukui,121-Y
04/16/21,Minnow,183-P
04/16/21,Minnow,1426-R
04/16/21,Fukui,1309-G
04/16/21,Minnow,1320-G
04/16/21,Fukui,22-P
04/16/21,Minnow,174-P
04/16/21,Fukui,611-P
04/16/21,Minnow,1178-B
04/16/21,Fukui,1187-Y
04/16/21,Fukui,1194-Y
04/16/21,Minnow,1131-Y
04/16/21,Minnow,57-P
04/16/21,Fukui,1121-B
04/16/21,Fukui,1311-G
04/16/21,Minnow,678-P
04/16/21,Minnow,1389-G
04/16/21,Fukui,1124-B
04/16/21,Minnow,1383-P
04/16/21,Fukui,164-Y
04/16/21,Minnow,658-P
04/16/21,Fukui,1394-G
04/16/21,Minnow,1182-B
04/16/21,Fukui,1101-Y
04/16/21,Minnow,1404-R
04/16/21,Fukui,177-Y
04/16/21,Minnow,141-P
04/16/21,Fukui,149-Y
04/16/21,Minnow,51-P
04/16/21,Fukui,1172-Y
04/16/21,Minnow,1378-P
04/16/21,Fukui,1304-G
04/16/21,Minnow,147-Y
04/16/21,Fukui,104-Y
04/16/21,Minnow,168-P
04/16/21,Fukui,1312-G
04/16/21,Minnow,1351-G
04/16/21,Fukui,581-P
04/16/21,Fukui,1361-G
04/16/21,Minnow,172-P
04/16/21,Fukui,12-P
04/16/21,Minnow,1427-R
04/16/21,Fukui,145-Y
04/16/21,Minnow,684-P
04/16/21,Fukui,367-R
04/16/21,Minnow,630-P
04/16/21,Fukui,20-P
04/16/21,Minnow,1425-R
04/16/21,Fukui,1136-B
04/16/21,Minnow,1467-R
04/16/21,Fukui,1489-R
04/16/21,Minnow,1413-R
04/16/21,Fukui,1356-G
04/16/21,Minnow,1397-P
04/16/21,Fukui,128-Y
04/16/21,Minnow,637-P
04/16/21,Fukui,573-P
04/16/21,Minnow,1148-B
04/16/21,Fukui,23-P
04/16/21,Minnow,1092-Y
04/16/21,Fukui,1190-Y
04/16/21,Minnow,173-Y
04/16/21,Fukui,1100-Y
04/16/21,Minnow,1142-B
04/16/21,Fukui,123-Y
04/16/21,Minnow,681-P
04/16/21,Fukui,115-Y
04/16/21,Minnow,166-P
04/27/21,Minnow,154-P
04/27/21,Fukui,618-P
04/27/21,Minnow,1081-Y
04/27/21,Fukui,23-P
04/27/21,Minnow,73-P
04/27/21,Fukui,644-P
04/27/21,Minnow,1343-G
04/27/21,Fukui,176-P
04/27/21,Fukui,690-P
04/27/21,Minnow,75-P
04/27/21,Fukui,602-P
04/27/21,Minnow,1423-R
04/27/21,Fukui,19-P
04/27/21,Minnow,1388-P
04/27/21,Minnow,161-P
04/27/21,Fukui,619-P
04/27/21,Minnow,1323-G
04/27/21,Fukui,570-P
04/27/21,Minnow,160-P
04/27/21,Fukui,621-P
04/27/21,Minnow,1119-Y
04/27/21,Fukui,609-Y
04/27/21,Fukui,20-P
04/27/21,Minnow,139-Y
04/27/21,Minnow,1400-P
04/27/21,Fukui,574-P
04/27/21,Fukui,12-P
04/27/21,Minnow,185-Y
04/27/21,Minnow,158-P
04/27/21,Fukui,648-P
04/27/21,Minnow,668-P
04/27/21,Fukui,166-Y
04/27/21,Minnow,1320-G
04/27/21,Fukui,194-Y
04/27/21,Minnow,57-P
04/27/21,Fukui,115-Y
04/27/21,Minnow,1131-Y
04/27/21,Fukui,178-Y
04/27/21,Minnow,1404-R
04/27/21,Fukui,104-Y
04/27/21,Minnow,142-P
04/27/21,Fukui,184-Y
04/27/21,Minnow,1106-Y
04/27/21,Fukui,1156-Y
04/27/21,Minnow,1426-R
04/27/21,Fukui,1181-Y
04/27/21,Minnow,1178-B
04/27/21,Fukui,1100-Y
04/27/21,Minnow,141-P
04/27/21,Fukui,141-Y
04/27/21,Fukui,128-Y
04/27/21,Minnow,146-P
04/27/21,Fukui,176-Y
04/27/21,Minnow,184-P
04/27/21,Fukui,1172-Y
04/27/21,Minnow,1121-Y
04/27/21,Fukui,1175-Y
04/27/21,Minnow,1072-B
04/27/21,Fukui,148-Y
04/27/21,Minnow,182-Y
04/27/21,Fukui,1177-Y
04/27/21,Minnow,193-P
04/27/21,Fukui,145-Y
04/27/21,Minnow,192-P
04/27/21,Fukui,123-Y
04/27/21,Minnow,662-P
04/27/21,Fukui,121-Y
04/27/21,Minnow,157-P
04/27/21,Fukui,1190-Y
04/27/21,Minnow,35-P
04/27/21,Fukui,119-Y
04/27/21,Minnow,1399-G
04/27/21,Fukui,1167-Y
04/27/21,Minnow,1151-Y
04/27/21,Fukui,164-Y
04/27/21,Minnow,196-P
04/27/21,Fukui,1195-Y
04/27/21,Minnow,1107-Y
04/27/21,Fukui,1187-Y
04/27/21,Minnow,1154-Y
04/28/21,Minnow,154-P
04/28/21,Fukui,618-P
04/28/21,Minnow,1081-Y
04/28/21,Fukui,23-P
04/28/21,Minnow,73-P
04/28/21,Fukui,644-P
04/28/21,Minnow,1343-G
04/28/21,Fukui,176-P
04/28/21,Fukui,690-P
04/28/21,Minnow,75-P
04/28/21,Fukui,602-P
04/28/21,Minnow,1423-R
04/28/21,Fukui,19-P
04/28/21,Minnow,1388-P
04/28/21,Minnow,161-P
04/28/21,Fukui,619-P
04/28/21,Minnow,1323-G
04/28/21,Fukui,570-P
04/28/21,Minnow,160-P
04/28/21,Fukui,621-P
04/28/21,Minnow,1119-Y
04/28/21,Fukui,609-Y
04/28/21,Fukui,20-P
04/28/21,Minnow,139-Y
04/28/21,Minnow,1400-P
04/28/21,Fukui,574-P
04/28/21,Fukui,12-P
04/28/21,Minnow,185-Y
04/28/21,Minnow,158-P
04/28/21,Fukui,648-P
04/28/21,Minnow,668-P
04/28/21,Fukui,166-Y
04/28/21,Minnow,1320-G
04/28/21,Fukui,194-Y
04/28/21,Minnow,57-P
04/28/21,Fukui,115-Y
04/28/21,Minnow,1131-Y
04/28/21,Fukui,178-Y
04/28/21,Minnow,1404-R
04/28/21,Fukui,104-Y
04/28/21,Minnow,142-P
04/28/21,Fukui,184-Y
04/28/21,Minnow,1106-Y
04/28/21,Fukui,1156-Y
04/28/21,Minnow,1426-R
04/28/21,Fukui,1181-Y
04/28/21,Minnow,1178-B
04/28/21,Fukui,1100-Y
04/28/21,Minnow,141-P
04/28/21,Fukui,141-Y
04/28/21,Fukui,128-Y
04/28/21,Minnow,146-P
04/28/21,Fukui,176-Y
04/28/21,Minnow,184-P
04/28/21,Fukui,1172-Y
04/28/21,Minnow,1121-Y
04/28/21,Fukui,1175-Y
04/28/21,Minnow,1072-B
04/28/21,Fukui,148-Y
04/28/21,Minnow,182-Y
04/28/21,Fukui,1177-Y
04/28/21,Minnow,193-P
04/28/21,Fukui,145-Y
04/28/21,Minnow,192-P
04/28/21,Fukui,123-Y
04/28/21,Minnow,662-P
04/28/21,Fukui,121-Y
04/28/21,Minnow,157-P
04/28/21,Fukui,1190-Y
04/28/21,Minnow,35-P
04/28/21,Fukui,119-Y
04/28/21,Minnow,1399-G
04/28/21,Fukui,1167-Y
04/28/21,Minnow,1151-Y
04/28/21,Fukui,164-Y
04/28/21,Minnow,196-P
04/28/21,Fukui,1195-Y
04/28/21,Minnow,1107-Y
04/28/21,Fukui,1187-Y
04/28/21,Minnow,1154-Y
04/28/21,Fukui,1179-Y
04/28/21,Minnow,668-P
04/28/21,Fukui,1101-Y
04/28/21,Minnow,684-P
04/28/21,Minnow,168-P
04/28/21,Fukui,149-Y
04/28/21,Minnow,147-Y
04/28/21,Fukui,624-P
04/28/21,Minnow,678-P
04/28/21,Minnow,1084-Y
04/28/21,Fukui,187-Y
04/28/21,Fukui,1361-G
04/28/21,Minnow,1383-P
04/28/21,Fukui,133-Y
04/28/21,Minnow,174-P
04/28/21,Fukui,1188-Y
04/28/21,Fukui,177-Y
04/28/21,Minnow,630-P
04/28/21,Fukui,1194-Y
04/28/21,Minnow,172-P
04/28/21,Minnow,1092-Y
04/28/21,Fukui,581-P
04/28/21,Minnow,183-P
04/28/21,Fukui,22-P
04/28/21,Minnow,1378-P
04/28/21,Fukui,611-P
04/28/21,Minnow,1481-R
04/28/21,Fukui,572-P
04/28/21,Minnow,1351-G
04/28/21,Fukui,573-P
04/28/21,Minnow,1182-B
04/28/21,Fukui,1489-R
04/28/21,Minnow,1427-R
04/28/21,Fukui,1496-R
04/28/21,Minnow,1389-G
04/28/21,Fukui,1498-R
04/28/21,Minnow,1148-B
04/28/21,Fukui,1488-R
04/28/21,Minnow,658-P
04/28/21,Fukui,1461-R
04/29/21,Minnow,154-P
04/29/21,Fukui,618-P
04/29/21,Minnow,1081-Y
04/29/21,Fukui,23-P
04/29/21,Minnow,73-P
04/29/21,Fukui,644-P
04/29/21,Minnow,1343-G
04/29/21,Fukui,176-P
04/29/21,Fukui,690-P
04/29/21,Minnow,75-P
04/29/21,Fukui,602-P
04/29/21,Minnow,1423-R
04/29/21,Fukui,19-P
04/29/21,Minnow,1388-P
04/29/21,Minnow,161-P
04/29/21,Fukui,619-P
04/29/21,Minnow,1323-G
04/29/21,Fukui,570-P
04/29/21,Minnow,160-P
04/29/21,Fukui,621-P
04/29/21,Minnow,1119-Y
04/29/21,Fukui,609-Y
04/29/21,Fukui,20-P
04/29/21,Minnow,139-Y
04/29/21,Minnow,1400-P
04/29/21,Fukui,574-P
04/29/21,Fukui,12-P
04/29/21,Minnow,185-Y
04/29/21,Minnow,158-P
04/29/21,Fukui,648-P
04/28/21,Fukui,1179-Y
04/28/21,Minnow,668-P
04/28/21,Fukui,1101-Y
04/28/21,Minnow,684-P
04/28/21,Minnow,168-P
04/28/21,Fukui,149-Y
04/28/21,Minnow,147-Y
04/28/21,Fukui,624-P
04/28/21,Minnow,678-P
04/28/21,Minnow,1084-Y
04/28/21,Fukui,187-Y
04/28/21,Fukui,1361-G
04/28/21,Minnow,1383-P
04/28/21,Fukui,133-Y
04/28/21,Minnow,174-P
04/28/21,Fukui,1188-Y
04/28/21,Fukui,177-Y
04/28/21,Minnow,630-P
04/28/21,Fukui,1194-Y
04/28/21,Minnow,172-P
04/28/21,Minnow,668-P
04/28/21,Fukui,166-Y
04/28/21,Minnow,1320-G
04/28/21,Fukui,194-Y
04/28/21,Minnow,57-P
04/28/21,Fukui,115-Y
04/28/21,Minnow,1131-Y
04/28/21,Fukui,178-Y
04/28/21,Minnow,1404-R
04/28/21,Fukui,104-Y
04/28/21,Minnow,142-P
04/28/21,Fukui,184-Y
04/28/21,Minnow,1106-Y
04/28/21,Fukui,1156-Y
04/28/21,Minnow,1426-R
04/28/21,Fukui,1181-Y
04/28/21,Minnow,1178-B
04/28/21,Fukui,1100-Y
04/28/21,Minnow,141-P
04/28/21,Fukui,141-Y
04/28/21,Hand,N/A
04/29/21,Minnow,1121-Y
04/29/21,Fukui,148-Y
04/29/21,Minnow,146-P
04/29/21,Fukui,176-Y
04/29/21,Minnow,184-P
04/29/21,Fukui,128-Y
04/29/21,Fukui,1175-Y
04/29/21,Minnow,182-Y
04/29/21,Fukui,1190-Y
04/29/21,Minnow,1389-G
04/29/21,Fukui,1172-Y
04/29/21,Minnow,1072-B
04/29/21,Minnow,193-P
04/29/21,Fukui,1187-Y
04/29/21,Minnow,157-P
04/29/21,Fukui,1167-Y
04/29/21,Minnow,192-P
04/29/21,Fukui,1461-R
04/29/21,Minnow,183-P
04/29/21,Fukui,1489-R
04/29/21,Minnow,1092-Y
04/29/21,Fukui,1488-R
04/29/21,Minnow,1182-B
04/29/21,Fukui,1496-R
04/29/21,Minnow,658-P
04/29/21,Fukui,121-Y
04/29/21,Minnow,1481-R
04/29/21,Fukui,145-Y
04/29/21,Minnow,1378-P
04/29/21,Fukui,1195-Y
04/29/21,Minnow,662-P
04/29/21,Fukui,1498-R
04/29/21,Minnow,35-P
04/29/21,Fukui,119-Y
04/29/21,Minnow,1399-G
04/29/21,Fukui,123-Y
04/30/21,Minnow,668-P
04/30/21,Fukui,166-Y
04/30/21,Minnow,1320-G
04/30/21,Fukui,115-Y
04/30/21,Minnow,57-P
04/30/21,Fukui,178-Y
04/30/21,Minnow,1131-Y
04/30/21,Fukui,104-Y
04/30/21,Minnow,1404-R
04/30/21,Fukui,184-Y
04/30/21,Minnow,154-P
04/30/21,Fukui,618-P
04/30/21,Minnow,1081-Y
04/30/21,Fukui,23-P
04/30/21,Minnow,73-P
04/30/21,Fukui,644-P
04/30/21,Minnow,1343-G
04/30/21,Fukui,176-P
04/30/21,Fukui,690-P
04/30/21,Minnow,75-P
04/30/21,Fukui,602-P
04/30/21,Minnow,1423-R
04/30/21,Fukui,19-P
04/30/21,Minnow,1388-P
04/30/21,Minnow,161-P
04/30/21,Fukui,619-P
04/30/21,Minnow,1323-G
04/30/21,Fukui,570-P
04/30/21,Minnow,160-P
04/30/21,Fukui,621-P
04/30/21,Minnow,1119-Y
04/30/21,Fukui,609-Y
04/30/21,Fukui,20-P
04/30/21,Minnow,139-Y
04/30/21,Minnow,1400-P
04/30/21,Fukui,574-P
04/30/21,Fukui,12-P
04/30/21,Minnow,185-Y
04/30/21,Minnow,158-P
04/30/21,Fukui,648-P
05/11/21,Minnow,185-Y
05/11/21,Fukui,1496-R
05/11/21,Minnow,1423-R
05/11/21,Fukui,176-P
05/11/21,Minnow,1323-G
05/11/21,Fukui,624-P
05/11/21,Minnow,160-P
05/11/21,Fukui,119-Y
05/11/21,Fukui,1195-Y
05/11/21,Minnow,1072-B
05/11/21,Fukui,1167-Y
05/11/21,Minnow,161-P
05/11/21,Fukui,1179-Y
05/11/21,Minnow,158-P
05/11/21,Minnow,139-Y
05/11/21,Fukui,1361-G
05/11/21,Minnow,147-Y
05/11/21,Fukui,23-P
05/11/21,Minnow,172-P
05/11/21,Fukui,1190-Y
05/11/21,Minnow,1389-G
05/11/21,Fukui,128-Y
05/11/21,Fukui,133-Y
05/11/21,Minnow,1388-P
05/11/21,Minnow,75-P
05/11/21,Fukui,1101-Y
05/11/21,Fukui,187-Y
05/11/21,Minnow,1404-R
05/11/21,Minnow,684-P
05/11/21,Fukui,1172-Y
05/11/21,Fukui,619-P
05/11/21,Minnow,1119-Y
05/11/21,Fukui,1177-Y
05/11/21,Minnow,668-P
05/11/21,Fukui,644-P
05/11/21,Minnow,73-P
05/11/21,Fukui,115-Y
05/11/21,Minnow,168-P
05/11/21,Fukui,184-Y
05/11/21,Minnow,174-P
05/11/21,Fukui,166-Y
05/11/21,Minnow,1383-P
05/11/21,Fukui,178-Y
05/11/21,Minnow,1131-Y
05/11/21,Fukui,1461-R
05/11/21,Minnow,1343-G
05/11/21,Fukui,1489-R
05/11/21,Minnow,182-Y
05/11/21,Fukui,621-P
05/11/21,Minnow,193-P
05/11/21,Fukui,498-R
05/11/21,Minnow,1081-Y
05/11/21,Fukui,104-Y
05/11/21,Minnow,57-P
05/11/21,Fukui,1488-R
05/11/21,Minnow,1320-G
05/11/21,Fukui,12-P
05/11/21,Minnow,1400-P
05/11/21,Fukui,574-P
05/11/21,Minnow,154-P
05/11/21,Minnow,1107-Y
05/11/21,Fukui,148-Y
05/11/21,Minnow,1106-Y
05/11/21,Fukui,602-P
05/11/21,Minnow,658-P
05/11/21,Fukui,690-P
05/11/21,Minnow,141-P
05/11/21,Fukui,618-P
05/11/21,Minnow,1154-Y
05/11/21,Fukui,1175-Y
05/11/21,Minnow,1427-R
05/11/21,Fukui,609-P
05/11/21,Minnow,1351-G
05/11/21,Fukui,19-P
05/11/21,Minnow,196-P
05/11/21,Fukui,570-P
05/11/21,Minnow,1151-Y
05/11/21,Fukui,648-P
05/11/21,Minnow,1148-B
05/11/21,Fukui,20-P
05/12/21,Minnow,185-Y
05/12/21,Fukui,1496-R
05/12/21,Minnow,1423-R
05/12/21,Fukui,176-P
05/12/21,Minnow,1323-G
05/12/21,Fukui,624-P
05/12/21,Minnow,160-P
05/12/21,Fukui,119-Y
05/12/21,Fukui,1195-Y
05/12/21,Minnow,1072-B
05/12/21,Fukui,1167-Y
05/12/21,Minnow,161-P
05/12/21,Fukui,1179-Y
05/12/21,Minnow,158-P
05/12/21,Minnow,139-Y
05/12/21,Fukui,1361-G
05/12/21,Minnow,147-Y
05/12/21,Fukui,23-P
05/12/21,Minnow,172-P
05/12/21,Fukui,1190-Y
05/12/21,Minnow,1389-G
05/12/21,Fukui,128-Y
05/12/21,Fukui,133-Y
05/12/21,Minnow,1388-P
05/12/21,Minnow,75-P
05/12/21,Fukui,1101-Y
05/12/21,Fukui,187-Y
05/12/21,Minnow,1404-R
05/12/21,Minnow,684-P
05/12/21,Fukui,1172-Y
05/12/21,Minnow,1107-Y
05/12/21,Fukui,148-Y
05/12/21,Minnow,1106-Y
05/12/21,Fukui,602-P
05/12/21,Minnow,658-P
05/12/21,Fukui,690-P
05/12/21,Minnow,141-P
05/12/21,Fukui,618-P
05/12/21,Minnow,1154-Y
05/12/21,Fukui,1175-Y
05/12/21,Minnow,1427-R
05/12/21,Fukui,609-P
05/12/21,Minnow,1351-G
05/12/21,Fukui,19-P
05/12/21,Minnow,196-P
05/12/21,Fukui,570-P
05/12/21,Minnow,1151-Y
05/12/21,Fukui,648-P
05/12/21,Minnow,1148-B
05/12/21,Fukui,20-P
05/12/21,Fukui,619-P
05/12/21,Minnow,1119-Y
05/12/21,Fukui,1177-Y
05/12/21,Minnow,668-P
05/12/21,Fukui,644-P
05/12/21,Minnow,73-P
05/12/21,Fukui,115-Y
05/12/21,Minnow,168-P
05/12/21,Fukui,184-Y
05/12/21,Minnow,174-P
05/12/21,Fukui,166-Y
05/12/21,Minnow,1383-P
05/12/21,Fukui,178-Y
05/12/21,Minnow,1131-Y
05/12/21,Fukui,1461-R
05/12/21,Minnow,1343-G
05/12/21,Fukui,1489-R
05/12/21,Minnow,182-Y
05/12/21,Fukui,621-P
05/12/21,Minnow,193-P
05/12/21,Fukui,498-R
05/12/21,Minnow,1081-Y
05/12/21,Fukui,104-Y
05/12/21,Minnow,57-P
05/12/21,Fukui,1488-R
05/12/21,Minnow,1320-G
05/12/21,Fukui,12-P
05/12/21,Minnow,1400-P
05/12/21,Fukui,574-P
05/12/21,Minnow,154-P
05/12/21,Minnow,1182-B
05/12/21,Fukui,164-Y
05/12/21,Minnow,142-P
05/12/21,Fukui,177-Y
05/12/21,Fukui,141-Y
05/12/21,Fukui,194-Y
05/12/21,Minnow,184-Y
05/12/21,Minnow,1399-G
05/12/21,Minnow,1178-B
05/12/21,Fukui,1188-Y
05/13/21,Minnow,1131-Y
05/13/21,Fukui,574-P
05/13/21,Minnow,1343-G
05/13/21,Fukui,12-P
05/13/21,Minnow,168-P
05/13/21,Fukui,104-Y
05/13/21,Fukui,621-P
05/13/21,Minnow,174-P
05/13/21,Fukui,1498-R
05/13/21,Minnow,1383-P
05/13/21,Minnow,1182-B
05/13/21,Fukui,164-Y
05/13/21,Minnow,142-P
05/13/21,Fukui,177-Y
05/13/21,Fukui,141-Y
05/13/21,Fukui,194-Y
05/13/21,Minnow,184-Y
05/13/21,Minnow,1399-G
05/13/21,Minnow,1178-B
05/13/21,Fukui,1188-Y
05/13/21,Minnow,185-Y
05/13/21,Fukui,1496-R
05/13/21,Minnow,1423-R
05/13/21,Fukui,176-P
05/13/21,Minnow,1323-G
05/13/21,Fukui,624-P
05/13/21,Minnow,160-P
05/13/21,Fukui,119-Y
05/13/21,Fukui,1195-Y
05/13/21,Minnow,1072-B
05/13/21,Fukui,1167-Y
05/13/21,Minnow,161-P
05/13/21,Fukui,1179-Y
05/13/21,Minnow,158-P
05/13/21,Minnow,139-Y
05/13/21,Fukui,1361-G
05/13/21,Minnow,147-Y
05/13/21,Fukui,23-P
05/13/21,Minnow,172-P
05/13/21,Fukui,1190-Y
05/13/21,Minnow,1389-G
05/13/21,Fukui,128-Y
05/13/21,Fukui,133-Y
05/13/21,Minnow,1388-P
05/13/21,Minnow,75-P
05/13/21,Fukui,1101-Y
05/13/21,Fukui,187-Y
05/13/21,Minnow,1404-R
05/13/21,Minnow,684-P
05/13/21,Fukui,1172-Y
05/13/21,Minnow,1107-Y
05/13/21,Fukui,148-Y
05/13/21,Minnow,1106-Y
05/13/21,Fukui,602-P
05/13/21,Minnow,658-P
05/13/21,Fukui,690-P
05/13/21,Minnow,141-P
05/13/21,Fukui,618-P
05/13/21,Minnow,1154-Y
05/13/21,Fukui,1175-Y
05/13/21,Minnow,1427-R
05/13/21,Fukui,609-P
05/13/21,Minnow,1351-G
05/13/21,Fukui,19-P
05/13/21,Minnow,196-P
05/13/21,Fukui,570-P
05/13/21,Minnow,1151-Y
05/13/21,Fukui,648-P
05/13/21,Minnow,1148-B
05/13/21,Fukui,20-P
05/13/21,Fukui,644-P
05/13/21,Minnow,182-Y
05/13/21,Fukui,619-P
05/13/21,Minnow,193-P
05/13/21,Fukui,166-Y
05/13/21,Minnow,57-P
05/13/21,Minnow,1081-Y
05/13/21,Minnow,1320-G
05/13/21,Fukui,1489-R
05/13/21,Fukui,1177-Y
05/13/21,Minnow,154-P
05/13/21,Minnow,1400-P
05/13/21,Fukui,1461-R
05/13/21,Minnow,73-P
05/13/21,Fukui,184-Y
05/13/21,Minnow,668-P
05/13/21,Fukui,1488-R
05/13/21,Minnow,1119-Y
05/13/21,Fukui,115-Y
05/13/21,Fukui,178-Y
05/14/21,Minnow,1131-Y
05/14/21,Fukui,104-Y
05/14/21,Minnow,1343-G
05/14/21,Fukui,1188-Y
05/14/21,Minnow,174-P
05/14/21,Fukui,1461-R
05/14/21,Minnow,1320-G
05/14/21,Fukui,184-Y
05/14/21,Minnow,193-P
05/14/21,Fukui,164-Y
05/14/21,Minnow,168-P
05/14/21,Fukui,115-Y
05/14/21,Minnow,182-Y
05/14/21,Fukui,166-Y
05/14/21,Minnow,119-Y
05/14/21,Fukui,141-Y
05/14/21,Minnow,1400-P
05/14/21,Fukui,194-Y
05/14/21,Minnow,1383-P
05/14/21,Fukui,574-P
05/14/21,Minnow,73-P
05/14/21,Fukui,621-P
05/14/21,Minnow,57-P
05/14/21,Fukui,644-P
05/14/21,Minnow,1081-Y
05/14/21,Fukui,178-Y
05/14/21,Minnow,154-P
05/14/21,Fukui,177-Y
05/14/21,Minnow,668-P
05/14/21,Fukui,619-P
05/14/21,Minnow,1107-Y
05/14/21,Fukui,148-Y
05/14/21,Minnow,1106-Y
05/14/21,Fukui,602-P
05/14/21,Minnow,658-P
05/14/21,Fukui,690-P
05/14/21,Minnow,141-P
05/14/21,Fukui,618-P
05/14/21,Minnow,1154-Y
05/14/21,Fukui,1175-Y
05/14/21,Minnow,1427-R
05/14/21,Fukui,609-P
05/14/21,Minnow,1351-G
05/14/21,Fukui,19-P
05/14/21,Minnow,196-P
05/14/21,Fukui,570-P
05/14/21,Minnow,1151-Y
05/14/21,Fukui,648-P
05/14/21,Minnow,1148-B
05/14/21,Fukui,20-P
05/25/21,Fukui,602-P
05/25/21,Minnow,1131-Y
05/25/21,Fukui,1498-R
05/25/21,Minnow,668-P
05/25/21,Fukui,20-P
05/25/21,Minnow,168-P
05/25/21,Fukui,128-Y
05/25/21,Minnow,185-Y
05/25/21,Fukui,133-Y
05/25/21,Minnow,1148-B
05/25/21,Fukui,115-Y
05/25/21,Minnow,193-P
05/25/21,Fukui,1361-G
05/25/21,Minnow,1389-G
05/25/21,Fukui,570-P
05/25/21,Minnow,1151-Y
05/25/21,Fukui,1101-Y
05/25/21,Minnow,1154-Y
05/25/21,Fukui,1190-Y
05/25/21,Minnow,75-P
05/25/21,Fukui,164-Y
05/25/21,Minnow,158-P
05/25/21,Fukui,1177-Y
05/25/21,Minnow,1320-G
05/25/21,Fukui,574-P
05/25/21,Minnow,1107-Y
05/25/21,Fukui,1167-Y
05/25/21,Minnow,1343-G
05/25/21,Fukui,648-P
05/25/21,Minnow,1423-R
05/25/21,Minnow,57-P
05/25/21,Fukui,177-Y
05/25/21,Minnow,658-P
05/25/21,Fukui,1461-R
05/25/21,Minnow,174-P
05/25/21,Fukui,621-P
05/25/21,Minnow,196-P
05/25/21,Fukui,104-Y
05/25/21,Fukui,184-Y
05/25/21,Minnow,1351-G
05/25/21,Fukui,1195-Y
05/25/21,Minnow,182-Y
05/25/21,Fukui,1188-Y
05/25/21,Minnow,1427-R
05/25/21,Minnow,73-P
05/25/21,Fukui,609-P
05/25/21,Minnow,1400-P
05/25/21,Fukui,1172-Y
05/25/21,Minnow,141-P
05/25/21,Fukui,1175-Y
05/25/21,Minnow,1383-P
05/25/21,Fukui,194-Y
05/25/21,Fukui,19-P
05/25/21,Minnow,1106-Y
05/25/21,Minnow,154-P
05/25/21,Fukui,644-P
05/25/21,Fukui,690-P
05/25/21,Minnow,1119-Y
05/25/21,Minnow,1081-Y
05/25/21,Fukui,166-Y
05/25/21,Minnow,1182-B
05/25/21,Fukui,12-P
05/25/21,Minnow,1072-B
05/25/21,Fukui,1179-Y
05/25/21,Minnow,184-P
05/25/21,Fukui,176-P
05/25/21,Minnow,1178-B
05/25/21,Fukui,178-Y
05/25/21,Minnow,160-P
05/25/21,Fukui,618-P
05/25/21,Minnow,1404-R
05/25/21,Fukui,148-Y
05/25/21,Minnow,1323-G
05/25/21,Fukui,141-Y
05/25/21,Minnow,1399-G
05/25/21,Fukui,1489-R
05/25/21,Minnow,172-P
05/25/21,Fukui,619-P
05/25/21,Minnow,142-P
05/25/21,Fukui,624-P
05/26/21,Fukui,602-P
05/26/21,Minnow,1131-Y
05/26/21,Fukui,1498-R
05/26/21,Minnow,668-P
05/26/21,Fukui,20-P
05/26/21,Minnow,168-P
05/26/21,Fukui,128-Y
05/26/21,Minnow,185-Y
05/26/21,Fukui,133-Y
05/26/21,Minnow,1148-B
05/26/21,Fukui,115-Y
05/26/21,Minnow,193-P
05/26/21,Fukui,1361-G
05/26/21,Minnow,1389-G
05/26/21,Fukui,570-P
05/26/21,Minnow,1151-Y
05/26/21,Fukui,1101-Y
05/26/21,Minnow,1154-Y
05/26/21,Fukui,1190-Y
05/26/21,Minnow,75-P
05/26/21,Fukui,164-Y
05/26/21,Minnow,158-P
05/26/21,Fukui,1177-Y
05/26/21,Minnow,1320-G
05/26/21,Fukui,574-P
05/26/21,Minnow,1107-Y
05/26/21,Fukui,1167-Y
05/26/21,Minnow,1343-G
05/26/21,Fukui,648-P
05/26/21,Minnow,1423-R
05/26/21,Minnow,57-P
05/26/21,Fukui,177-Y
05/26/21,Minnow,658-P
05/26/21,Fukui,1461-R
05/26/21,Minnow,174-P
05/26/21,Fukui,621-P
05/26/21,Minnow,196-P
05/26/21,Fukui,104-Y
05/26/21,Fukui,184-Y
05/26/21,Minnow,1351-G
05/26/21,Fukui,1195-Y
05/26/21,Minnow,182-Y
05/26/21,Fukui,1188-Y
05/26/21,Minnow,1427-R
05/26/21,Minnow,73-P
05/26/21,Fukui,609-P
05/26/21,Minnow,1400-P
05/26/21,Fukui,1172-Y
05/26/21,Minnow,141-P
05/26/21,Fukui,1175-Y
05/26/21,Minnow,1383-P
05/26/21,Fukui,194-Y
05/26/21,Fukui,19-P
05/26/21,Minnow,1106-Y
05/26/21,Minnow,154-P
05/26/21,Fukui,644-P
05/26/21,Fukui,690-P
05/26/21,Minnow,1119-Y
05/26/21,Minnow,1081-Y
05/26/21,Fukui,166-Y
05/26/21,Minnow,1182-B
05/26/21,Fukui,12-P
05/26/21,Minnow,1072-B
05/26/21,Fukui,1179-Y
05/26/21,Minnow,184-P
05/26/21,Fukui,176-P
05/26/21,Minnow,1178-B
05/26/21,Fukui,178-Y
05/26/21,Minnow,160-P
05/26/21,Fukui,618-P
05/26/21,Minnow,1404-R
05/26/21,Fukui,148-Y
05/26/21,Minnow,1323-G
05/26/21,Fukui,141-Y
05/26/21,Minnow,1399-G
05/26/21,Fukui,1489-R
05/26/21,Minnow,172-P
05/26/21,Fukui,619-P
05/26/21,Minnow,142-P
05/26/21,Fukui,624-P
05/26/21,Fukui,1156-Y
05/26/21,Minnow,147-y
05/26/21,Fukui,149-Y
05/26/21,Minnow,139-Y
05/26/21,Fukui,1100-Y
05/26/21,Minnow,1121-Y
05/26/21,Fukui,176-Y
05/26/21,Minnow,161-P
05/26/21,Fukui,1187-Y
05/26/21,Minnow,183-P
05/26/21,Fukui,187-Y
05/26/21,Minnow,678-P
05/26/21,Fukui,23-P
05/26/21,Minnow,688-P
05/26/21,Fukui,1488-R
05/26/21,Minnow,1084-Y
05/26/21,Fukui,573-P
05/26/21,Minnow,157-P
05/26/21,Fukui,1181-Y
05/26/21,Minnow,684-P
05/26/21,Fukui,22-P
05/26/21,Minnow,35-P
05/26/21,Fukui,121-Y
05/26/21,Minnow,192-P
05/26/21,Fukui,1194-Y
05/26/21,Minnow,146-P
05/26/21,Fukui,123-Y
05/26/21,Minnow,1378-P
05/26/21,Fukui,1496-R
05/26/21,Minnow,630-P
05/26/21,Fukui,119-Y
05/26/21,Minnow,1481-R
05/26/21,Fukui,145-Y
05/26/21,Minnow,1388-P
05/26/21,Fukui,572-P
05/27/21,Fukui,602-P
05/27/21,Minnow,1131-Y
05/27/21,Fukui,1498-R
05/27/21,Minnow,668-P
05/27/21,Fukui,20-P
05/27/21,Minnow,168-P
05/27/21,Fukui,128-Y
05/27/21,Minnow,185-Y
05/27/21,Fukui,133-Y
05/27/21,Minnow,1148-B
05/27/21,Fukui,115-Y
05/27/21,Minnow,193-P
05/27/21,Fukui,1361-G
05/27/21,Minnow,1389-G
05/27/21,Fukui,570-P
05/27/21,Minnow,1151-Y
05/27/21,Fukui,1101-Y
05/27/21,Minnow,1154-Y
05/27/21,Fukui,1190-Y
05/27/21,Minnow,75-P
05/27/21,Fukui,164-Y
05/27/21,Minnow,158-P
05/27/21,Fukui,1177-Y
05/27/21,Minnow,1320-G
05/27/21,Fukui,574-P
05/27/21,Minnow,1107-Y
05/27/21,Fukui,1167-Y
05/27/21,Minnow,1343-G
05/27/21,Fukui,648-P
05/27/21,Minnow,1423-R
05/27/21,Minnow,57-P
05/27/21,Fukui,177-Y
05/27/21,Minnow,658-P
05/27/21,Fukui,1461-R
05/27/21,Minnow,174-P
05/27/21,Fukui,621-P
05/27/21,Minnow,196-P
05/27/21,Fukui,104-Y
05/27/21,Fukui,184-Y
05/27/21,Minnow,1351-G
05/27/21,Fukui,1195-Y
05/27/21,Minnow,182-Y
05/27/21,Fukui,1188-Y
05/27/21,Minnow,1427-R
05/27/21,Minnow,73-P
05/27/21,Fukui,609-P
05/27/21,Minnow,1400-P
05/27/21,Fukui,1172-Y
05/27/21,Minnow,141-P
05/27/21,Fukui,1175-Y
05/27/21,Minnow,1383-P
05/27/21,Fukui,194-Y
05/27/21,Fukui,19-P
05/27/21,Minnow,1106-Y
05/27/21,Minnow,154-P
05/27/21,Fukui,644-P
05/27/21,Fukui,690-P
05/27/21,Minnow,1119-Y
05/27/21,Minnow,1081-Y
05/27/21,Fukui,166-Y
05/27/21,Minnow,1182-B
05/27/21,Fukui,12-P
05/27/21,Minnow,1072-B
05/27/21,Fukui,1179-Y
05/27/21,Minnow,184-P
05/27/21,Fukui,176-P
05/27/21,Minnow,1178-B
05/27/21,Fukui,178-Y
05/27/21,Minnow,160-P
05/27/21,Fukui,618-P
05/27/21,Minnow,1404-R
05/27/21,Fukui,148-Y
05/27/21,Minnow,1323-G
05/27/21,Fukui,141-Y
05/27/21,Minnow,1399-G
05/27/21,Fukui,1489-R
05/27/21,Minnow,172-P
05/27/21,Fukui,619-P
05/27/21,Minnow,142-P
05/27/21,Fukui,624-P
05/27/21,Minnow,51-P
05/27/21,Fukui,581-P
05/27/21,Minnow,166-P
05/27/21,Fukui,1451-R
05/27/21,Minnow,1413-R
05/27/21,Fukui,611-P
05/27/21,Minnow,682-P
05/27/21,Fukui,1445-R
05/27/21,Minnow,1483-R
05/27/21,Fukui,1431-R
05/27/21,Minnow,135-P
05/27/21,Fukui,1453-R
05/27/21,Minnow,681-P
05/27/21,Fukui,1495-R
05/27/21,Minnow,637-P
05/27/21,Fukui,1406-R
05/27/21,Minnow,194-P
05/27/21,Fukui,1436-R
05/27/21,Minnow,1467-R
05/27/21,Fukui,1407-R
05/27/21,Minnow,1425-R
05/27/21,Fukui,1432-R
05/27/21,Minnow,1397-P
05/27/21,Fukui,1408-R
05/27/21,Minnow,1149-Y
05/27/21,Fukui,1443-R
05/27/21,Minnow,1071-B
05/27/21,Fukui,1452-R
05/27/21,Minnow,1148-Y
05/27/21,Fukui,367-R
05/27/21,Minnow,1138-Y
05/27/21,Fukui,1429-R
05/27/21,Minnow,1457-R
05/27/21,Fukui,871-R
05/27/21,Minnow,165-P
05/27/21,Fukui,1430-R
05/27/21,Fukui,187-Y
05/27/21,Minnow,678-P
05/27/21,Fukui,23-P
05/27/21,Minnow,688-P
05/27/21,Fukui,1488-R
05/27/21,Minnow,1084-Y
05/27/21,Fukui,573-P
05/27/21,Minnow,157-P
05/27/21,Fukui,1181-Y
05/27/21,Minnow,684-P
05/27/21,Fukui,22-P
05/27/21,Minnow,35-P
05/27/21,Fukui,121-Y
05/27/21,Minnow,192-P
05/27/21,Fukui,1194-Y
05/27/21,Minnow,146-P
05/27/21,Fukui,123-Y
05/27/21,Minnow,1378-P
05/27/21,Fukui,1496-R
05/27/21,Minnow,630-P
05/27/21,Fukui,119-Y
05/27/21,Minnow,1481-R
05/27/21,Fukui,145-Y
05/27/21,Minnow,1388-P
05/27/21,Fukui,572-P
05/28/21,Minnow,57-P
05/28/21,Fukui,177-Y
05/28/21,Minnow,658-P
05/28/21,Fukui,1461-R
05/28/21,Minnow,174-P
05/28/21,Fukui,621-P
05/28/21,Minnow,196-P
05/28/21,Fukui,104-Y
05/28/21,Fukui,184-Y
05/28/21,Minnow,1351-G
05/28/21,Fukui,1195-Y
05/28/21,Minnow,182-Y
05/28/21,Fukui,1188-Y
05/28/21,Minnow,1427-R
05/28/21,Minnow,73-P
05/28/21,Fukui,609-P
05/28/21,Minnow,1400-P
05/28/21,Fukui,1172-Y
05/28/21,Minnow,141-P
05/28/21,Fukui,1175-Y
05/28/21,Minnow,1383-P
05/28/21,Fukui,194-Y
05/28/21,Fukui,19-P
05/28/21,Minnow,1106-Y
05/28/21,Minnow,154-P
05/28/21,Fukui,644-P
05/28/21,Fukui,690-P
05/28/21,Minnow,1119-Y
05/28/21,Minnow,1081-Y
05/28/21,Fukui,166-Y
05/28/21,Minnow,1182-B
05/28/21,Fukui,12-P
05/28/21,Minnow,1072-B
05/28/21,Fukui,1179-Y
05/28/21,Minnow,184-P
05/28/21,Fukui,176-P
05/28/21,Minnow,1178-B
05/28/21,Fukui,178-Y
05/28/21,Minnow,160-P
05/28/21,Fukui,618-P
05/28/21,Minnow,1404-R
05/28/21,Fukui,148-Y
05/28/21,Minnow,1323-G
05/28/21,Fukui,141-Y
05/28/21,Minnow,1399-G
05/28/21,Fukui,1489-R
05/28/21,Minnow,172-P
05/28/21,Fukui,619-P
05/28/21,Minnow,142-P
05/28/21,Fukui,624-P
05/28/21,Fukui,1407-R
05/28/21,Minnow,682-P
05/28/21,Fukui,1429-R
05/28/21,Minnow,166-P
05/28/21,Fukui,1432-R
05/28/21,Minnow,194-P
05/28/21,Fukui,1408-R
05/28/21,Minnow,1457-R
05/28/21,Fukui,1445-R
05/28/21,Minnow,1397-P
05/28/21,Fukui,518-P
05/28/21,Minnow,1467-R
05/28/21,Fukui,1451-R
05/28/21,Minnow,1413-R
05/28/21,Fukui,611-P
05/28/21,Minnow,51-P
05/28/21,Fukui,1430-R
05/28/21,Minnow,681-P
05/28/21,Fukui,1453-R
05/28/21,Minnow,637-P
05/28/21,Fukui,367-R
05/28/21,Minnow,1483-R
05/28/21,Fukui,1452-R
05/28/21,Minnow,135-P
05/28/21,Fukui,871-R
05/28/21,Minnow,1149-Y
05/28/21,Fukui,1436-R
05/28/21,Minnow,1425-R
05/28/21,Fukui,1495-R
05/28/21,Minnow,1138-Y
05/28/21,Fukui,1406-R
05/28/21,Minnow,165-P
05/28/21,Fukui,1431-R
05/28/21,Minnow,1071-B
05/28/21,Fukui,1443-R
05/28/21,Minnow,1148-Y
06/09/21,Minnow,1425-R
06/09/21,Fukui,609-P
06/09/21,Minnow,682-P
06/09/21,Fukui,176-Y
06/09/21,Minnow,1343-G
06/09/21,Fukui,572-P
06/09/21,Minnow,1423-R
06/09/21,Fukui,1451-R
06/09/21,Fukui,1179-Y
06/09/21,Minnow,1397-P
06/09/21,Fukui,618-P
06/09/21,Minnow,1107-Y
06/09/21,Fukui,12-P
06/09/21,Minnow,1148-B
06/09/21,Minnow,158-P
06/09/21,Fukui,1172-Y
06/09/21,Minnow,135-P
06/09/21,Fukui,1489-R
06/09/21,Minnow,1154-Y
06/09/21,Fukui,1496-R
06/09/21,Minnow,193-P
06/09/21,Fukui,1100-Y
06/09/21,Fukui,1156-Y
06/09/21,Minnow,637-P
06/09/21,Minnow,1151-Y
06/09/21,Fukui,148-Y
06/09/21,Fukui,1488-R
06/09/21,Minnow,1149-Y
06/09/21,Minnow,1483-R
06/09/21,Fukui,187-Y
06/09/21,Minnow,668-P
06/09/21,Fukui,1407-R
06/09/21,Minnow,168-P
06/09/21,Fukui,1181-Y
06/09/21,Minnow,157-P
06/09/21,Fukui,1432-R
06/09/21,Minnow,35-P
06/09/21,Fukui,1177-Y
06/09/21,Minnow,1084-Y
06/09/21,Fukui,1361-G
06/09/21,Minnow,678-P
06/09/21,Fukui,1430-R
06/09/21,Minnow,630-P
06/09/21,Fukui,23-P
06/09/21,Minnow,185-Y
06/09/21,Fukui,176-P
06/09/21,Minnow,1131-Y
06/09/21,Fukui,141-Y
06/09/21,Minnow,1320-G
06/09/21,Fukui,690-P
06/09/21,Fukui,194-Y
06/09/21,Minnow,1071-B
06/09/21,Fukui,1495-R
06/09/21,Minnow,166-P
06/09/21,Fukui,1445-R
06/09/21,Minnow,1148-Y
06/09/21,Fukui,1101-Y
06/09/21,Minnow,165-P
06/09/21,Fukui,123-Y
06/09/21,Minnow,1138-Y
06/09/21,Fukui,178-Y
06/09/21,Minnow,1072-B
06/09/21,Fukui,1431-R
06/09/21,Minnow,147-Y
06/09/21,Fukui,574-P
06/09/21,Minnow,1178-B
06/09/21,Fukui,115-Y
06/09/21,Minnow,139-Y
06/09/21,Fukui,145-Y
06/09/21,Minnow,183-P
06/09/21,Fukui,1452-R
06/09/21,Minnow,688-P
06/09/21,Fukui,1406-R
06/09/21,Minnow,684-P
06/09/21,Fukui,581-P
06/09/21,Minnow,1378-P
06/09/21,Fukui,1461-R
06/09/21,Minnow,146-P
06/09/21,Fukui,1453
06/09/21,Minnow,1481-R
06/10/21,Minnow,1425-R
06/10/21,Fukui,609-P
06/10/21,Minnow,682-P
06/10/21,Fukui,176-Y
06/10/21,Minnow,1343-G
06/10/21,Fukui,572-P
06/10/21,Minnow,1423-R
06/10/21,Fukui,1451-R
06/10/21,Fukui,1179-Y
06/10/21,Minnow,1397-P
06/10/21,Fukui,618-P
06/10/21,Minnow,1107-Y
06/10/21,Fukui,12-P
06/10/21,Minnow,1148-B
06/10/21,Minnow,158-P
06/10/21,Fukui,1172-Y
06/10/21,Minnow,135-P
06/10/21,Fukui,1489-R
06/10/21,Minnow,1154-Y
06/10/21,Fukui,1496-R
06/10/21,Minnow,193-P
06/10/21,Fukui,1100-Y
06/10/21,Fukui,1156-Y
06/10/21,Minnow,637-P
06/10/21,Minnow,1151-Y
06/10/21,Fukui,148-Y
06/10/21,Fukui,1488-R
06/10/21,Minnow,1149-Y
06/10/21,Minnow,1483-R
06/10/21,Fukui,187-Y
06/10/21,Minnow,668-P
06/10/21,Fukui,1407-R
06/10/21,Minnow,168-P
06/10/21,Fukui,1181-Y
06/10/21,Minnow,157-P
06/10/21,Fukui,1432-R
06/10/21,Minnow,35-P
06/10/21,Fukui,1177-Y
06/10/21,Minnow,1084-Y
06/10/21,Fukui,1361-G
06/10/21,Minnow,678-P
06/10/21,Fukui,1430-R
06/10/21,Minnow,630-P
06/10/21,Fukui,23-P
06/10/21,Minnow,185-Y
06/10/21,Fukui,176-P
06/10/21,Minnow,1131-Y
06/10/21,Fukui,141-Y
06/10/21,Minnow,1320-G
06/10/21,Fukui,690-P
06/10/21,Fukui,194-Y
06/10/21,Minnow,1071-B
06/10/21,Fukui,1495-R
06/10/21,Minnow,166-P
06/10/21,Fukui,1445-R
06/10/21,Minnow,1148-Y
06/10/21,Fukui,1101-Y
06/10/21,Minnow,165-P
06/10/21,Fukui,123-Y
06/10/21,Minnow,1138-Y
06/10/21,Fukui,178-Y
06/10/21,Minnow,1072-B
06/10/21,Fukui,1431-R
06/10/21,Minnow,147-Y
06/10/21,Fukui,574-P
06/10/21,Minnow,1178-B
06/10/21,Fukui,115-Y
06/10/21,Minnow,139-Y
06/10/21,Fukui,145-Y
06/10/21,Minnow,183-P
06/10/21,Fukui,1452-R
06/10/21,Minnow,688-P
06/10/21,Fukui,1406-R
06/10/21,Minnow,684-P
06/10/21,Fukui,581-P
06/10/21,Minnow,1378-P
06/10/21,Fukui,1461-R
06/10/21,Minnow,146-P
06/10/21,Fukui,1453
06/10/21,Minnow,1481-R
06/10/21,Minnow,1413-R
06/10/21,Fukui,1136-B
06/10/21,Minnow,1467-R
06/10/21,Fukui,602-P
06/10/21,Minnow,51-P
06/10/21,Fukui,1124-B
06/10/21,Minnow,681-P
06/10/21,Fukui,20-P
06/10/21,Fukui,1408-R
06/10/21,Minnow,658-P
06/10/21,Minnow,1383-P
06/10/21,Fukui,1190-Y
06/10/21,Minnow,1351-G
06/10/21,Fukui,644-P
06/10/21,Minnow,57-P
06/10/21,Fukui,133-Y
06/10/21,Minnow,154-P
06/10/21,Fukui,871-R
06/10/21,Fukui,177-Y
06/10/21,Minnow,1427-R
06/10/21,Fukui,648-P
06/10/21,Fukui,1498-R
06/10/21,Fukui,121-Y
06/10/21,Fukui,1188-Y
06/10/21,Fukui,1194-Y
06/10/21,Fukui,22-P
06/10/21,Minnow,73-P
06/10/21,Minnow,174-P
06/10/21,Minnow,1457-R
06/10/21,Minnow,194-P
06/10/21,Minnow,182-P
06/10/21,Fukui,611-P
06/10/21,Minnow,1081-Y
06/10/21,Minnow,196-P
06/10/21,Fukui,1167-Y
06/10/21,Fukui,367-R
06/10/21,Minnow,1100-P
06/10/21,Minnow,1119-Y
06/10/21,Fukui,149-Y
06/10/21,Minnow,1106-Y
06/11/21,Minnow,1425-R
06/11/21,Fukui,609-P
06/11/21,Minnow,682-P
06/11/21,Fukui,176-Y
06/11/21,Minnow,1343-G
06/11/21,Fukui,572-P
06/11/21,Minnow,1423-R
06/11/21,Fukui,1451-R
06/11/21,Fukui,1179-Y
06/11/21,Minnow,1397-P
06/11/21,Fukui,618-P
06/11/21,Minnow,1107-Y
06/11/21,Fukui,12-P
06/11/21,Minnow,1148-B
06/11/21,Minnow,158-P
06/11/21,Fukui,1172-Y
06/11/21,Minnow,135-P
06/11/21,Fukui,1489-R
06/11/21,Minnow,1154-Y
06/11/21,Fukui,1496-R
06/11/21,Minnow,193-P
06/11/21,Fukui,1100-Y
06/11/21,Fukui,1156-Y
06/11/21,Minnow,637-P
06/11/21,Minnow,1151-Y
06/11/21,Fukui,148-Y
06/11/21,Fukui,1488-R
06/11/21,Minnow,1149-Y
06/11/21,Minnow,1483-R
06/11/21,Fukui,187-Y
06/11/21,Minnow,668-P
06/11/21,Fukui,1407-R
06/11/21,Minnow,168-P
06/11/21,Fukui,1181-Y
06/11/21,Minnow,157-P
06/11/21,Fukui,1432-R
06/11/21,Minnow,35-P
06/11/21,Fukui,1177-Y
06/11/21,Minnow,1074-P
06/11/21,Fukui,1361-G
06/11/21,Minnow,678-P
06/11/21,Fukui,1430-R
06/11/21,Minnow,630-P
06/11/21,Fukui,23-P
06/11/21,Minnow,185-Y
06/11/21,Fukui,176-P
06/11/21,Minnow,1131-Y
06/11/21,Fukui,141-Y
06/11/21,Minnow,1320-G
06/11/21,Fukui,690-P
06/16/21,Minnow,1178-B
06/16/21,Fukui,1498-R
06/16/21,Minnow,1343-G
06/16/21,Fukui,12-P
06/16/21,Minnow,1072-B
06/16/21,Fukui,1172-Y
06/16/21,Minnow,1071-B
06/16/21,Fukui,1100-Y
06/16/21,Minnow,1351-G
06/16/21,Fukui,1496-R
06/16/21,Minnow,162-P
06/16/21,Fukui,1181-Y
06/16/21,Minnow,1040-Y
06/16/21,Fukui,1177-Y
06/16/21,Minnow,567-P
06/16/21,Fukui,1195-Y
06/16/21,Minnow,1038-Y
06/16/21,Fukui,1936-R
06/16/21,Minnow,667-P
06/16/21,Fukui,1429-R
06/16/21,Minnow,1060-B
06/16/21,Fukui,609-P
06/16/21,Minnow,1146-Y
06/16/21,Fukui,1467-R
06/16/21,Minnow,1319-G
06/16/21,Fukui,1432-R
06/16/21,Minnow,1370-P
06/16/21,Fukui,19-P
06/16/21,Minnow,1122-Y
06/16/21,Fukui,104-Y
06/16/21,Minnow,1131-Y
06/16/21,Fukui,177-Y
06/16/21,Minnow,630-P
06/16/21,Fukui,1453-R
06/16/21,Minnow,1425-R
06/16/21,Fukui,1430-R
06/16/21,Minnow,682-P
06/16/21,Fukui,1190-Y
06/16/21,Fukui,20-P
06/16/21,Minnow,68-P
06/16/21,Fukui,141-Y
06/16/21,Minnow,158-P
06/16/21,Fukui,194-Y
06/16/21,Minnow,1148-B
06/16/21,Minnow,1483-R
06/16/21,Fukui,1194-Y
06/16/21,Minnow,1413-R
06/16/21,Fukui,115-Y
06/16/21,Minnow,1423-R
06/16/21,Fukui,1136-R
06/16/21,Minnow,1320-G
06/16/21,Fukui,148-Y
06/16/21,Fukui,1101-Y
06/16/21,Minnow,1107-Y
06/16/21,Minnow,1154-Y
06/16/21,Fukui,690-P
06/16/21,Fukui,1488-P
06/16/21,Minnow,678-P
06/16/21,Minnow,1084-Y
06/16/21,Fukui,1124-B
06/16/21,Fukui,145-Y
06/16/21,Minnow,688-P
06/16/21,Fukui,176-P
06/16/21,Minnow,166-P
06/16/21,Fukui,1451-R
06/16/21,Minnow,1378-P
06/16/21,Fukui,1167-Y
06/16/21,Minnow,658-P
06/16/21,Fukui,1156-Y
06/16/21,Minnow,680-P
06/16/21,Fukui,1361-G
06/16/21,Minnow,1427-R
06/16/21,Fukui,1179-Y
06/16/21,Minnow,183-P
06/16/21,Fukui,149-Y
06/16/21,Minnow,51-P
06/16/21,Fukui,1175-Y
06/16/21,Minnow,146-P
06/16/21,Fukui,23-P
06/16/21,Minnow,684-P
06/16/21,Fukui,1188-Y
06/16/21,Minnow,165-P
06/16/21,Fukui,618-P
06/16/21,Minnow,73-P
06/16/21,Fukui,176-Y
06/16/21,Minnow,1457-R
06/16/21,Fukui,133-Y
06/16/21,Minnow,1400-P
06/16/21,Fukui,187-Y
06/16/21,Minnow,194-P
06/17/21,Minnow,1131-Y
06/17/21,Fukui,177-Y
06/17/21,Minnow,630-P
06/17/21,Fukui,1453-R
06/17/21,Minnow,1425-R
06/17/21,Fukui,1430-R
06/17/21,Minnow,682-P
06/17/21,Fukui,1190-Y
06/17/21,Fukui,20-P
06/17/21,Minnow,68-P
06/17/21,Fukui,141-Y
06/17/21,Minnow,158-P
06/17/21,Fukui,194-Y
06/17/21,Minnow,1148-B
06/17/21,Minnow,1483-R
06/17/21,Fukui,1194-Y
06/17/21,Minnow,1413-R
06/17/21,Fukui,115-Y
06/17/21,Minnow,1423-R
06/17/21,Fukui,1136-R
06/17/21,Minnow,1320-G
06/17/21,Fukui,148-Y
06/17/21,Fukui,1101-Y
06/17/21,Minnow,1107-Y
06/17/21,Minnow,1154-Y
06/17/21,Fukui,690-P
06/17/21,Fukui,1488-P
06/17/21,Minnow,678-P
06/17/21,Minnow,1084-Y
06/17/21,Fukui,1124-B
06/17/21,Fukui,145-Y
06/17/21,Minnow,688-P
06/17/21,Fukui,176-P
06/17/21,Minnow,166-P
06/17/21,Fukui,1451-R
06/17/21,Minnow,1378-P
06/17/21,Fukui,1167-Y
06/17/21,Minnow,658-P
06/17/21,Fukui,1156-Y
06/17/21,Minnow,680-P
06/17/21,Fukui,1361-G
06/17/21,Minnow,1427-R
06/17/21,Fukui,1179-Y
06/17/21,Minnow,183-P
06/17/21,Fukui,149-Y
06/17/21,Minnow,51-P
06/17/21,Fukui,1175-Y
06/17/21,Minnow,146-P
06/17/21,Fukui,23-P
06/17/21,Minnow,684-P
06/17/21,Fukui,1188-Y
06/17/21,Minnow,165-P
06/17/21,Fukui,618-P
06/17/21,Minnow,73-P
06/17/21,Fukui,176-Y
06/17/21,Minnow,1457-R
06/17/21,Fukui,133-Y
06/17/21,Minnow,1400-P
06/17/21,Fukui,187-Y
06/17/21,Minnow,194-P
06/23/21,Fukui,1436-R
06/23/21,Minnow,1084-Y
06/23/21,Fukui,20-P
06/23/21,Minnow,681-P
06/23/21,Fukui,1124-B
06/23/21,Minnow,183-P
06/23/21,Fukui,19-P
06/23/21,Minnow,185-P
06/23/21,Fukui,1361-G
06/23/21,Minnow,630-P
06/23/21,Fukui,690-P
06/23/21,Minnow,1320-G
06/23/21,Fukui,104-Y
06/23/21,Minnow,684-P
06/23/21,Fukui,12-P
06/23/21,Minnow,1154-Y
06/23/21,Fukui,1489-R
06/23/21,Minnow,1148-B
06/23/21,Fukui,1432-R
06/23/21,Minnow,658-P
06/23/21,Fukui,1429-R
06/23/21,Minnow,1409-R
06/23/21,Fukui,1496-R
06/23/21,Minnow,1413-R
06/23/21,Fukui,1453-R
06/23/21,Minnow,1378-P
06/23/21,Fukui,1407-R
06/23/21,Minnow,668-P
06/23/21,Fukui,23-P
06/23/21,Minnow,1427-R
06/23/21,Minnow,1483-R
06/23/21,Fukui,1177-Y
06/23/21,Minnow,1457-R
06/23/21,Fukui,1156-Y
06/23/21,Minnow,678-P
06/23/21,Fukui,177-Y
06/23/21,Minnow,73-P
06/23/21,Fukui,1179-Y
06/23/21,Fukui,194-Y
06/23/21,Minnow,1131-Y
06/23/21,Fukui,1175-Y
06/23/21,Minnow,1107-Y
06/23/21,Fukui,176-Y
06/23/21,Minnow,146-P
06/23/21,Minnow,75-P
06/23/21,Fukui,141-Y
06/23/21,Minnow,668-P
06/23/21,Fukui,148-Y
06/23/21,Minnow,1425-R
06/23/21,Fukui,1188-Y
06/23/21,Minnow,682-P
06/23/21,Fukui,1195-Y
06/23/21,Fukui,1194-Y
06/23/21,Minnow,166-P
06/23/21,Minnow,165-P
06/23/21,Fukui,149-Y
06/23/21,Fukui,187-Y
06/23/21,Minnow,51-P
06/23/21,Minnow,1423-R
06/23/21,Fukui,133-Y
06/23/21,Minnow,1481-R
06/23/21,Fukui,1443-R
06/23/21,Minnow,1148-Y
06/23/21,Fukui,1100-Y
06/23/21,Minnow,1467-R
06/23/21,Fukui,1172-Y
06/23/21,Minnow,182-Y
06/23/21,Fukui,119-Y
06/23/21,Minnow,1138-Y
06/23/21,Fukui,621-P
06/23/21,Minnow,1119-Y
06/23/21,Fukui,164-Y
06/23/21,Minnow,1106-Y
06/23/21,Fukui,1187-Y
06/23/21,Minnow,147-Y
06/23/21,Fukui,1181-Y
06/23/21,Minnow,1081-Y
06/23/21,Fukui,184-Y
06/23/21,Minnow,139-Y
06/23/21,Fukui,609-P
06/24/21,Fukui,1436-R
06/24/21,Minnow,1084-Y
06/24/21,Fukui,20-P
06/24/21,Minnow,681-P
06/24/21,Fukui,1124-B
06/24/21,Minnow,183-P
06/24/21,Fukui,19-P
06/24/21,Minnow,185-P
06/24/21,Fukui,1361-G
06/24/21,Minnow,630-P
06/24/21,Fukui,690-P
06/24/21,Minnow,1320-G
06/24/21,Fukui,104-Y
06/24/21,Minnow,684-P
06/24/21,Fukui,12-P
06/24/21,Minnow,1154-Y
06/24/21,Fukui,1489-R
06/24/21,Minnow,1148-B
06/24/21,Fukui,1432-R
06/24/21,Minnow,658-P
06/24/21,Fukui,1429-R
06/24/21,Minnow,1409-R
06/24/21,Fukui,1496-R
06/24/21,Minnow,1413-R
06/24/21,Fukui,1453-R
06/24/21,Minnow,1378-P
06/24/21,Fukui,1407-R
06/24/21,Minnow,668-P
06/24/21,Fukui,23-P
06/24/21,Minnow,1427-R
06/24/21,Minnow,1483-R
06/24/21,Fukui,1177-Y
06/24/21,Minnow,1457-R
06/24/21,Fukui,1156-Y
06/24/21,Minnow,678-P
06/24/21,Fukui,177-Y
06/24/21,Minnow,73-P
06/24/21,Fukui,1179-Y
06/24/21,Fukui,194-Y
06/24/21,Minnow,1131-Y
06/24/21,Fukui,1175-Y
06/24/21,Minnow,1107-Y
06/24/21,Fukui,176-Y
06/24/21,Minnow,146-P
06/24/21,Minnow,75-P
06/24/21,Fukui,141-Y
06/24/21,Minnow,668-P
06/24/21,Fukui,148-Y
06/24/21,Minnow,1425-R
06/24/21,Fukui,1188-Y
06/24/21,Minnow,682-P
06/24/21,Fukui,1195-Y
06/24/21,Fukui,1194-Y
06/24/21,Minnow,166-P
06/24/21,Minnow,165-P
06/24/21,Fukui,149-Y
06/24/21,Fukui,187-Y
06/24/21,Minnow,51-P
06/24/21,Minnow,1423-R
06/24/21,Fukui,133-Y
06/24/21,Minnow,1481-R
06/24/21,Fukui,1443-R
06/24/21,Minnow,1148-Y
06/24/21,Fukui,1100-Y
06/24/21,Minnow,1467-R
06/24/21,Fukui,1172-Y
06/24/21,Minnow,182-Y
06/24/21,Fukui,119-Y
06/24/21,Minnow,1138-Y
06/24/21,Fukui,621-P
06/24/21,Minnow,1119-Y
06/24/21,Fukui,164-Y
06/24/21,Minnow,1106-Y
06/24/21,Fukui,1187-Y
06/24/21,Minnow,147-Y
06/24/21,Fukui,1181-Y
06/24/21,Minnow,1081-Y
06/24/21,Fukui,184-Y
06/24/21,Minnow,139-Y
06/24/21,Fukui,609-P
06/24/21,Fukui,115-Y
06/24/21,Minnow,1479-R
06/24/21,Fukui,145-Y
06/24/21,Minnow,174-P
06/24/21,Fukui,176-P
06/24/21,Minnow,1077-Y
06/24/21,Fukui,1451-R
06/24/21,Minnow,95-P
06/24/21,Fukui,1136-B
06/24/21,Minnow,57-P
06/24/21,Fukui,1101-Y
06/24/21,Minnow,1383-P
06/24/21,Fukui,1167-Y
06/24/21,Minnow,194-P
06/24/21,Fukui,166-Y
06/24/21,Minnow,70-P
06/24/21,Fukui,573-P
06/24/21,Minnow,19-P
06/24/21,Fukui,1488-R
06/24/21,Minnow,1400-P
06/24/21,Fukui,128-Y
06/24/21,Minnow,72-P
06/24/21,Fukui,572-P
06/24/21,Minnow,92-P
06/24/21,Fukui,1190-Y
06/24/21,Minnow,154-P
06/24/21,Fukui,1430-R
06/24/21,Minnow,134-P
06/24/21,Fukui,618-P
06/24/21,Minnow,1079-Y
06/25/21,Minnow,1483-R
06/25/21,Fukui,1177-Y
06/25/21,Minnow,1457-R
06/25/21,Fukui,1156-Y
06/25/21,Minnow,678-P
06/25/21,Fukui,177-Y
06/25/21,Minnow,73-P
06/25/21,Fukui,1179-Y
06/25/21,Fukui,194-Y
06/25/21,Minnow,1131-Y
06/25/21,Fukui,1175-Y
06/25/21,Minnow,1107-Y
06/25/21,Fukui,176-Y
06/25/21,Minnow,146-P
06/25/21,Minnow,75-P
06/25/21,Fukui,141-Y
06/25/21,Minnow,668-P
06/25/21,Fukui,148-Y
06/25/21,Minnow,1425-R
06/25/21,Fukui,1188-Y
06/25/21,Minnow,682-P
06/25/21,Fukui,1195-Y
06/25/21,Fukui,1194-Y
06/25/21,Minnow,166-P
06/25/21,Minnow,165-P
06/25/21,Fukui,149-Y
06/25/21,Fukui,187-Y
06/25/21,Minnow,51-P
06/25/21,Minnow,1423-R
06/25/21,Fukui,133-Y
06/25/21,Minnow,1481-R
06/25/21,Fukui,1443-R
06/25/21,Minnow,1148-Y
06/25/21,Fukui,1100-Y
06/25/21,Minnow,1467-R
06/25/21,Fukui,1172-Y
06/25/21,Minnow,182-Y
06/25/21,Fukui,119-Y
06/25/21,Minnow,1138-Y
06/25/21,Fukui,621-P
06/25/21,Minnow,1119-Y
06/25/21,Fukui,164-Y
06/25/21,Minnow,1106-Y
06/25/21,Fukui,1187-Y
06/25/21,Minnow,147-Y
06/25/21,Fukui,1181-Y
06/25/21,Minnow,1081-Y
06/25/21,Fukui,184-Y
06/25/21,Minnow,139-Y
06/25/21,Fukui,609-P
06/25/21,Minnow,91-P
06/25/21,Fukui,178-Y
06/25/21,Minnow,1083-Y
06/25/21,Fukui,1431-R
06/25/21,Minnow,193-Y
06/25/21,Fukui,644-P
06/25/21,Minnow,1351-G
06/25/21,Fukui,1406-R
06/25/21,Minnow,1122-Y
06/25/21,Fukui,123-Y
06/25/21,Minnow,667-P
06/25/21,Fukui,1452-R
06/25/21,Minnow,1090-Y
06/25/21,Fukui,611-P
06/25/21,Minnow,1072-G
06/25/21,Fukui,619-P
06/25/21,Minnow,1088-Y
06/25/21,Fukui,1408-R
06/25/21,Minnow,172-P
06/25/21,Fukui,1495-R
06/25/21,Minnow,1071-B
06/25/21,Fukui,871-R
06/25/21,Minnow,1319-G
06/25/21,Fukui,1445-R
06/25/21,Fukui,367-R
06/25/21,Minnow,161-P
06/25/21,Fukui,574-P
06/25/21,Minnow,1182-G
06/25/21,Fukui,670-P
06/25/21,Minnow,160-P
06/25/21,Minnow,1404-R
06/25/21,Fukui,22-P
06/25/21,Minnow,1323-G
06/25/21,Fukui,1498-R
06/25/21,Minnow,1399-G
06/25/21,Fukui,121-Y
06/29/21,Shrimp,S.1.A
06/29/21,Shrimp,S.1.B
06/29/21,Shrimp,S.1.C
06/29/21,Shrimp,S.1.D
06/29/21,Shrimp,S.1.E
06/30/21,Shrimp,S.1.A
06/30/21,Shrimp,S.1.B
06/30/21,Shrimp,S.1.C
06/30/21,Shrimp,S.1.D
06/30/21,Shrimp,S.1.E
06/29/21,Shrimp,S.2.A
06/29/21,Shrimp,S.2.B
06/29/21,Shrimp,S.2.C
06/29/21,Shrimp,S.2.D
06/29/21,Shrimp,S.2.E
06/29/21,Shrimp,S.2.F
06/29/21,Shrimp,S.2.G
06/29/21,Shrimp,S.2.H
06/30/21,Shrimp,S.2.A
06/30/21,Shrimp,S.2.B
06/30/21,Shrimp,S.2.C
06/30/21,Shrimp,S.2.D
06/30/21,Shrimp,S.2.E
06/30/21,Shrimp,S.2.F
06/30/21,Shrimp,S.2.G
06/30/21,Shrimp,S.2.H
06/29/21,Shrimp,S.3.A
06/29/21,Shrimp,S.3.B
06/29/21,Shrimp,S.3.C
06/29/21,Shrimp,S.3.D
06/29/21,Shrimp,S.3.E
06/30/21,Shrimp,S.3.A
06/30/21,Shrimp,S.3.B
06/30/21,Shrimp,S.3.C
06/30/21,Shrimp,S.3.D
06/30/21,Shrimp,S.3.E
06/29/21,Shrimp,S.4.A
06/29/21,Shrimp,S.4.B
06/29/21,Shrimp,S.4.C
06/29/21,Shrimp,S.4.D
06/29/21,Shrimp,S.4.E
06/30/21,Shrimp,S.4.A
06/30/21,Shrimp,S.4.B
06/30/21,Shrimp,S.4.C
06/30/21,Shrimp,S.4.D
06/30/21,Shrimp,S.4.E
06/29/21,Shrimp,S.5.A
06/29/21,Shrimp,S.5.B
06/29/21,Shrimp,S.5.C
06/29/21,Shrimp,S.5.D
06/29/21,Shrimp,S.5.E
06/29/21,Shrimp,S.5.F
06/29/21,Shrimp,S.5.G
06/30/21,Shrimp,S.5.A
06/30/21,Shrimp,S.5.B
06/30/21,Shrimp,S.5.C
06/30/21,Shrimp,S.5.D
06/30/21,Shrimp,S.5.E
06/30/21,Shrimp,S.5.F
06/30/21,Shrimp,S.5.G
06/29/21,Shrimp,S.19
06/29/21,Shrimp,S.20
06/29/21,Shrimp,S.18
06/30/21,Shrimp,P.19
06/30/21,Shrimp,P.20
06/30/21,Shrimp,P.18
06/29/21,Shrimp,PIER N
06/29/21,Shrimp,PIER S
06/30/21,Shrimp,PIER N
06/30/21,Shrimp,PIER S
06/30/21,Minnow,154-P
06/30/21,Fukui,572-P
06/30/21,Minnow,134-P
06/30/21,Fukui,367-R
06/30/21,Minnow,658-P
06/30/21,Fukui,621-P
06/30/21,Minnow,174-P
06/30/21,Fukui,1445-R
06/30/21,Fukui,1452-R
06/30/21,Minnow,1400-P
06/30/21,Minnow,72-P
06/30/21,Fukui,1406-R
06/30/21,Fukui,23-P
06/30/21,Fukui,611-P
06/30/21,Minnow,92-P
06/30/21,Minnow,684-P
06/30/21,Fukui,644-P
06/30/21,Minnow,630-P
06/30/21,Fukui,1498-R
06/30/21,Minnow,183-P
06/30/21,Fukui,128-Y
06/30/21,Minnow,194-P
06/30/21,Fukui,573-P
06/30/21,Minnow,70-P
06/30/21,Fukui,145-Y
06/30/21,Minnow,95-P
06/30/21,Fukui,1443-R
06/30/21,Minnow,681-P
06/30/21,Fukui,20-P
06/30/21,Minnow,1383-P
06/30/21,Minnow,1107-Y
06/30/21,Fukui,123-Y
06/30/21,Minnow,667-P
06/30/21,Fukui,1177-Y
06/30/21,Minnow,1131-Y
06/30/21,Fukui,1188-Y
06/30/21,Minnow,1090-Y
06/30/21,Fukui,177-Y
06/30/21,Minnow,165-P
06/30/21,Fukui,184-Y
06/30/21,Minnow,1148-Y
06/30/21,Fukui,1100-Y
06/30/21,Minnow,668-P
06/30/21,Fukui,194-Y
06/30/21,Minnow,1457-R
06/30/21,Fukui,119-Y
06/30/21,Minnow,1088-Y
06/30/21,Fukui,176-Y
06/30/21,Minnow,678-P
06/30/21,Fukui,1187-Y
06/30/21,Minnow,682-P
06/30/21,Fukui,1405-R
06/30/21,Minnow,1083-Y
06/30/21,Fukui,1172-Y
06/30/21,Minnow,1351-G
06/30/21,Fukui,1194-Y
06/30/21,Minnow,1423-R
06/30/21,Fukui,178-Y
06/30/21,Minnow,1483-R
06/30/21,Fukui,133-Y
06/30/21,Minnow,146-P
06/30/21,Fukui,624-P
06/30/21,Minnow,1072-B
06/30/21,Fukui,141-Y
06/30/21,Minnow,182-Y
06/30/21,Fukui,149-Y
06/30/21,Minnow,1481-R
06/30/21,Fukui,121-Y
06/30/21,Minnow,51-P
06/30/21,Fukui,1136-B
06/30/21,Minnow,1467-R
06/30/21,Fukui,1156-Y
06/30/21,Minnow,193-Y
06/30/21,Fukui,619-P
06/30/21,Minnow,1425-R
06/30/21,Fukui,22-P
06/30/21,Minnow,1323-G
06/30/21,Fukui,1489-R
06/30/21,Minnow,1399-G
06/30/21,Fukui,574-P
06/29/21,Hand,N/A
06/30/21,Minnow,57-P
06/30/21,Fukui,1495-R
06/30/21,Minnow,1479-R
06/30/21,Fukui,148-Y
06/30/21,Minnow,1148-B
06/30/21,Fukui,1407-R
06/30/21,Minnow,1413-R
06/30/21,Fukui,609-P
06/30/21,Fukui,19-P
06/30/21,Minnow,1378-P
06/30/21,Fukui,1124-B
06/30/21,Minnow,166-P
06/30/21,Fukui,1195-Y
06/30/21,Minnow,73-P
06/30/21,Minnow,1427-R
06/30/21,Fukui,1181-Y
06/30/21,Minnow,1154-Y
06/30/21,Fukui,164-Y
06/30/21,Minnow,1084-Y
06/30/21,Fukui,12-P
06/30/21,Minnow,1320-G
06/30/21,Fukui,1431-R
06/30/21,Fukui,1179-Y
06/30/21,Minnow,91-P
06/30/21,Minnow,1122-Y
06/30/21,Fukui,1175-Y
06/30/21,Fukui,187-Y
06/30/21,Minnow,1404-R
06/30/21,Minnow,1409-R
06/30/21,Fukui,166-Y
07/01/21,Minnow,57-P
07/01/21,Fukui,1495-R
07/01/21,Minnow,1479-R
07/01/21,Fukui,148-Y
07/01/21,Minnow,1148-B
07/01/21,Fukui,1407-R
07/01/21,Minnow,1413-R
07/01/21,Fukui,609-P
07/01/21,Fukui,19-P
07/01/21,Minnow,1378-P
07/01/21,Fukui,1124-B
07/01/21,Minnow,166-P
07/01/21,Fukui,1195-Y
07/01/21,Minnow,73-P
07/01/21,Minnow,1427-R
07/01/21,Fukui,1181-Y
07/01/21,Minnow,1154-Y
07/01/21,Fukui,164-Y
07/01/21,Minnow,1084-Y
07/01/21,Fukui,12-P
07/01/21,Minnow,1320-G
07/01/21,Fukui,1431-R
07/01/21,Fukui,1179-Y
07/01/21,Minnow,91-P
07/01/21,Minnow,1122-Y
07/01/21,Fukui,1175-Y
07/01/21,Fukui,187-Y
07/01/21,Minnow,1404-R
07/01/21,Minnow,1409-R
07/01/21,Fukui,166-Y
06/30/21,Minnow,142-P
06/30/21,Fukui,1488-R
06/30/21,Minnow,158-P
06/30/21,Fukui,1101-Y
06/30/21,Minnow,688-P
06/30/21,Fukui,1432-R
06/30/21,Fukui,618-P
06/30/21,Minnow,49-P
06/30/21,Fukui,115-Y
06/30/21,Minnow,184-P
07/01/21,Minnow,142-P
07/01/21,Fukui,1488-R
07/01/21,Minnow,158-P
07/01/21,Fukui,1101-Y
07/01/21,Minnow,688-P
07/01/21,Fukui,1432-R
07/01/21,Fukui,618-P
07/01/21,Minnow,49-P
07/01/21,Fukui,115-Y
07/01/21,Minnow,184-P
06/30/21,Fukui,104-Y
06/30/21,Minnow,1077-Y
06/30/21,Minnow,1121-Y
06/30/21,Fukui,1361-G
06/30/21,Minnow,N/A
06/30/21,Minnow,1179-Y
06/30/21,Minnow,75-P
06/30/21,Fukui,690-P
06/30/21,Fukui,1190-Y
06/30/21,Fukui,1453-R
06/30/21,Minnow,162-P
06/30/21,Fukui,1451-R
06/30/21,Minnow,1146-Y
06/30/21,Fukui,648-P
06/30/21,Minnow,1178-B
06/30/21,Fukui,602-P
06/30/21,Minnow,567-P
06/30/21,Fukui,1461-R
06/30/21,Minnow,1370-P
06/30/21,Fukui,581-P
07/07/21,Minnow,1483-R
07/07/21,Fukui,1488-R
07/07/21,Minnow,1106-Y
07/07/21,Fukui,1495-R
07/07/21,Minnow,1107-Y
07/07/21,Fukui,1179-Y
07/07/21,Minnow,1178-B
07/07/21,Fukui,1407-R
07/07/21,Minnow,1418-R
07/07/21,Fukui,1181-Y
07/07/21,Minnow,195-P
07/07/21,Fukui,115-Y
07/07/21,Minnow,1138-Y
07/07/21,Fukui,618-P
07/07/21,Minnow,114-Y
07/07/21,Fukui,12-P
07/07/21,Minnow,1083-Y
07/07/21,Fukui,1195-Y
07/07/21,Minnow,667-P
07/07/21,Fukui,1175-Y
07/07/21,Fukui,619-P
07/07/21,Minnow,1148-B
07/07/21,Fukui,1187-Y
07/07/21,Minnow,1122-Y
07/07/21,Fukui,648-P
07/07/21,Minnow,1351-G
07/07/21,Fukui,20-P
07/07/21,Minnow,171-Y
07/07/21,Fukui,176-P
07/07/21,Minnow,1346-G
07/07/21,Fukui,574-P
07/07/21,Minnow,81-P
07/07/21,Fukui,621-P
07/07/21,Minnow,1181-B
07/07/21,Fukui,1176-Y
07/07/21,Minnow,1427-R
07/07/21,Fukui,1156-Y
07/07/21,Minnow,1464-R
07/07/21,Fukui,178-Y
07/07/21,Minnow,1320-G
07/07/21,Fukui,1167-Y
07/07/21,Minnow,1081-Y
07/07/21,Fukui,1100-Y
07/07/21,Minnow,626-P
07/07/21,Fukui,1173-Y
07/07/21,Minnow,1084-Y
07/07/21,Fukui,1177-Y
07/07/21,Minnow,1319-G
07/07/21,Fukui,1451-R
07/07/21,Minnow,1370-P
07/07/21,Minnow,158-P
07/07/21,Fukui,573-P
07/07/21,Minnow,1378-P
07/07/21,Fukui,367-R
07/07/21,Minnow,142-P
07/07/21,Fukui,1361-G
07/07/21,Minnow,1404-R
07/07/21,Fukui,1453-R
07/07/21,Fukui,572-P
07/07/21,Minnow,184-P
07/07/21,Fukui,644-P
07/07/21,Minnow,1154-Y
07/07/21,Fukui,1190-Y
07/07/21,Minnow,91-P
07/07/21,Minnow,1413-R
07/07/21,Fukui,1461-R
07/07/21,Minnow,1479-R
07/07/21,Fukui,141-Y
07/07/21,Minnow,1409-R
07/07/21,Fukui,1443-R
07/07/21,Minnow,57-P
07/07/21,Fukui,1489-R
07/07/21,Fukui,1498-R
07/07/21,Minnow,73-P
07/07/21,Minnow,688-P
07/07/21,Fukui,23-P
07/07/21,Fukui,1445-R
07/07/21,Minnow,49-P
07/07/21,Minnow,166-P
07/07/21,Fukui,149-Y
07/07/21,Minnow,1325-G
07/07/21,Fukui,148-Y
07/07/21,Minnow,1467-R
07/07/21,Fukui,166-Y
07/07/21,Minnow,1071-B
07/07/21,Fukui,609-P
07/07/21,Minnow,1457-R
07/07/21,Fukui,1431-R
07/07/21,Minnow,1405-R
07/07/21,Fukui,1432-R
07/08/21,Minnow,1483-R
07/08/21,Fukui,1488-R
07/08/21,Minnow,1106-Y
07/08/21,Fukui,1495-R
07/08/21,Minnow,1107-Y
07/08/21,Fukui,1179-Y
07/08/21,Minnow,1178-B
07/08/21,Fukui,1407-R
07/08/21,Minnow,1418-R
07/08/21,Fukui,1181-Y
07/08/21,Minnow,195-P
07/08/21,Fukui,115-Y
07/08/21,Minnow,1138-Y
07/08/21,Fukui,618-P
07/08/21,Minnow,114-Y
07/08/21,Fukui,12-P
07/08/21,Minnow,1083-Y
07/08/21,Fukui,1195-Y
07/08/21,Minnow,667-P
07/08/21,Fukui,1175-Y
07/08/21,Fukui,619-P
07/08/21,Minnow,1148-B
07/08/21,Fukui,1187-Y
07/08/21,Minnow,1122-Y
07/08/21,Fukui,648-P
07/08/21,Minnow,1351-G
07/08/21,Fukui,20-P
07/08/21,Minnow,171-Y
07/08/21,Fukui,176-P
07/08/21,Minnow,1346-G
07/08/21,Fukui,574-P
07/08/21,Minnow,81-P
07/08/21,Fukui,621-P
07/08/21,Minnow,1181-B
07/08/21,Fukui,1176-Y
07/08/21,Minnow,1427-R
07/08/21,Fukui,1156-Y
07/08/21,Minnow,1464-R
07/08/21,Fukui,178-Y
07/08/21,Minnow,1320-G
07/08/21,Fukui,1167-Y
07/08/21,Minnow,1081-Y
07/08/21,Fukui,1100-Y
07/08/21,Minnow,626-P
07/08/21,Fukui,1173-Y
07/08/21,Minnow,1084-Y
07/08/21,Fukui,1177-Y
07/08/21,Minnow,1319-G
07/08/21,Fukui,1451-R
07/08/21,Minnow,1370-P
07/08/21,Minnow,158-P
07/08/21,Fukui,573-P
07/08/21,Minnow,1378-P
07/08/21,Fukui,367-R
07/08/21,Minnow,142-P
07/08/21,Fukui,1361-G
07/08/21,Minnow,1404-R
07/08/21,Fukui,1453-R
07/08/21,Fukui,572-P
07/08/21,Minnow,184-P
07/08/21,Fukui,644-P
07/08/21,Minnow,1154-Y
07/08/21,Fukui,1190-Y
07/08/21,Minnow,91-P
07/08/21,Minnow,1413-R
07/08/21,Fukui,1461-R
07/08/21,Minnow,1479-R
07/08/21,Fukui,141-Y
07/08/21,Minnow,1409-R
07/08/21,Fukui,1443-R
07/08/21,Minnow,57-P
07/08/21,Fukui,1489-R
07/08/21,Fukui,1498-R
07/08/21,Minnow,73-P
07/08/21,Minnow,688-P
07/08/21,Fukui,23-P
07/08/21,Fukui,1445-R
07/08/21,Minnow,49-P
07/08/21,Minnow,166-P
07/08/21,Fukui,149-Y
07/08/21,Minnow,1325-G
07/08/21,Fukui,148-Y
07/08/21,Minnow,1467-R
07/08/21,Fukui,166-Y
07/08/21,Minnow,1071-B
07/08/21,Fukui,609-P
07/08/21,Minnow,1457-R
07/08/21,Fukui,1431-R
07/08/21,Minnow,1405-R
07/08/21,Fukui,1432-R
07/08/21,Minnow,1149-Y
07/08/21,Fukui,145-Y
07/08/21,Minnow,1151-Y
07/08/21,Fukui,1452-R
07/08/21,Minnow,637-P
07/08/21,Fukui,581-P
07/08/21,Fukui,611-P
07/08/21,Minnow,135-P
07/08/21,Fukui,133-Y
07/08/21,Minnow,193-P
07/09/21,Minnow,1483-R
07/09/21,Fukui,1488-R
07/09/21,Minnow,1106-Y
07/09/21,Fukui,1495-R
07/09/21,Minnow,1107-Y
07/09/21,Fukui,1179-Y
07/09/21,Minnow,1178-B
07/09/21,Fukui,1407-R
07/09/21,Minnow,1418-R
07/09/21,Fukui,1181-Y
07/09/21,Minnow,195-P
07/09/21,Fukui,115-Y
07/09/21,Minnow,1138-Y
07/09/21,Fukui,618-P
07/09/21,Minnow,114-Y
07/09/21,Fukui,12-P
07/09/21,Minnow,1083-Y
07/09/21,Fukui,1195-Y
07/09/21,Minnow,667-P
07/09/21,Fukui,1175-Y
07/09/21,Minnow,158-P
07/09/21,Fukui,573-P
07/09/21,Minnow,1378-P
07/09/21,Fukui,367-R
07/09/21,Minnow,142-P
07/09/21,Fukui,1361-G
07/09/21,Minnow,1404-R
07/09/21,Fukui,1453-R
07/09/21,Fukui,572-P
07/09/21,Minnow,184-P
07/09/21,Fukui,644-P
07/09/21,Minnow,1154-Y
07/09/21,Fukui,1190-Y
07/09/21,Minnow,91-P
07/09/21,Minnow,1413-R
07/09/21,Fukui,1461-R
07/09/21,Minnow,1479-R
07/09/21,Fukui,141-Y
07/09/21,Minnow,1409-R
07/09/21,Fukui,1443-R
07/09/21,Minnow,57-P
07/09/21,Fukui,1489-R
07/09/21,Fukui,1498-R
07/09/21,Minnow,73-P
07/09/21,Minnow,688-P
07/09/21,Fukui,23-P
07/09/21,Fukui,1445-R
07/09/21,Minnow,49-P
07/09/21,Minnow,166-P
07/09/21,Fukui,149-Y
07/21/21,Minnow,147-Y
07/21/21,Fukui,1194-Y
07/21/21,Minnow,688-P
07/21/21,Fukui,1430-R
07/21/21,Minnow,1131-Y
07/21/21,Fukui,187-Y
07/21/21,Minnow,1146-Y
07/21/21,Fukui,119-Y
07/21/21,Fukui,1188-Y
07/21/21,Minnow,1109-Y
07/21/21,Fukui,1408-R
07/21/21,Minnow,139-Y
07/21/21,Fukui,123-Y
07/21/21,Minnow,192-P
07/21/21,Minnow,1148-Y
07/21/21,Fukui,1172-Y
07/21/21,Minnow,1404-R
07/21/21,Fukui,164-Y
07/21/21,Minnow,170-Y
07/21/21,Fukui,176-Y
07/21/21,Minnow,1090-Y
07/21/21,Fukui,194-Y
07/21/21,Fukui,177-Y
07/21/21,Minnow,1154-Y
07/21/21,Minnow,1088-Y
07/21/21,Fukui,1101-Y
07/21/21,Fukui,1496-R
07/21/21,Minnow,1178-B
07/21/21,Minnow,146-Y
07/21/21,Fukui,184-Y
07/21/21,Fukui,1436-R
07/21/21,Minnow,171-Y
07/21/21,Fukui,1124-B
07/21/21,Minnow,567-P
07/21/21,Fukui,1461-R
07/21/21,Minnow,668-P
07/21/21,Fukui,644-P
07/21/21,Minnow,162-P
07/21/21,Fukui,871-R
07/21/21,Minnow,1427-R
07/21/21,Fukui,1187-Y
07/21/21,Minnow,161-P
07/21/21,Fukui,668-R
07/21/21,Minnow,1138-Y
07/21/21,Fukui,1452-R
07/21/21,Minnow,1106-Y
07/21/21,Fukui,1437-R
07/21/21,Minnow,1101-B
07/21/21,Fukui,178-Y
07/21/21,Minnow,1081-Y
07/21/21,Fukui,1181-Y
07/21/21,Minnow,1083-Y
07/21/21,Fukui,1432-R
07/21/21,Minnow,655-P
07/21/21,Fukui,12-P
07/21/21,Minnow,626-P
07/21/21,Fukui,148-Y
07/21/21,Minnow,114-Y
07/21/21,Fukui,609-P
07/21/21,Minnow,35-P
07/21/21,Minnow,1149-Y
07/21/21,Fukui,572-P
07/21/21,Minnow,135-P
07/21/21,Fukui,621-P
07/21/21,Minnow,637-P
07/21/21,Fukui,1494-R
07/21/21,Minnow,1351-G
07/21/21,Fukui,367-R
07/21/21,Minnow,1151-Y
07/21/21,Fukui,133-Y
07/21/21,Minnow,1122-Y
07/21/21,Fukui,1100-Y
07/21/21,Minnow,1107-Y
07/21/21,Fukui,1190-Y
07/21/21,Minnow,168-P
07/21/21,Fukui,166-Y
07/21/21,Minnow,75-P
07/21/21,Fukui,1407-R
07/21/21,Minnow,185-Y
07/21/21,Fukui,1451-R
07/22/21,Minnow,147-Y
07/22/21,Fukui,1194-Y
07/22/21,Minnow,688-P
07/22/21,Fukui,1430-R
07/22/21,Minnow,1131-Y
07/22/21,Fukui,187-Y
07/22/21,Minnow,1146-Y
07/22/21,Fukui,119-Y
07/22/21,Fukui,1188-Y
07/22/21,Minnow,1109-Y
07/22/21,Fukui,1408-R
07/22/21,Minnow,139-Y
07/22/21,Fukui,123-Y
07/22/21,Minnow,192-P
07/22/21,Minnow,1148-Y
07/22/21,Fukui,1172-Y
07/22/21,Minnow,1404-R
07/22/21,Fukui,164-Y
07/22/21,Minnow,170-Y
07/22/21,Fukui,176-Y
07/22/21,Minnow,1090-Y
07/22/21,Fukui,194-Y
07/22/21,Fukui,177-Y
07/22/21,Minnow,1154-Y
07/22/21,Minnow,1088-Y
07/22/21,Fukui,1101-Y
07/22/21,Fukui,1496-R
07/22/21,Minnow,1178-B
07/22/21,Minnow,146-Y
07/22/21,Fukui,184-Y
07/22/21,Fukui,1436-R
07/22/21,Minnow,171-Y
07/22/21,Fukui,1124-B
07/22/21,Minnow,567-P
07/22/21,Fukui,1461-R
07/22/21,Minnow,668-P
07/22/21,Fukui,644-P
07/22/21,Minnow,162
07/22/21,Fukui,871-R
07/22/21,Minnow,1427-R
07/22/21,Fukui,1187-Y
07/22/21,Minnow,161-P
07/22/21,Fukui,668-R
07/22/21,Minnow,1138-Y
07/22/21,Fukui,1452-R
07/22/21,Minnow,1106-Y
07/22/21,Fukui,1437-R
07/22/21,Minnow,1101-B
07/22/21,Fukui,178-Y
07/22/21,Minnow,1081-Y
07/22/21,Fukui,1181-Y
07/22/21,Minnow,1083-Y
07/22/21,Fukui,1432-R
07/22/21,Minnow,655-P
07/22/21,Fukui,12-P
07/22/21,Minnow,626-P
07/22/21,Fukui,148-Y
07/22/21,Minnow,114-Y
07/22/21,Fukui,609-P
07/22/21,Minnow,35-P
07/22/21,Minnow,1149-Y
07/22/21,Fukui,572-P
07/22/21,Minnow,135-P
07/22/21,Fukui,621-P
07/22/21,Minnow,637-P
07/22/21,Fukui,1494-R
07/22/21,Minnow,1351-G
07/22/21,Fukui,367-R
07/22/21,Minnow,1151-Y
07/22/21,Fukui,133-Y
07/22/21,Minnow,1122-Y
07/22/21,Fukui,1100-Y
07/22/21,Minnow,1107-Y
07/22/21,Fukui,1190-Y
07/22/21,Minnow,168-P
07/22/21,Fukui,166-Y
07/22/21,Minnow,75-P
07/22/21,Fukui,1407-R
07/22/21,Minnow,185-Y
07/22/21,Fukui,1451-R
07/23/21,Minnow,147-Y
07/23/21,Fukui,1194-Y
07/23/21,Minnow,688-P
07/23/21,Fukui,1430-R
07/23/21,Minnow,1131-Y
07/23/21,Fukui,187-Y
07/23/21,Minnow,1146-Y
07/23/21,Fukui,119-Y
07/23/21,Fukui,1188-Y
07/23/21,Minnow,1109-Y
07/23/21,Fukui,1408-R
07/23/21,Minnow,139-Y
07/23/21,Fukui,123-Y
07/23/21,Minnow,192-P
07/23/21,Minnow,1148-Y
07/23/21,Fukui,1172-Y
07/23/21,Minnow,1404-R
07/23/21,Fukui,164-Y
07/23/21,Minnow,170-Y
07/23/21,Fukui,176-Y
07/23/21,Minnow,1090-Y
07/23/21,Fukui,194-Y
07/23/21,Fukui,177-Y
07/23/21,Minnow,1154-Y
07/23/21,Minnow,1088-Y
07/23/21,Fukui,1101-Y
07/23/21,Fukui,1496-R
07/23/21,Minnow,1178-B
07/23/21,Minnow,146-Y
07/23/21,Fukui,184-Y
07/23/21,Minnow,1149-Y
07/23/21,Fukui,572-P
07/23/21,Minnow,135-P
07/23/21,Fukui,621-P
07/23/21,Minnow,637-P
07/23/21,Fukui,1494-R
07/23/21,Minnow,1351-G
07/23/21,Fukui,367-R
07/23/21,Minnow,1151-Y
07/23/21,Fukui,133-Y
07/23/21,Minnow,1122-Y
07/23/21,Fukui,1100-Y
07/23/21,Minnow,1107-Y
07/23/21,Fukui,1190-Y
07/23/21,Minnow,168-P
07/23/21,Fukui,166-Y
07/23/21,Minnow,75-P
07/23/21,Fukui,1407-R
07/23/21,Minnow,185-Y
07/23/21,Fukui,1451-R
07/23/21,Minnow,1467-R
07/23/21,Fukui,618-P
07/23/21,Minnow,1457-R
07/23/21,Fukui,1195-Y
07/23/21,Minnow,193-P
07/23/21,Fukui,1445-R
07/23/21,Minnow,626-P
07/23/21,Fukui,1187-Y
07/23/21,Minnow,161-P
07/23/21,Fukui,1124-B
07/23/21,Minnow,668-P
07/23/21,Fukui,1432-R
07/23/21,Minnow,1081-Y
07/23/21,Fukui,1181-Y
07/23/21,Minnow,1181-B
07/23/21,Fukui,1436-R
07/23/21,Minnow,1106-Y
07/23/21,Fukui,12-P
07/23/21,Minnow,162-P
07/23/21,Fukui,668-P
07/23/21,Minnow,171-Y
07/23/21,Fukui,644-P
07/23/21,Minnow,567-P
07/23/21,Fukui,1452-R
07/23/21,Fukui,1437-R
07/23/21,Minnow,1138-Y
07/23/21,Fukui,148-Y
07/23/21,Minnow,1427-R
07/23/21,Fukui,871
07/23/21,Minnow,35-P
07/23/21,Minnow,655-P
07/23/21,Fukui,1461-R
07/23/21,Minnow,114-Y
07/23/21,Fukui,609-P
07/23/21,Minnow,1083-Y
07/23/21,Fukui,178-Y
08/03/21,Minnow,637-P
08/03/21,Fukui,184-Y
08/03/21,Minnow,1122-Y
08/03/21,Fukui,123-Y
08/03/21,Minnow,95-P
08/03/21,Fukui,1101-Y
08/03/21,Minnow,1457-R
08/03/21,Fukui,178-Y
08/03/21,Fukui,194-Y
08/03/21,Minnow,194-P
08/03/21,Fukui,1496-R
08/03/21,Minnow,1060-B
08/03/21,Fukui,119-Y
08/03/21,Minnow,75-P
08/03/21,Minnow,185-Y
08/03/21,Fukui,1430-R
08/03/21,Minnow,196-P
08/03/21,Fukui,1190-Y
08/03/21,Minnow,141-P
08/03/21,Fukui,1187-Y
08/03/21,Minnow,1413-R
08/03/21,Fukui,871-R
08/03/21,Fukui,816-P
08/03/21,Minnow,168-P
08/03/21,Minnow,192-P
08/03/21,Fukui,1194-Y
08/03/21,Fukui,164-Y
08/03/21,Minnow,135-P
08/03/21,Minnow,1131-Y
08/03/21,Fukui,1408-R
08/03/21,Minnow,687-P
08/03/21,Fukui,574-P
08/03/21,Minnow,585-P
08/03/21,Fukui,619-P
08/03/21,Minnow,142-P
08/03/21,Fukui,12-P
08/03/21,Minnow,1071-B
08/03/21,Fukui,1436-R
08/03/21,Minnow,158-P
08/03/21,Fukui,1495-R
08/03/21,Minnow,1325-G
08/03/21,Fukui,20-P
08/03/21,Minnow,1390-P
08/03/21,Fukui,1437-R
08/03/21,Minnow,74-P
08/03/21,Fukui,581-P
08/03/21,Minnow,160-P
08/03/21,Fukui,1173-Y
08/03/21,Minnow,1467-R
08/03/21,Fukui,1179-Y
08/03/21,Fukui,22-P
08/03/21,Minnow,49-P
08/03/21,Fukui,1406-R
08/03/21,Minnow,91-P
08/03/21,Fukui,1488-R
08/03/21,Minnow,57-P
08/03/21,Fukui,141-Y
08/03/21,Minnow,184-P
08/03/21,Fukui,1431-R
08/03/21,Minnow,166-P
08/03/21,Fukui,648-P
08/03/21,Minnow,1154-Y
08/03/21,Fukui,602-P
08/03/21,Minnow,1146-Y
08/03/21,Fukui,690-P
08/03/21,Minnow,147-Y
08/03/21,Fukui,1156-Y
08/03/21,Minnow,1109-Y
08/03/21,Fukui,128-Y
08/03/21,Minnow,73-P
08/03/21,Fukui,176-P
08/03/21,Minnow,157-P
08/03/21,Fukui,23-P
08/03/21,Minnow,1397-P
08/03/21,Fukui,1489-R
08/03/21,Minnow,1378-P
08/03/21,Fukui,1177-Y
08/03/21,Minnow,195-P
08/03/21,Fukui,573-P
08/03/21,Minnow,1405-R
08/04/21,Minnow,637-P
08/04/21,Fukui,184-Y
08/04/21,Minnow,1122-Y
08/04/21,Fukui,123-Y
08/04/21,Minnow,95-P
08/04/21,Fukui,1101-Y
08/04/21,Minnow,1457-R
08/04/21,Fukui,178-Y
08/04/21,Fukui,194-Y
08/04/21,Minnow,194-P
08/04/21,Fukui,1496-R
08/04/21,Minnow,1060-B
08/04/21,Fukui,119-Y
08/04/21,Minnow,75-P
08/04/21,Minnow,185-Y
08/04/21,Fukui,1430-R
08/04/21,Minnow,196-P
08/04/21,Fukui,1190-Y
08/04/21,Minnow,141-P
08/04/21,Fukui,1187-Y
08/04/21,Minnow,1413-R
08/04/21,Fukui,871-R
08/04/21,Fukui,816-P
08/04/21,Minnow,168-P
08/04/21,Minnow,192-P
08/04/21,Fukui,1194-Y
08/04/21,Fukui,164-Y
08/04/21,Minnow,135-P
08/04/21,Minnow,1131-Y
08/04/21,Fukui,1408-R
08/04/21,Minnow,1107-Y
08/04/21,Minnow,687-P
08/04/21,Fukui,574-P
08/04/21,Minnow,585-P
08/04/21,Fukui,619-P
08/04/21,Minnow,142-P
08/04/21,Fukui,12-P
08/04/21,Minnow,1071-B
08/04/21,Fukui,1436-R
08/04/21,Minnow,158-P
08/04/21,Fukui,1495-R
08/04/21,Minnow,1325-G
08/04/21,Fukui,20-P
08/04/21,Minnow,1390-P
08/04/21,Fukui,1437-R
08/04/21,Minnow,74-P
08/04/21,Fukui,581-P
08/04/21,Minnow,160-P
08/04/21,Fukui,1173-Y
08/04/21,Minnow,1467-R
08/04/21,Fukui,1179-Y
08/04/21,Fukui,22-P
08/04/21,Minnow,49-P
08/04/21,Fukui,1406-R
08/04/21,Minnow,91-P
08/04/21,Fukui,1488-R
08/04/21,Minnow,57-P
08/04/21,Fukui,141-Y
08/04/21,Minnow,184-P
08/04/21,Fukui,1431-R
08/04/21,Minnow,166-P
08/04/21,Fukui,648-P
08/04/21,Minnow,1154-Y
08/04/21,Fukui,602-P
08/04/21,Minnow,1146-Y
08/04/21,Fukui,690-P
08/04/21,Minnow,147-Y
08/04/21,Fukui,1156-Y
08/04/21,Minnow,1109-Y
08/04/21,Fukui,128-Y
08/04/21,Minnow,73-P
08/04/21,Fukui,176-P
08/04/21,Minnow,157-P
08/04/21,Fukui,23-P
08/04/21,Minnow,1397-P
08/04/21,Fukui,1489-R
08/04/21,Minnow,1378-P
08/04/21,Fukui,1177-Y
08/04/21,Minnow,195-P
08/04/21,Fukui,573-P
08/04/21,Minnow,1405-R
08/05/21,Minnow,687-P
08/05/21,Fukui,574-P
08/05/21,Minnow,585-P
08/05/21,Fukui,619-P
08/05/21,Minnow,142-P
08/05/21,Fukui,12-P
08/05/21,Minnow,1071-B
08/05/21,Fukui,1436-R
08/05/21,Minnow,158-P
08/05/21,Fukui,1495-R
08/05/21,Minnow,1325-G
08/05/21,Fukui,20-P
08/05/21,Minnow,1390-P
08/05/21,Fukui,1437-R
08/05/21,Minnow,74-P
08/05/21,Fukui,581-P
08/05/21,Minnow,160-P
08/05/21,Fukui,1173-Y
08/05/21,Minnow,1467-R
08/05/21,Fukui,1179-Y
08/05/21,Fukui,22-P
08/05/21,Minnow,49-P
08/05/21,Fukui,1406-R
08/05/21,Minnow,91-P
08/05/21,Fukui,1488-R
08/05/21,Minnow,57-P
08/05/21,Fukui,141-Y
08/05/21,Minnow,184-P
08/05/21,Fukui,1431-R
08/05/21,Minnow,166-P
08/05/21,Fukui,648-P
08/05/21,Minnow,1154-Y
08/05/21,Fukui,602-P
08/05/21,Minnow,1146-Y
08/05/21,Fukui,690-P
08/05/21,Minnow,147-Y
08/05/21,Fukui,1156-Y
08/05/21,Minnow,1109-Y
08/05/21,Fukui,128-Y
08/05/21,Minnow,73-P
08/05/21,Fukui,176-P
08/05/21,Minnow,157-P
08/05/21,Fukui,23-P
08/05/21,Minnow,1397-P
08/05/21,Fukui,1489-R
08/05/21,Minnow,1378-P
08/05/21,Fukui,1177-Y
08/05/21,Minnow,195-P
08/05/21,Fukui,573-P
08/05/21,Minnow,1405-R
08/05/21,Fukui,1430-R
08/05/21,Minnow,135-P
08/05/21,Fukui,1496-R
08/05/21,Minnow,192-P
08/05/21,Fukui,1190-Y
08/05/21,Minnow,168-P
08/05/21,Fukui,119-Y
08/05/21,Minnow,1413-R
08/05/21,Fukui,194-Y
08/05/21,Minnow,141-P
08/05/21,Fukui,1194-Y
08/05/21,Minnow,185-Y
08/05/21,Fukui,871-R
08/05/21,Minnow,196-P
08/05/21,Fukui,1187-Y
08/05/21,Minnow,1107-Y
08/05/21,Fukui,123-Y
08/05/21,Minnow,1131-Y
08/05/21,Fukui,184-Y
08/05/21,Minnow,194-P
08/05/21,Fukui,1101-Y
08/05/21,Minnow,1060-B
08/05/21,Fukui,618-P
08/05/21,Minnow,75-P
08/05/21,Fukui,164-Y
08/05/21,Minnow,1457-R
08/05/21,Fukui,178-Y
08/05/21,Minnow,95-P
08/05/21,Fukui,1408-R
08/05/21,Minnow,1122-Y
08/05/21,Minnow,637-P
08/06/21,Minnow,687-P
08/06/21,Fukui,574-P
08/06/21,Minnow,585-P
08/06/21,Fukui,619-P
08/06/21,Minnow,142-P
08/06/21,Fukui,12-P
08/06/21,Minnow,1071-B
08/06/21,Fukui,1436-R
08/06/21,Minnow,158-P
08/06/21,Fukui,1495-R
08/06/21,Minnow,1325-G
08/06/21,Fukui,20-P
08/06/21,Minnow,1390-P
08/06/21,Fukui,1437-R
08/06/21,Minnow,74-P
08/06/21,Fukui,581-P
08/06/21,Minnow,160-P
08/06/21,Fukui,1173-Y
08/06/21,Minnow,1467-R
08/06/21,Fukui,1179-Y
08/06/21,Fukui,22-P
08/06/21,Minnow,49-P
08/06/21,Fukui,1406-R
08/06/21,Minnow,91-P
08/06/21,Fukui,1488-R
08/06/21,Minnow,57-P
08/06/21,Fukui,141-Y
08/06/21,Minnow,184-P
08/06/21,Fukui,1431-R
08/06/21,Minnow,166-P
08/06/21,Fukui,648-P
08/06/21,Minnow,1154-Y
08/06/21,Fukui,602-P
08/06/21,Minnow,1146-Y
08/06/21,Fukui,690-P
08/06/21,Minnow,147-Y
08/06/21,Fukui,1156-Y
08/06/21,Minnow,1109-Y
08/06/21,Fukui,128-Y
08/06/21,Minnow,73-P
08/06/21,Fukui,176-P
08/06/21,Minnow,157-P
08/06/21,Fukui,23-P
08/06/21,Minnow,1397-P
08/06/21,Fukui,1489-R
08/06/21,Minnow,1378-P
08/06/21,Fukui,1177-Y
08/06/21,Minnow,195-P
08/06/21,Fukui,573-P
08/06/21,Minnow,1405-R
08/06/21,Fukui,1430-R
08/06/21,Minnow,135-P
08/06/21,Fukui,1496-R
08/06/21,Minnow,192-P
08/06/21,Fukui,1190-Y
08/06/21,Minnow,168-P
08/06/21,Fukui,119-Y
08/06/21,Minnow,1413-R
08/06/21,Fukui,194-Y
08/06/21,Minnow,141-P
08/06/21,Fukui,1194-Y
08/06/21,Minnow,185-Y
08/06/21,Fukui,871-R
08/06/21,Minnow,196-P
08/06/21,Fukui,1187-Y
08/06/21,Minnow,1107-Y
08/06/21,Fukui,123-Y
08/06/21,Minnow,1131-Y
08/06/21,Fukui,184-Y
08/06/21,Minnow,194-P
08/06/21,Fukui,1101-Y
08/06/21,Minnow,1060-B
08/06/21,Fukui,618-P
08/06/21,Minnow,75-P
08/06/21,Fukui,164-Y
08/06/21,Minnow,1457-R
08/06/21,Fukui,178-Y
08/06/21,Minnow,95-P
08/06/21,Fukui,1408-R
08/06/21,Minnow,1122-Y
08/06/21,Minnow,637-P
08/18/21,Minnow,655-P
08/18/21,Fukui,1187-Y
08/18/21,Minnow,1390-P
08/18/21,Fukui,1430-R
08/18/21,Minnow,158-P
08/18/21,Fukui,133-Y
08/18/21,Minnow,185-Y
08/18/21,Fukui,1172-Y
08/18/21,Fukui,119-Y
08/18/21,Minnow,168-P
08/18/21,Fukui,618-P
08/18/21,Minnow,1467-R
08/18/21,Fukui,194-Y
08/18/21,Minnow,637-P
08/18/21,Minnow,166-P
08/18/21,Fukui,1489-R
08/18/21,Minnow,687-P
08/18/21,Fukui,123-Y
08/18/21,Minnow,146-Y
08/18/21,Fukui,1496-R
08/18/21,Minnow,1109-Y
08/18/21,Fukui,20-P
08/18/21,Fukui,1436-R
08/18/21,Minnow,95-P
08/18/21,Minnow,626-P
08/18/21,Fukui,1181-Y
08/18/21,Fukui,1156-Y
08/18/21,Minnow,1146-Y
08/18/21,Minnow,585-P
08/18/21,Fukui,1188-Y
08/18/21,Fukui,1173-Y
08/18/21,Minnow,1107-Y
08/18/21,Fukui,176-P
08/18/21,Minnow,49-P
08/18/21,Fukui,367-R
08/18/21,Minnow,1405-R
08/18/21,Fukui,574-P
08/18/21,Minnow,75-P
08/18/21,Fukui,1101-Y
08/18/21,Minnow,1060-B
08/18/21,Fukui,1408-R
08/18/21,Minnow,1071-B
08/18/21,Fukui,573-P
08/18/21,Minnow,142-P
08/18/21,Fukui,22-P
08/18/21,Minnow,184-P
08/18/21,Fukui,187-Y
08/18/21,Minnow,74-P
08/18/21,Fukui,1494-R
08/18/21,Minnow,1154-Y
08/18/21,Fukui,23-P
08/18/21,Minnow,91-P
08/18/21,Fukui,621-P
08/18/21,Minnow,1131-Y
08/18/21,Fukui,1432-R
08/18/21,Minnow,1122-Y
08/18/21,Fukui,184-Y
08/18/21,Minnow,147-Y
08/18/21,Fukui,871-R
08/18/21,Minnow,194-P
08/18/21,Minnow,192-P
08/18/21,Fukui,1177-Y
08/18/21,Minnow,160-P
08/18/21,Fukui,1190-Y
08/18/21,Minnow,135-P
08/18/21,Fukui,166-Y
08/18/21,Minnow,1397-P
08/18/21,Fukui,1495-R
08/18/21,Minnow,73-P
08/18/21,Fukui,1451-R
08/18/21,Minnow,195-P
08/18/21,Fukui,148-Y
08/18/21,Minnow,57-P
08/18/21,Fukui,1445-R
08/18/21,Minnow,196-P
08/18/21,Fukui,1461-R
08/18/21,Minnow,141-P
08/18/21,Fukui,1406-R
08/18/21,Minnow,157-P
08/18/21,Fukui,1100-Y
08/19/21,Minnow,655-P
08/19/21,Fukui,1187-Y
08/19/21,Minnow,1390-P
08/19/21,Fukui,1430-R
08/19/21,Minnow,158-P
08/19/21,Fukui,133-Y
08/19/21,Minnow,185-Y
08/19/21,Fukui,1172-Y
08/19/21,Fukui,119-Y
08/19/21,Minnow,168-P
08/19/21,Fukui,618-P
08/19/21,Minnow,1467-R
08/19/21,Fukui,194-Y
08/19/21,Minnow,637-P
08/19/21,Minnow,166-P
08/19/21,Fukui,1489-R
08/19/21,Minnow,687-P
08/19/21,Fukui,123-Y
08/19/21,Minnow,146-Y
08/19/21,Fukui,1496-R
08/19/21,Minnow,1109-Y
08/19/21,Fukui,20-P
08/19/21,Fukui,1436-R
08/19/21,Minnow,95-P
08/19/21,Minnow,626-P
08/19/21,Fukui,1181-Y
08/19/21,Fukui,1156-Y
08/19/21,Minnow,1146-Y
08/19/21,Minnow,585-P
08/19/21,Fukui,1188-Y
08/19/21,Fukui,1173-Y
08/19/21,Minnow,1107-Y
08/19/21,Fukui,176-P
08/19/21,Minnow,49-P
08/19/21,Fukui,367-R
08/19/21,Minnow,1405-R
08/19/21,Fukui,574-P
08/19/21,Minnow,75-P
08/19/21,Fukui,1101-Y
08/19/21,Minnow,1060-B
08/19/21,Fukui,1408-R
08/19/21,Minnow,1071-B
08/19/21,Fukui,573-P
08/19/21,Minnow,142-P
08/19/21,Fukui,22-P
08/19/21,Minnow,184-P
08/19/21,Fukui,187-Y
08/19/21,Minnow,74-P
08/19/21,Fukui,1494-R
08/19/21,Minnow,1154-Y
08/19/21,Fukui,23-P
08/19/21,Minnow,91-P
08/19/21,Fukui,621-P
08/19/21,Minnow,1131-Y
08/19/21,Fukui,1432-R
08/19/21,Minnow,1122-Y
08/19/21,Fukui,184-Y
08/19/21,Minnow,147-Y
08/19/21,Fukui,871-R
08/19/21,Minnow,194-P
08/19/21,Minnow,192-P
08/19/21,Fukui,1177-Y
08/19/21,Minnow,160-P
08/19/21,Fukui,1190-Y
08/19/21,Minnow,135-P
08/19/21,Fukui,166-Y
08/19/21,Minnow,1397-P
08/19/21,Fukui,1495-R
08/19/21,Minnow,73-P
08/19/21,Fukui,1451-R
08/19/21,Minnow,195-P
08/19/21,Fukui,148-Y
08/19/21,Minnow,57-P
08/19/21,Fukui,1445-R
08/19/21,Minnow,196-P
08/19/21,Fukui,1461-R
08/19/21,Minnow,141-P
08/19/21,Fukui,1406-R
08/19/21,Minnow,157-P
08/19/21,Fukui,1100-Y
08/20/21,Fukui,1173-Y
08/20/21,Minnow,1107-Y
08/20/21,Fukui,176-P
08/20/21,Minnow,49-P
08/20/21,Fukui,367-R
08/20/21,Minnow,1405-R
08/20/21,Fukui,574-P
08/20/21,Minnow,75-P
08/20/21,Fukui,1101-Y
08/20/21,Minnow,1060-B
08/20/21,Fukui,1408-R
08/20/21,Minnow,1071-B
08/20/21,Fukui,573-P
08/20/21,Minnow,142-P
08/20/21,Fukui,22-P
08/20/21,Minnow,184-P
08/20/21,Fukui,187-Y
08/20/21,Minnow,74-P
08/20/21,Fukui,1494-R
08/20/21,Minnow,1154-Y
08/20/21,Fukui,23-P
08/20/21,Minnow,91-P
08/20/21,Fukui,621-P
08/20/21,Minnow,1131-Y
08/20/21,Fukui,1432-R
08/20/21,Minnow,1122-Y
08/20/21,Fukui,184-Y
08/20/21,Minnow,147-Y
08/20/21,Fukui,871-R
08/20/21,Minnow,194-P
08/20/21,Minnow,192-P
08/20/21,Fukui,1177-Y
08/20/21,Minnow,160-P
08/20/21,Fukui,1190-Y
08/20/21,Minnow,135-P
08/20/21,Fukui,166-Y
08/20/21,Minnow,1397-P
08/20/21,Fukui,1495-R
08/20/21,Minnow,73-P
08/20/21,Fukui,1451-R
08/20/21,Minnow,195-P
08/20/21,Fukui,148-Y
08/20/21,Minnow,57-P
08/20/21,Fukui,1445-R
08/20/21,Minnow,196-P
08/20/21,Fukui,1461-R
08/20/21,Minnow,141-P
08/20/21,Fukui,1406-R
08/20/21,Minnow,157-P
08/20/21,Fukui,1100-Y
08/20/21,Minnow,1149-Y
08/20/21,Fukui,572-P
08/20/21,Minnow,193-P
08/20/21,Fukui,128-Y
08/20/21,Minnow,1018-Y
08/20/21,Fukui,1437-R
08/20/21,Fukui,602-P
08/20/21,Minnow,170-Y
08/20/21,Fukui,164-Y
08/20/21,Minnow,1106-Y
08/20/21,Fukui,1407-R
08/20/21,Minnow,1178-B
08/20/21,Minnow,114-Y
08/20/21,Fukui,644-P
08/20/21,Minnow,567-P
08/20/21,Fukui,581-P
08/20/21,Minnow,35-P
08/20/21,Fukui,1488-R
08/20/21,Minnow,688-P
08/20/21,Fukui,178-Y
08/20/21,Minnow,1325-G
08/20/21,Fukui,690-P
08/20/21,Minnow,1457-R
08/20/21,Fukui,648-P
08/20/21,Minnow,1378-P
08/20/21,Fukui,609-P
08/20/21,Minnow,1088-Y
08/20/21,Fukui,1179-Y
08/20/21,Minnow,1427-R
08/20/21,Fukui,1452-R
08/20/21,Fukui,1124-B
08/20/21,Minnow,1148-Y
08/20/21,Minnow,1404-R
08/20/21,Fukui,1194-Y
08/20/21,Minnow,1090-Y
08/20/21,Fukui,176-Y
08/20/21,Minnow,139-Y
08/20/21,Fukui,141-Y
08/24/21,Minnow,1425-R
08/24/21,Fukui,1448-R
08/24/21,Minnow,57-P
08/24/21,Fukui,165-Y
08/24/21,Minnow,146-P
08/24/21,Fukui,143-Y
08/24/21,Minnow,1072-B
08/24/21,Fukui,1495-R
08/24/21,Minnow,1077-Y
08/24/21,Fukui,1127-B
08/24/21,Minnow,174-P
08/24/21,Fukui,605-P
08/24/21,Minnow,1457-R
08/24/21,Fukui,1455-R
08/24/21,Minnow,182-Y
08/24/21,Fukui,622-P
08/24/21,Minnow,1400-P
08/24/21,Fukui,369-R
08/24/21,Minnow,668-P
08/24/21,Fukui,603-P
08/24/21,Minnow,1106-Y
08/24/21,Fukui,1133-B
08/24/21,Minnow,1121-Y
08/24/21,Fukui,1446-R
08/24/21,Minnow,567-P
08/24/21,Fukui,111-Y
08/24/21,Minnow,684-P
08/24/21,Fukui,142-Y
08/24/21,Minnow,1090-Y
08/24/21,Fukui,1140-B
08/24/21,Fukui,1391-P
08/24/21,Minnow,1325-G
08/24/21,Fukui,640-P
08/24/21,Minnow,184-P
08/24/21,Fukui,1368-G
08/24/21,Minnow,1405-R
08/24/21,Fukui,1135-B
08/24/21,Minnow,192-P
08/24/21,Fukui,639-P
08/24/21,Minnow,1107-Y
08/24/21,Fukui,102-Y
08/24/21,Minnow,185-P
08/24/21,Fukui,566-P
08/24/21,Minnow,682-P
08/24/21,Fukui,1459-R
08/24/21,Minnow,1119-Y
08/24/21,Fukui,623-P
08/24/21,Minnow,1182-B
08/24/21,Fukui,1454-R
08/24/21,Minnow,1087-Y
08/24/21,Fukui,6-P
08/24/21,Minnow,74-P
08/24/21,Fukui,1435-R
08/24/21,Minnow,170-Y
08/24/21,Fukui,1095-Y
08/24/21,Minnow,1060-B
08/24/21,Fukui,1499-R
08/24/21,Minnow,126-P
08/24/21,Fukui,1369-G
08/24/21,Minnow,172-P
08/24/21,Fukui,1182-Y
08/24/21,Minnow,165-P
08/24/21,Fukui,683-P
08/24/21,Minnow,678-P
08/24/21,Fukui,116-Y
08/24/21,Minnow,75-P
08/24/21,Fukui,1367-G
08/24/21,Minnow,1423-R
08/24/21,Fukui,604-P
08/24/21,Minnow,195-P
08/24/21,Minnow,667-P
08/24/21,Fukui,570-p
08/24/21,Minnow,688-P
08/24/21,Fukui,1144-B
08/24/21,Minnow,1138-Y
08/24/21,Fukui,1305-G
08/24/21,Minnow,1083-Y
08/24/21,Fukui,636-P
08/24/21,Minnow,1079-Y
08/24/21,Fukui,663-R
08/24/21,Minnow,681-P
08/24/21,Fukui,1108-Y
08/24/21,Minnow,630-P
08/24/21,Fukui,1310-G
08/24/21,Minnow,1399-G
08/24/21,Fukui,1129-B
08/24/21,Minnow,171-Y
08/24/21,Fukui,625-P
08/24/21,Minnow,72-P
08/24/21,Fukui,162-Y
08/24/21,Fukui,638-P
08/24/21,Minnow,1418-R
08/24/21,Fukui,657-R
08/24/21,Minnow,83-P
08/24/21,Fukui,1143-B
08/24/21,Minnow,1320-G
08/24/21,Fukui,1189-Y
08/24/21,Minnow,1479-R
08/24/21,Fukui,629-P
08/24/21,Minnow,663-P
08/24/21,Fukui,1487-R
08/24/21,Minnow,173-P
08/24/21,Fukui,364-R
08/24/21,Minnow,1093-Y
08/24/21,Fukui,1442-R
08/24/21,Minnow,1129-Y
08/24/21,Fukui,192-Y
08/24/21,Minnow,689-P
08/24/21,Minnow,1426-R
08/24/21,Fukui,1354-G
08/24/21,Fukui,606-P
08/24/21,Minnow,686-P
08/24/21,Fukui,1359-G
08/24/21,Minnow,1388-G
08/24/21,Fukui,669-R
08/24/21,Minnow,1322-G
08/24/21,Minnow,180-P
08/24/21,Fukui,134-Y
08/24/21,Minnow,1409-R
08/24/21,Fukui,1147-B
08/24/21,Minnow,1400-G
08/24/21,Fukui,24-P
08/24/21,Minnow,187-P
08/24/21,Fukui,1366-G
08/24/21,Minnow,1464-R
08/24/21,Minnow,1150-Y
08/24/21,Fukui,21-P
08/24/21,Fukui,191-Y
08/24/21,Minnow,133-P
08/24/21,Fukui,868-R
08/24/21,Fukui,1185-Y
08/24/21,Minnow,634-P
08/24/21,Fukui,160-Y
08/24/21,Minnow,1067-B
08/24/21,Minnow,188-Y
08/24/21,Fukui,1449-R
08/24/21,Minnow,154-P
08/24/21,Fukui,665-R
08/24/21,Minnow,1481-R
08/24/21,Fukui,153-Y
08/24/21,Fukui,366-R
08/24/21,Minnow,1346-G
08/24/21,Minnow,1370
08/24/21,Fukui,155-Y
08/24/21,Fukui,136-Y
08/24/21,Minnow,1319-G
08/24/21,Minnow,1084-Y
08/24/21,Fukui,1365-G
08/24/21,Fukui,1102-Y
08/24/21,Minnow,1148-G
08/24/21,Minnow,379-R
08/24/21,Fukui,1139-Y
08/24/21,Fukui,617-P
08/24/21,Minnow,1091-Y
08/24/21,Fukui,1138-B
08/24/21,Minnow,197-P
08/24/21,Fukui,1393-P
08/24/21,Minnow,1462-R
08/24/21,Fukui,1342-Y
08/24/21,Minnow,582-P
08/24/21,Fukui,1307-G
08/24/21,Minnow,193-Y
08/24/21,Minnow,658-P
08/24/21,Fukui,368-R
08/24/21,Fukui,108-Y
08/24/21,Minnow,92-P
08/24/21,Fukui,1137-B
08/24/21,Fukui,381-R
08/24/21,Minnow,1383-P
08/24/21,Minnow,134-P
08/24/21,Minnow,1323-G
08/24/21,Fukui,870
08/24/21,Minnow,1068-B
08/24/21,Fukui,383-R
08/24/21,Minnow,1421-R
08/24/21,Fukui,110-Y
08/24/21,Minnow,70-P
08/24/21,Fukui,4-P
08/24/21,Minnow,1424-R
08/24/21,Fukui,1440-R
08/24/21,Minnow,1122-Y
08/24/21,Fukui,644-P
08/24/21,Minnow,194-P
08/24/21,Fukui,1177-Y
08/24/21,Minnow,1413-R
08/24/21,Fukui,23-P
08/24/21,Minnow,147-Y
08/24/21,Fukui,176-Y
08/24/21,Minnow,1070-B
08/24/21,Fukui,119-Y
08/24/21,Fukui,1432-R
08/24/21,Minnow,1427-R
08/24/21,Fukui,1190-Y
08/24/21,Minnow,196-P
08/24/21,Fukui,1445-R
08/24/21,Minnow,1148-Y
08/24/21,Fukui,176-P
08/24/21,Minnow,135-P
08/24/21,Fukui,1488-B
-,Minnow,-
08/24/21,Fukui,609-P
08/24/21,Minnow,35-P
08/24/21,Fukui,1175-Y
08/24/21,Minnow,73-P
08/24/21,Fukui,1124-B
08/24/21,Minnow,141-P
08/24/21,Fukui,1489-R
08/24/21,Minnow,57-P
08/24/21,Fukui,1181-Y
08/24/21,Minnow,1154-Y
08/24/21,Fukui,1179-Y
08/24/21,Fukui,1408-R
08/24/21,Minnow,1378-P
08/24/21,Fukui,1194-Y
08/24/21,Minnow,1081-Y
08/24/21,Fukui,1496-R
08/24/21,Minnow,1149-Y
08/24/21,Fukui,187-Y
08/24/21,Minnow,1088-Y
08/24/21,Minnow,1378-P
08/24/21,Fukui,1100-Y
08/24/21,Minnow,142-P
08/24/21,Fukui,648-P
08/24/21,Minnow,1109-Y
08/24/21,Fukui,123-Y
08/24/21,Minnow,49-P
08/24/21,Fukui,1495-R
08/24/21,Minnow,91-P
08/24/21,Fukui,581-P
08/24/21,Minnow,146-Y
08/24/21,Minnow,585-P
08/24/21,Fukui,133-Y
08/24/21,Minnow,637-P
08/24/21,Fukui,184-P
08/24/21,Minnow,1390-P
08/24/21,Fukui,1451-R
08/24/21,Minnow,1146-Y
08/24/21,Fukui,20-P
08/24/21,Minnow,687-P
08/24/21,Fukui,574-P
08/24/21,Minnow,166-P
08/24/21,Fukui,141-Y
08/24/21,Minnow,626-P
08/24/21,Fukui,1406-R
08/24/21,Minnow,160-P
08/24/21,Fukui,1172-Y
08/24/21,Minnow,158-P
08/24/21,Fukui,572
08/24/21,Minnow,185-Y
08/24/21,Fukui,1407-R
08/24/21,Minnow,168-P
08/24/21,Fukui,194-Y
08/24/21,Minnow,655-P
08/24/21,Fukui,602-P
08/24/21,Minnow,95-P
08/24/21,Fukui,148-Y
08/24/21,Minnow,1467-R
08/24/21,Fukui,1188-Y
08/24/21,Minnow,157-P
08/24/21,Fukui,164-Y
08/25/21,Minnow,1425-R
08/25/21,Fukui,1448-R
08/25/21,Minnow,57-P
08/25/21,Fukui,165-Y
08/25/21,Minnow,146-P
08/25/21,Fukui,143-Y
08/25/21,Minnow,1072-B
08/25/21,Fukui,1495-R
08/25/21,Minnow,1077-Y
08/25/21,Fukui,1127-B
08/25/21,Minnow,174-P
08/25/21,Fukui,605-P
08/25/21,Minnow,1457-R
08/25/21,Fukui,1455-R
08/25/21,Minnow,182-Y
08/25/21,Fukui,622-P
08/25/21,Minnow,1400-P
08/25/21,Fukui,369-R
08/25/21,Minnow,668-P
08/25/21,Fukui,603-P
08/25/21,Minnow,1106-Y
08/25/21,Fukui,1133-B
08/25/21,Minnow,1121-Y
08/25/21,Fukui,1446-R
08/25/21,Minnow,567-P
08/25/21,Fukui,111-Y
08/25/21,Minnow,684-P
08/25/21,Fukui,142-Y
08/25/21,Minnow,1090-Y
08/25/21,Fukui,1140-B
08/25/21,Fukui,1391-P
08/25/21,Minnow,1325-G
08/25/21,Fukui,640-P
08/25/21,Minnow,184-P
08/25/21,Fukui,1368-G
08/25/21,Minnow,1405-R
08/25/21,Fukui,1135-B
08/25/21,Minnow,192-P
08/25/21,Fukui,639-P
08/25/21,Minnow,1107-Y
08/25/21,Fukui,102-Y
08/25/21,Minnow,185-P
08/25/21,Fukui,566-P
08/25/21,Minnow,682-P
08/25/21,Fukui,1459-R
08/25/21,Minnow,1119-Y
08/25/21,Fukui,623-P
08/25/21,Minnow,1182-B
08/25/21,Fukui,1454-R
08/25/21,Minnow,1087-Y
08/25/21,Fukui,6-P
08/25/21,Minnow,74-P
08/25/21,Fukui,1435-R
08/25/21,Minnow,170-Y
08/25/21,Fukui,1095-Y
08/25/21,Minnow,1060-B
08/25/21,Fukui,1499-R
08/25/21,Minnow,126-P
08/25/21,Fukui,1369-G
08/25/21,Minnow,172-P
08/25/21,Fukui,1182-Y
08/25/21,Minnow,165-P
08/25/21,Fukui,683-P
08/25/21,Minnow,678-P
08/25/21,Fukui,116-Y
08/25/21,Minnow,75-P
08/25/21,Fukui,1367-G
08/25/21,Minnow,1423-R
08/25/21,Fukui,604-P
08/25/21,Minnow,195-P
08/25/21,Minnow,667-P
08/25/21,Fukui,570-p
08/25/21,Minnow,688-P
08/25/21,Fukui,1144-B
08/25/21,Minnow,1138-Y
08/25/21,Fukui,1305-G
08/25/21,Minnow,1083-Y
08/25/21,Fukui,636-P
08/25/21,Minnow,1079-Y
08/25/21,Fukui,663-R
08/25/21,Minnow,681-P
08/25/21,Fukui,1108-Y
08/25/21,Minnow,630-P
08/25/21,Fukui,1310-G
08/25/21,Minnow,1399-G
08/25/21,Fukui,1129-B
08/25/21,Minnow,171-Y
08/25/21,Fukui,625-P
08/25/21,Minnow,72-P
08/25/21,Fukui,162-Y
08/25/21,Fukui,638-P
08/25/21,Minnow,1418-R
08/25/21,Fukui,657-R
08/25/21,Minnow,83-P
08/25/21,Fukui,1143-B
08/25/21,Minnow,1320-G
08/25/21,Fukui,1189-Y
08/25/21,Minnow,1479-R
08/25/21,Fukui,629-P
08/25/21,Minnow,663-P
08/25/21,Fukui,1487-R
08/25/21,Minnow,173-P
08/25/21,Fukui,364-R
08/25/21,Minnow,1093-Y
08/25/21,Fukui,1442-R
08/25/21,Minnow,1129-Y
08/25/21,Fukui,192-Y
08/25/21,Minnow,689-P
08/25/21,Minnow,1426-R
08/25/21,Fukui,1354-G
08/25/21,Fukui,606-P
08/25/21,Minnow,686-P
08/25/21,Fukui,1359-G
08/25/21,Minnow,1388-G
08/25/21,Fukui,669-R
08/25/21,Minnow,1322-G
08/25/21,Minnow,180-P
08/25/21,Fukui,134-Y
08/25/21,Minnow,1409-R
08/25/21,Fukui,1147-B
08/25/21,Minnow,1400-G
08/25/21,Fukui,24-P
08/25/21,Minnow,187-P
08/25/21,Fukui,1366-G
08/25/21,Minnow,1464-R
08/25/21,Minnow,1150-Y
08/25/21,Fukui,21-P
08/25/21,Fukui,191-Y
08/25/21,Minnow,133-P
08/25/21,Fukui,868-R
08/25/21,Fukui,1185-Y
08/25/21,Minnow,634-P
08/25/21,Fukui,160-Y
08/25/21,Minnow,1067-B
08/25/21,Minnow,188-Y
08/25/21,Fukui,1449-R
08/25/21,Minnow,154-P
08/25/21,Fukui,665-R
08/25/21,Minnow,1481-R
08/25/21,Fukui,153-Y
08/25/21,Fukui,366-R
08/25/21,Minnow,1346-G
08/25/21,Minnow,1370
08/25/21,Fukui,155-Y
08/25/21,Fukui,136-Y
08/25/21,Minnow,1319-G
08/25/21,Minnow,1084-Y
08/25/21,Fukui,1365-G
08/25/21,Fukui,1102-Y
08/25/21,Minnow,1148-G
08/25/21,Minnow,379-R
08/25/21,Fukui,1139-Y
08/25/21,Fukui,617-P
08/25/21,Minnow,1091-Y
08/25/21,Fukui,1138-B
08/25/21,Minnow,197-P
08/25/21,Fukui,1393-P
08/25/21,Minnow,1462-R
08/25/21,Fukui,1342-Y
08/25/21,Minnow,582-P
08/25/21,Fukui,1307-G
08/25/21,Minnow,193-Y
08/25/21,Minnow,658-P
08/25/21,Fukui,368-R
08/25/21,Fukui,108-Y
08/25/21,Minnow,92-P
08/25/21,Fukui,1137-B
08/25/21,Fukui,381-R
08/25/21,Minnow,1383-P
08/25/21,Minnow,134-P
08/25/21,Minnow,1323-G
08/25/21,Fukui,870
08/25/21,Minnow,1068-B
08/25/21,Fukui,383-R
08/25/21,Minnow,1421-R
08/25/21,Fukui,110-Y
08/25/21,Minnow,70-P
08/25/21,Fukui,4-P
08/25/21,Minnow,1424-R
08/25/21,Fukui,1440-R
08/25/21,Minnow,1122-Y
08/25/21,Fukui,644-P
08/25/21,Minnow,194-P
08/25/21,Fukui,1177-Y
08/25/21,Minnow,1413-R
08/25/21,Fukui,23-P
08/25/21,Minnow,147-Y
08/25/21,Fukui,176-Y
08/25/21,Minnow,1070-B
08/25/21,Fukui,119-Y
08/25/21,Fukui,1432-R
08/25/21,Minnow,1427-R
08/25/21,Fukui,1190-Y
08/25/21,Minnow,196-P
08/25/21,Fukui,1445-R
08/25/21,Minnow,1148-Y
08/25/21,Fukui,176-P
08/25/21,Minnow,135-P
08/25/21,Fukui,1488-B
-,Minnow,-
08/25/21,Fukui,609-P
08/25/21,Minnow,35-P
08/25/21,Fukui,1175-Y
08/25/21,Minnow,73-P
08/25/21,Fukui,1124-B
08/25/21,Minnow,141-P
08/25/21,Fukui,1489-R
08/25/21,Minnow,57-P
08/25/21,Fukui,1181-Y
08/25/21,Minnow,1154-Y
08/25/21,Fukui,1179-Y
08/25/21,Fukui,1408-R
08/25/21,Minnow,1378-P
08/25/21,Fukui,1194-Y
08/25/21,Minnow,1081-Y
08/25/21,Fukui,1496-R
08/25/21,Minnow,1149-Y
08/25/21,Fukui,187-Y
08/25/21,Minnow,1088-Y
08/25/21,Minnow,1378-P
08/25/21,Fukui,1100-Y
08/25/21,Minnow,142-P
08/25/21,Fukui,648-P
08/25/21,Minnow,1109-Y
08/25/21,Fukui,123-Y
08/25/21,Minnow,49-P
08/25/21,Fukui,1495-R
08/25/21,Minnow,91-P
08/25/21,Fukui,581-P
08/25/21,Minnow,146-Y
08/25/21,Minnow,585-P
08/25/21,Fukui,133-Y
08/25/21,Minnow,637-P
08/25/21,Fukui,184-P
08/25/21,Minnow,1390-P
08/25/21,Fukui,1451-R
08/25/21,Minnow,1146-Y
08/25/21,Fukui,20-P
08/25/21,Minnow,687-P
08/25/21,Fukui,574-P
08/25/21,Minnow,166-P
08/25/21,Fukui,141-Y
08/25/21,Minnow,626-P
08/25/21,Fukui,1406-R
08/25/21,Minnow,160-P
08/25/21,Fukui,1172-Y
08/25/21,Minnow,158-P
08/25/21,Fukui,572
08/25/21,Minnow,185-Y
08/25/21,Fukui,1407-R
08/25/21,Minnow,168-P
08/25/21,Fukui,194-Y
08/25/21,Minnow,655-P
08/25/21,Fukui,602-P
08/25/21,Minnow,95-P
08/25/21,Fukui,148-Y
08/25/21,Minnow,1467-R
08/25/21,Fukui,1188-Y
08/25/21,Minnow,157-P
08/25/21,Fukui,164-Y
08/26/21,Minnow,174-P
08/26/21,Fukui,605-P
08/26/21,Minnow,1457-R
08/26/21,Fukui,1455-R
08/26/21,Minnow,182-Y
08/26/21,Fukui,622-P
08/26/21,Minnow,1400-P
08/26/21,Fukui,369-R
08/26/21,Minnow,668-P
08/26/21,Fukui,603-P
08/26/21,Fukui,606-P
08/26/21,Minnow,686-P
08/26/21,Fukui,1359-G
08/26/21,Minnow,1388-G
08/26/21,Fukui,669-R
08/26/21,Minnow,1322-G
08/26/21,Minnow,180-P
08/26/21,Fukui,134-Y
08/26/21,Minnow,1409-R
08/26/21,Fukui,1147-B
08/26/21,Minnow,168-P
08/26/21,Fukui,194-Y
08/26/21,Minnow,655-P
08/26/21,Fukui,602-P
08/26/21,Minnow,95-P
08/26/21,Fukui,148-Y
08/24/21,Shrimp,1-G1
08/24/21,Fukui,1313-G
08/24/21,Minnow,1107-B
08/24/21,Shrimp,2-G1
08/24/21,Fukui,132-Y
08/24/21,Minnow,1105-B
08/24/21,Shrimp,3-G1
08/24/21,Fukui,633-P
08/24/21,Minnow,1106-B
08/24/21,Shrimp,1-G2
08/24/21,Fukui,1371-G
08/24/21,Minnow,1428-R
08/24/21,Fukui,1372-G
08/24/21,Shrimp,2-G2
08/24/21,Minnow,1324-G
08/24/21,Shrimp,3-G2
08/24/21,Minnow,1379-P
08/24/21,Fukui,1370-G
08/24/21,Shrimp,1-G3
08/24/21,Fukui,127-Y
08/24/21,Minnow,139-Y
08/24/21,Shrimp,2-G3
08/24/21,Fukui,200-Y
08/24/21,Minnow,1404-R
08/24/21,Shrimp,3-G3
08/24/21,Fukui,872-R
08/24/21,Minnow,1178-B
08/24/21,Shrimp,1-G4
08/24/21,Fukui,1191-Y
08/24/21,Minnow,191-P
08/24/21,Shrimp,2-G4
08/24/21,Fukui,1139-B
08/24/21,Minnow,1318-G
08/24/21,Shrimp,3-G4
08/24/21,Fukui,195-Y
08/24/21,Minnow,163-P
08/25/21,Shrimp,1-G1
08/25/21,Fukui,1313-G
08/25/21,Minnow,1107-B
08/25/21,Shrimp,2-G1
08/25/21,Fukui,132-Y
08/25/21,Minnow,1105-B
08/25/21,Shrimp,3-G1
08/25/21,Fukui,633-P
08/25/21,Minnow,1106-B
08/25/21,Shrimp,1-G3
08/25/21,Fukui,127-Y
08/25/21,Minnow,139-Y
08/25/21,Shrimp,2-G3
08/25/21,Fukui,200-Y
08/25/21,Minnow,1404-R
08/25/21,Shrimp,3-G3
08/25/21,Fukui,872-R
08/25/21,Minnow,1178-B
08/25/21,Shrimp,1-G4
08/25/21,Fukui,1191-Y
08/25/21,Minnow,191-P
08/25/21,Shrimp,2-G4
08/25/21,Fukui,1139-B
08/25/21,Minnow,1318-G
08/25/21,Shrimp,3-G4
08/25/21,Fukui,195-Y
08/25/21,Minnow,163-P
08/26/21,Shrimp,1-G3
08/26/21,Fukui,127-Y
08/26/21,Minnow,139-Y
08/26/21,Shrimp,2-G3
08/26/21,Fukui,200-Y
08/26/21,Minnow,1404-R
08/26/21,Shrimp,3-G3
08/26/21,Fukui,872-R
08/26/21,Minnow,1178-B
08/26/21,Shrimp,1-G4
08/26/21,Fukui,1191-Y
08/26/21,Minnow,191-P
08/26/21,Shrimp,2-G4
08/26/21,Fukui,1139-B
08/26/21,Minnow,1318-G
08/26/21,Shrimp,3-G4
08/26/21,Fukui,195-Y
08/26/21,Minnow,163-P
08/24/21,Fukui,130-Y
08/24/21,Minnow,166-B
08/24/21,Fukui,135-Y
08/24/21,Minnow,1372-P
08/24/21,Fukui,1192-Y
08/24/21,Minnow,177-P
08/24/21,Fukui,1096-Y
08/24/21,Minnow,1145-B
08/24/21,Fukui,671-P
08/24/21,Minnow,44-P
08/24/21,Fukui,11-P
08/24/21,Minnow,1460-R
08/24/21,Fukui,159-Y
08/24/21,Minnow,1176-B
08/24/21,Fukui,168-Y
08/24/21,Fukui,384-R
08/24/21,Fukui,869-R
08/24/21,Minnow,85-P
08/24/21,Minnow,30-P
08/24/21,Minnow,52-P
08/24/21,Fukui,675-R
08/24/21,Minnow,1458-R
08/24/21,Fukui,1344-G
08/24/21,Minnow,169-P
08/24/21,Fukui,1434-R
08/24/21,Minnow,139-P
08/24/21,Fukui,1360-G
08/24/21,Minnow,173-Y
08/24/21,Fukui,1198-Y
08/24/21,Minnow,1397-G
08/24/21,Fukui,1193-Y
08/24/21,Minnow,1073-B
08/24/21,Fukui,154-Y
08/24/21,Minnow,152-P
08/24/21,Fukui,1433-R
08/24/21,Minnow,1399-P
08/24/21,Fukui,45-P
08/24/21,Minnow,1416-R
08/24/21,Fukui,1200-Y
08/24/21,Minnow,1385-P
08/24/21,Minnow,695-P
08/24/21,Fukui,619-P
08/24/21,Minnow,1062-B
08/24/21,Minnow,670-P
08/24/21,Fukui,1176-Y
08/24/21,Fukui,1195-Y
08/24/21,Fukui,190-Y
08/24/21,Fukui,1349-G
08/24/21,Fukui,679-P
08/24/21,Minnow,113-Y
08/24/21,Minnow,59-P
08/24/21,Fukui,1197-Y
08/24/21,Fukui,1431-R
08/24/21,Minnow,137-Y
08/24/21,Minnow,100-P
08/24/21,Fukui,1134-B
08/24/21,Fukui,18-P
08/24/21,Minnow,632-P
08/24/21,Fukui,2-P
08/24/21,Minnow,1420-R
08/24/21,Fukui,186-Y
08/24/21,Minnow,140-P
08/24/21,Minnow,1321-G
08/24/21,Fukui,675-P
08/24/21,Minnow,1086-Y
08/24/21,Fukui,1128-B
08/24/21,Minnow,151-P
08/24/21,Fukui,620-P
08/24/21,Minnow,1472-R
08/24/21,Fukui,7-P
08/24/21,Fukui,158-Y
08/24/21,Minnow,1466-R
08/24/21,Fukui,1132-B
08/24/21,Minnow,179-P
08/24/21,Fukui,125-Y
08/24/21,Minnow,60-P
08/24/21,Minnow,1352-G
08/24/21,Minnow,1376-P
08/24/21,Fukui,601-P
08/24/21,Fukui,117-Y
08/24/21,Fukui,1364-G
08/24/21,Minnow,98
08/24/21,Fukui,186-Y
08/24/21,Minnow,144-P
08/24/21,Fukui,1447-R
08/24/21,Minnow,199-P
08/24/21,Fukui,16-P
08/24/21,Minnow,1150-B
08/24/21,Fukui,677-P
08/24/21,Minnow,150-P
08/24/21,Fukui,3-P
08/24/21,Minnow,1069-B
08/24/21,Fukui,1097-Y
08/24/21,Minnow,390-R
08/24/21,Fukui,1308-G
08/24/21,Minnow,1382-P
08/24/21,Fukui,1098-Y
08/24/21,Minnow,1367-P
08/24/21,Fukui,616-P
08/24/21,Minnow,156-Y
08/24/21,Minnow,584-P
08/24/21,Fukui,189-Y
08/24/21,Fukui,696-P
08/24/21,Minnow,371-R
08/24/21,Fukui,667-R
08/24/21,Fukui,1491-R
08/24/21,Minnow,1422-R
08/24/21,Fukui,1411-R
08/24/21,Minnow,1350-G
08/24/21,Fukui,15-P
08/24/21,Minnow,1371-P
08/24/21,Fukui,150-Y
08/24/21,Minnow,394-R
08/24/21,Minnow,124-Y
08/24/21,Fukui,1080-Y
08/24/21,Minnow,1368-P
08/24/21,Fukui,1170-Y
08/24/21,Minnow,373-R
08/25/21,Shrimp,1-B1
08/25/21,Shrimp,2-B1
08/25/21,Shrimp,3-B1
08/25/21,Shrimp,4-B1
08/25/21,Shrimp,5-B1
08/25/21,Shrimp,1-B2
08/25/21,Shrimp,2-B2
08/25/21,Shrimp,3-B2
08/25/21,Shrimp,4-B2
08/25/21,Shrimp,5-B2
08/25/21,Shrimp,1-B3
08/25/21,Shrimp,2-B3
08/25/21,Shrimp,3-B3
08/25/21,Shrimp,4-B3
08/25/21,Shrimp,5-B3
08/25/21,Shrimp,1-B4
08/25/21,Shrimp,2-B4
08/25/21,Shrimp,3-B4
08/25/21,Shrimp,4-B4
08/25/21,Shrimp,5-B4
08/25/21,Shrimp,1-B5
08/25/21,Shrimp,2-B5
08/25/21,Shrimp,3-B5
08/25/21,Shrimp,4-B5
08/25/21,Shrimp,5-B5
08/25/21,Shrimp,1-B6
08/25/21,Shrimp,2-B6
08/25/21,Shrimp,3-B6
08/25/21,Shrimp,4-B6
08/25/21,Shrimp,5-B6
08/25/21,Shrimp,1-B7
08/25/21,Shrimp,2-B7
08/25/21,Shrimp,3-B7
08/25/21,Shrimp,4-B7
08/25/21,Shrimp,5-B7
08/25/21,Shrimp,1-B8
08/25/21,Shrimp,2-B8
08/25/21,Shrimp,3-B8
08/25/21,Shrimp,4-B8
08/25/21,Shrimp,5-B8
08/25/21,Shrimp,1-B9
08/25/21,Shrimp,2-B9
08/25/21,Shrimp,3-B9
08/25/21,Shrimp,4-B9
08/25/21,Shrimp,5-B9
08/25/21,Shrimp,1-B10
08/25/21,Shrimp,2-B10
08/25/21,Shrimp,3-B10
08/25/21,Shrimp,4-B10
08/25/21,Shrimp,5-B10
08/25/21,Shrimp,1-B11
08/25/21,Shrimp,2-B11
08/25/21,Shrimp,3-B11
08/25/21,Shrimp,4-B11
08/25/21,Shrimp,5-B11
08/25/21,Shrimp,1-B12
08/25/21,Shrimp,2-B12
08/25/21,Shrimp,3-B12
08/25/21,Shrimp,4-B12
08/25/21,Shrimp,5-B12
08/25/21,Shrimp,1-B13
08/25/21,Shrimp,2-B13
08/25/21,Shrimp,3-B13
08/25/21,Shrimp,4-B13
08/25/21,Shrimp,5-B13
08/25/21,Shrimp,1-B14
08/25/21,Shrimp,2-B14
08/25/21,Shrimp,3-B14
08/25/21,Shrimp,4-B14
08/25/21,Shrimp,5-B14
08/25/21,Shrimp,1-B15
08/25/21,Shrimp,2-B15
08/25/21,Shrimp,3-B15
08/25/21,Shrimp,4-B15
08/25/21,Shrimp,5-B15
08/25/21,Shrimp,1-B16
08/25/21,Shrimp,2-B16
08/25/21,Shrimp,3-B16
08/25/21,Shrimp,4-B16
08/25/21,Shrimp,5-B16
08/25/21,Shrimp,1-B17
08/25/21,Shrimp,2-B17
08/25/21,Shrimp,3-B17
08/25/21,Shrimp,4-B17
08/25/21,Shrimp,5-B17
08/25/21,Shrimp,1-B18
08/25/21,Shrimp,2-B18
08/25/21,Shrimp,3-B18
08/25/21,Shrimp,4-B18
08/25/21,Shrimp,5-B18
08/25/21,Shrimp,1-B19
08/25/21,Shrimp,2-B19
08/25/21,Shrimp,3-B19
08/25/21,Shrimp,4-B19
08/25/21,Shrimp,5-B19
08/25/21,Shrimp,1-B20
08/25/21,Shrimp,2-B20
08/25/21,Shrimp,3-B20
08/25/21,Shrimp,4-B20
08/25/21,Shrimp,5-B20
08/26/21,Shrimp,1-B1
08/26/21,Shrimp,2-B1
08/26/21,Shrimp,3-B1
08/26/21,Shrimp,4-B1
08/26/21,Shrimp,5-B1
08/26/21,Shrimp,1-B2
08/26/21,Shrimp,2-B2
08/26/21,Shrimp,3-B2
08/26/21,Shrimp,4-B2
08/26/21,Shrimp,5-B2
08/26/21,Shrimp,1-B3
08/26/21,Shrimp,2-B3
08/26/21,Shrimp,3-B3
08/26/21,Shrimp,4-B3
08/26/21,Shrimp,5-B3
08/26/21,Shrimp,1-B4
08/26/21,Shrimp,2-B4
08/26/21,Shrimp,3-B4
08/26/21,Shrimp,4-B4
08/26/21,Shrimp,5-B4
08/26/21,Shrimp,1-B5
08/26/21,Shrimp,2-B5
08/26/21,Shrimp,3-B5
08/26/21,Shrimp,4-B5
08/26/21,Shrimp,5-B5
08/26/21,Shrimp,1-B6
08/26/21,Shrimp,2-B6
08/26/21,Shrimp,3-B6
08/26/21,Shrimp,4-B6
08/26/21,Shrimp,5-B6
08/26/21,Shrimp,1-B7
08/26/21,Shrimp,2-B7
08/26/21,Shrimp,3-B7
08/26/21,Shrimp,4-B7
08/26/21,Shrimp,5-B7
08/26/21,Shrimp,1-B8
08/26/21,Shrimp,2-B8
08/26/21,Shrimp,3-B8
08/26/21,Shrimp,4-B8
08/26/21,Shrimp,5-B8
08/26/21,Shrimp,1-B9
08/26/21,Shrimp,2-B9
08/26/21,Shrimp,3-B9
08/26/21,Shrimp,4-B9
08/26/21,Shrimp,5-B9
08/26/21,Shrimp,1-B10
08/26/21,Shrimp,2-B10
08/26/21,Shrimp,3-B10
08/26/21,Shrimp,4-B10
08/26/21,Shrimp,5-B10
08/26/21,Shrimp,1-B11
08/26/21,Shrimp,2-B11
08/26/21,Shrimp,3-B11
08/26/21,Shrimp,4-B11
08/26/21,Shrimp,5-B11
08/26/21,Shrimp,1-B12
08/26/21,Shrimp,2-B12
08/26/21,Shrimp,3-B12
08/26/21,Shrimp,4-B12
08/26/21,Shrimp,5-B12
08/26/21,Shrimp,1-B13
08/26/21,Shrimp,2-B13
08/26/21,Shrimp,3-B13
08/26/21,Shrimp,4-B13
08/26/21,Shrimp,5-B13
08/26/21,Shrimp,1-B14
08/26/21,Shrimp,2-B14
08/26/21,Shrimp,3-B14
08/26/21,Shrimp,4-B14
08/26/21,Shrimp,5-B14
08/26/21,Shrimp,1-B15
08/26/21,Shrimp,2-B15
08/26/21,Shrimp,3-B15
08/26/21,Shrimp,4-B15
08/26/21,Shrimp,5-B15
08/26/21,Shrimp,1-B16
08/26/21,Shrimp,2-B16
08/26/21,Shrimp,3-B16
08/26/21,Shrimp,4-B16
08/26/21,Shrimp,5-B16
08/26/21,Shrimp,1-B17
08/26/21,Shrimp,2-B17
08/26/21,Shrimp,3-B17
08/26/21,Shrimp,4-B17
08/26/21,Shrimp,5-B17
08/26/21,Shrimp,1-B18
08/26/21,Shrimp,2-B18
08/26/21,Shrimp,3-B18
08/26/21,Shrimp,4-B18
08/26/21,Shrimp,5-B18
08/26/21,Shrimp,1-B19
08/26/21,Shrimp,2-B19
08/26/21,Shrimp,3-B19
08/26/21,Shrimp,4-B19
08/26/21,Shrimp,5-B19
08/26/21,Shrimp,1-B20
08/26/21,Shrimp,2-B20
08/26/21,Shrimp,3-B20
08/26/21,Shrimp,4-B20
08/26/21,Shrimp,5-B20
08/24/21,Fukui,1125-B
08/24/21,Minnow,1596-P
08/24/21,Fukui,1363-G
08/24/21,Minnow,377-R
08/24/21,Fukui,1356-G
08/24/21,Minnow,188-P
08/24/21,Fukui,567-R
08/24/21,Minnow,151-Y
08/24/21,Fukui,1304-G
08/24/21,Minnow,89-P
08/24/21,Minnow,129-P
08/24/21,Fukui,1316-G
08/24/21,Minnow,691-P
08/24/21,Fukui,1311-G
08/24/21,Minnow,133-P
08/24/21,Fukui,1358-G
08/24/21,Minnow,157-Y
08/24/21,Fukui,1314-G
08/24/21,Minnow,1484-R
08/24/21,Fukui,1309-G
08/24/21,Minnow,138-P
08/24/21,Fukui,1394-G
08/24/21,Minnow,1393-G
08/24/21,Fukui,1315-G
08/24/21,Fukui,1312-G
08/24/21,Minnow,1398-G
08/24/21,Fukui,1362-G
08/24/21,Minnow,1390-G
08/24/21,Fukui,1357-G
08/24/21,Minnow,1070-B
08/24/21,Minnow,1190-B
08/24/21,Fukui,1123-B
08/24/21,Minnow,1149-B
08/24/21,Fukui,178-Y
08/24/21,Minnow,389-R
08/24/21,Fukui,1494-R
08/24/21,Minnow,1398-P
08/24/21,Fukui,621-P
08/24/21,Minnow,378-R
08/24/21,Fukui,22-P
08/24/21,Minnow,1473-R
08/24/21,Fukui,1498-R
08/24/21,Minnow,180-Y
08/24/21,Fukui,1122-B
08/24/21,Minnow,1417-R
08/24/21,Fukui,1497-R
08/24/21,Fukui,386-R
08/24/21,Minnow,1184-B
08/24/21,Fukui,1141-B
08/24/21,Minnow,131-P
08/24/21,Fukui,19-P
08/24/21,Minnow,1198-B
08/24/21,Minnow,1136-Y
08/24/21,Fukui,145-Y
08/24/21,Minnow,174-Y
08/24/21,Fukui,611-P
08/24/21,Minnow,1387-P
08/24/21,Fukui,1443-R
08/24/21,Minnow,1179-B
08/24/21,Fukui,1453-R
08/25/21,Fukui,1125-B
08/25/21,Minnow,1596-P
08/25/21,Fukui,1363-G
08/25/21,Minnow,377-R
08/25/21,Fukui,1356-G
08/25/21,Minnow,188-P
08/25/21,Fukui,567-R
08/25/21,Minnow,151-Y
08/25/21,Fukui,1304-G
08/25/21,Minnow,89-P
08/25/21,Minnow,129-P
08/25/21,Fukui,1316-G
08/25/21,Minnow,691-P
08/25/21,Fukui,1311-G
08/25/21,Minnow,133-P
08/25/21,Fukui,1358-G
08/25/21,Minnow,157-Y
08/25/21,Fukui,1314-G
08/25/21,Minnow,1484-R
08/25/21,Fukui,1309-G
08/25/21,Minnow,138-P
08/25/21,Fukui,1394-G
08/25/21,Minnow,1393-G
08/25/21,Fukui,1315-G
08/25/21,Fukui,1312-G
08/25/21,Minnow,1398-G
08/25/21,Fukui,1362-G
08/25/21,Minnow,1390-G
08/25/21,Fukui,1357-G
08/25/21,Minnow,1070-B
08/25/21,Minnow,1190-B
08/25/21,Fukui,1123-B
08/25/21,Minnow,1149-B
08/25/21,Fukui,178-Y
08/25/21,Minnow,389-R
08/25/21,Fukui,1494-R
08/25/21,Minnow,1398-P
08/25/21,Fukui,621-P
08/25/21,Minnow,378-R
08/25/21,Fukui,22-P
08/25/21,Minnow,1473-R
08/25/21,Fukui,1498-R
08/25/21,Minnow,180-Y
08/25/21,Fukui,1122-B
08/25/21,Minnow,1417-R
08/25/21,Fukui,1497-R
08/25/21,Fukui,386-R
08/25/21,Minnow,1184-B
08/25/21,Fukui,1141-B
08/25/21,Minnow,131-P
08/25/21,Fukui,19-P
08/25/21,Minnow,1198-B
08/25/21,Minnow,1136-Y
08/25/21,Fukui,145-Y
08/25/21,Minnow,174-Y
08/25/21,Fukui,611-P
08/25/21,Minnow,1387-P
08/25/21,Fukui,1443-R
08/25/21,Minnow,1179-B
08/25/21,Fukui,1453-R
08/24/21,Minnow,1114-B
08/24/21,Fukui,1167-Y
08/24/21,Minnow,1111-B
08/24/21,Fukui,115-Y
08/24/21,Minnow,1113-B
08/24/21,Fukui,1361-G
08/24/21,Minnow,1115-B
08/24/21,Fukui,149-Y
08/24/21,Minnow,1112-B
08/24/21,Fukui,1461-R
08/24/21,Minnow,1347-G
08/24/21,Fukui,1373-G
08/24/21,Minnow,1063-B
08/24/21,Fukui,1374-G
08/24/21,Minnow,1125-Y
08/24/21,Fukui,1375-G
08/24/21,Minnow,175-Y
08/24/21,Fukui,624-P
08/24/21,Minnow,1192-B
08/24/21,Fukui,1121-B
08/24/21,Minnow,661-P
08/24/21,Fukui,1429-R
08/24/21,Minnow,1199-B
08/24/21,Fukui,104-Y
08/24/21,Minnow,164-P
08/24/21,Fukui,1376-G
08/24/21,Minnow,96-P
08/24/21,Fukui,121-Y
08/24/21,Minnow,1345-G
08/24/21,Fukui,1136-B
08/24/21,Minnow,1116-B
08/24/21,Fukui,1173-Y
08/24/21,Minnow,1120-B
08/24/21,Fukui,128-Y
08/24/21,Minnow,171-P
08/24/21,Fukui,1156-Y
08/24/21,Minnow,1397-P
08/24/21,Fukui,1430-R
08/24/21,Minnow,1351-G
08/24/21,Fukui,618-P
08/24/21,Minnow,114-Y
08/24/21,Fukui,874-R
08/24/21,Minnow,1117-B
08/24/21,Fukui,166-Y
08/24/21,Minnow,1151-Y
08/24/21,Fukui,573-P
08/24/21,Minnow,665-P
08/24/21,Fukui,690-P
08/24/21,Minnow,1109-B
08/24/21,Fukui,1436-R
08/24/21,Minnow,1108-B
08/24/21,Fukui,1187-Y
08/24/21,Minnow,1110-B
08/24/21,Fukui,1101-Y
08/24/21,Minnow,1118-B
08/24/21,Fukui,12-P
08/24/21,Minnow,1343-G
08/24/21,Fukui,1452-R
08/24/21,Minnow,1119-B
08/24/21,Fukui,1437-R
08/25/21,Minnow,1114-B
08/25/21,Fukui,1167-Y
08/25/21,Minnow,1111-B
08/25/21,Fukui,115-Y
08/25/21,Minnow,1113-B
08/25/21,Fukui,1361-G
08/25/21,Minnow,1115-B
08/25/21,Fukui,149-Y
08/25/21,Minnow,1112-B
08/25/21,Fukui,1461-R
08/25/21,Minnow,1347-G
08/25/21,Fukui,1373-G
08/25/21,Minnow,1063-B
08/25/21,Fukui,1374-G
08/25/21,Minnow,1125-Y
08/25/21,Fukui,1375-G
08/25/21,Minnow,175-Y
08/25/21,Fukui,624-P
08/25/21,Minnow,1192-B
08/25/21,Fukui,1121-B
08/25/21,Minnow,661-P
08/25/21,Fukui,1429-R
08/25/21,Minnow,1199-B
08/25/21,Fukui,104-Y
08/25/21,Minnow,164-P
08/25/21,Fukui,1376-G
08/25/21,Minnow,96-P
08/25/21,Fukui,121-Y
08/25/21,Minnow,1345-G
08/25/21,Fukui,1136-B
08/25/21,Minnow,1116-B
08/25/21,Fukui,1173-Y
08/25/21,Minnow,1120-B
08/25/21,Fukui,128-Y
08/25/21,Minnow,171-P
08/25/21,Fukui,1156-Y
08/25/21,Minnow,1397-P
08/25/21,Fukui,1430-R
08/25/21,Minnow,1351-G
08/25/21,Fukui,618-P
08/25/21,Minnow,114-Y
08/25/21,Fukui,874-R
08/25/21,Minnow,1117-B
08/25/21,Fukui,166-Y
08/25/21,Minnow,1151-Y
08/25/21,Fukui,573-P
08/25/21,Minnow,665-P
08/25/21,Fukui,690-P
08/25/21,Minnow,1109-B
08/25/21,Fukui,1436-R
08/25/21,Minnow,1108-B
08/25/21,Fukui,1187-Y
08/25/21,Minnow,1110-B
08/25/21,Fukui,1101-Y
08/25/21,Minnow,1118-B
08/25/21,Fukui,12-P
08/25/21,Minnow,1343-G
08/25/21,Fukui,1452-R
08/25/21,Minnow,1119-B
08/25/21,Fukui,1437-R
08/26/21,Minnow,1323-G
08/26/21,Minnow,70-P
08/26/21,Minnow,1068-B
08/26/21,Minnow,1421-R
09/01/21,Minnow,1154-Y
09/01/21,Fukui,1408-R
09/01/21,Minnow,1398-G
09/01/21,Fukui,123-Y
09/01/21,Minnow,1370-P
09/01/21,Fukui,187-Y
09/01/21,Minnow,637-P
09/01/21,Fukui,1194-Y
09/01/21,Fukui,1356-G
09/01/21,Minnow,173-P
09/01/21,Fukui,N/A
09/01/21,Minnow,1393-G
09/01/21,Fukui,176-Y
09/01/21,Minnow,1084-Y
09/01/21,Minnow,131-P
09/01/21,Fukui,119-Y
09/01/21,Minnow,687-P
09/01/21,Fukui,1432-R
09/01/21,Minnow,1390-G
09/01/21,Fukui,581-P
09/01/21,Minnow,1390-P
09/01/21,Fukui,1143-B
09/01/21,Fukui,1407-R
09/01/21,Minnow,1484-R
09/01/21,Minnow,129-P
09/01/21,Fukui,141-Y
09/01/21,Fukui,1363-G
09/01/21,Minnow,585-P
09/01/21,Minnow,74-P
09/01/21,Fukui,1139-Y
09/01/21,Minnow,158-P
09/01/21,Fukui,1437-R
09/01/21,Minnow,160-P
09/01/21,Fukui,1195-Y
09/01/21,Minnow,678-P
09/01/21,Fukui,23-P
09/01/21,Minnow,626-P
09/01/21,Fukui,1187-Y
09/01/21,Minnow,1467-R
09/01/21,Fukui,1433-R
09/01/21,Minnow,146-Y
09/01/21,Fukui,1491-R
09/01/21,Minnow,185-Y
09/01/21,Fukui,1358-G
09/01/21,Minnow,157-P
09/01/21,Fukui,1080-Y
09/01/21,Minnow,166-P
09/01/21,Fukui,1193-Y
09/01/21,Minnow,142-P
09/01/21,Fukui,1406-R
09/01/21,Fukui,366-R
09/01/21,Minnow,1343-G
09/01/21,Fukui,1452-R
09/01/21,Minnow,1398-P
09/01/21,Fukui,1316-G
09/01/21,Minnow,184-P
09/01/21,Fukui,1488-R
09/01/21,Minnow,180-Y
09/01/21,Fukui,166-Y
09/01/21,Minnow,1149-B
09/01/21,Fukui,629-P
09/01/21,Minnow,378-R
09/01/21,Fukui,1190-Y
09/01/21,Minnow,170-Y
09/01/21,Fukui,1156-Y
09/01/21,Minnow,1119-B
09/01/21,Fukui,1376-G
09/01/21,Minnow,157-Y
09/01/21,Fukui,1102-Y
09/01/21,Minnow,165-P
09/01/21,Fukui,1430-R
09/01/21,Minnow,389-R
09/01/21,Fukui,690-P
09/01/21,Minnow,1190-B
09/01/21,Fukui,1342-G
09/01/21,Minnow,1325-G
09/01/21,Fukui,1445-R
09/01/21,Minnow,691-P
09/01/21,Fukui,1189-Y
09/01/21,Minnow,197-P
09/02/21,Minnow,1154-Y
09/02/21,Fukui,1408-R
09/02/21,Minnow,1398-G
09/02/21,Fukui,123-Y
09/02/21,Minnow,1370-P
09/02/21,Fukui,187-Y
09/02/21,Minnow,637-P
09/02/21,Fukui,1194-Y
09/02/21,Fukui,1356-G
09/02/21,Minnow,173-P
09/02/21,Fukui,N/A
09/02/21,Minnow,1393-G
09/02/21,Fukui,176-Y
09/02/21,Minnow,1084-Y
09/02/21,Minnow,131-P
09/02/21,Fukui,119-Y
09/02/21,Minnow,687-P
09/02/21,Fukui,1432-R
09/02/21,Minnow,1390-G
09/02/21,Fukui,581-P
09/02/21,Minnow,1390-P
09/02/21,Fukui,1143-B
09/02/21,Fukui,1407-R
09/02/21,Minnow,1484-R
09/02/21,Minnow,129-P
09/02/21,Fukui,141-Y
09/02/21,Fukui,1363-G
09/02/21,Minnow,585-P
09/02/21,Minnow,74-P
09/02/21,Fukui,1139-Y
09/02/21,Minnow,158-P
09/02/21,Fukui,1437-R
09/02/21,Minnow,160-P
09/02/21,Fukui,1195-Y
09/02/21,Minnow,678-P
09/02/21,Fukui,23-P
09/02/21,Minnow,626-P
09/02/21,Fukui,1187-Y
09/02/21,Minnow,1467-R
09/02/21,Fukui,1433-R
09/02/21,Minnow,146-Y
09/02/21,Fukui,1491-R
09/02/21,Minnow,185-Y
09/02/21,Fukui,1358-G
09/02/21,Minnow,157-P
09/02/21,Fukui,1080-Y
09/02/21,Minnow,166-P
09/02/21,Fukui,1193-Y
09/02/21,Minnow,142-P
09/02/21,Fukui,1406-R
09/02/21,Fukui,366-R
09/02/21,Minnow,1343-G
09/02/21,Fukui,1452-R
09/02/21,Minnow,1398-P
09/02/21,Fukui,1316-G
09/02/21,Minnow,184-P
09/02/21,Fukui,1488-R
09/02/21,Minnow,180-Y
09/02/21,Fukui,166-Y
09/02/21,Minnow,1149-B
09/02/21,Fukui,629-P
09/02/21,Minnow,378-R
09/02/21,Fukui,1190-Y
09/02/21,Minnow,170-Y
09/02/21,Fukui,1156-Y
09/02/21,Minnow,1119-B
09/02/21,Fukui,1376-G
09/02/21,Minnow,157-Y
09/02/21,Fukui,1102-Y
09/02/21,Minnow,165-P
09/02/21,Fukui,1430-R
09/02/21,Minnow,389-R
09/02/21,Fukui,690-P
09/02/21,Minnow,1190-B
09/02/21,Fukui,1342-G
09/02/21,Minnow,1325-G
09/02/21,Fukui,1445-R
09/02/21,Minnow,691-P
09/02/21,Fukui,1189-Y
09/02/21,Minnow,197-P
09/02/21,Shrimp,1116-B
09/02/21,Shrimp,164-P
09/02/21,Shrimp,1345-G
09/02/21,Shrimp,133-P
09/02/21,Shrimp,1107-B
09/02/21,Minnow,661P
09/02/21,Fukui,1188-Y
09/02/21,Minnow,1109-B
09/02/21,Fukui,574-P
09/02/21,Minnow,1351-G
09/02/21,Fukui,1487-R
09/02/21,Minnow,171-P
09/02/21,Fukui,184-Y
09/02/21,Minnow,1120-B
09/02/21,Fukui,133-Y
09/03/21,Minnow,1154-Y
09/03/21,Fukui,1408-R
09/03/21,Minnow,1398-G
09/03/21,Fukui,123-Y
09/03/21,Minnow,1370-P
09/03/21,Fukui,187-Y
09/03/21,Minnow,637-P
09/03/21,Fukui,1194-Y
09/03/21,Fukui,1356-G
09/03/21,Minnow,173-P
09/03/21,Fukui,N/A
09/03/21,Minnow,1393-G
09/03/21,Fukui,176-Y
09/03/21,Minnow,1084-Y
09/03/21,Minnow,131-P
09/03/21,Fukui,119-Y
09/03/21,Minnow,687-P
09/03/21,Fukui,1432-R
09/03/21,Minnow,1390-G
09/03/21,Fukui,581-P
09/03/21,Minnow,1390-P
09/03/21,Fukui,1143-B
09/03/21,Fukui,1407-R
09/03/21,Minnow,1484-R
09/03/21,Minnow,129-P
09/03/21,Fukui,141-Y
09/03/21,Fukui,1363-G
09/03/21,Minnow,585-P
09/03/21,Minnow,74-P
09/03/21,Fukui,1139-Y
09/03/21,Minnow,158-P
09/03/21,Fukui,1437-R
09/03/21,Minnow,160-P
09/03/21,Fukui,1195-Y
09/03/21,Minnow,678-P
09/03/21,Fukui,23-P
09/03/21,Minnow,626-P
09/03/21,Fukui,1187-Y
09/03/21,Minnow,1467-R
09/03/21,Fukui,1433-R
09/03/21,Minnow,146-Y
09/03/21,Fukui,1491-R
09/03/21,Minnow,185-Y
09/03/21,Fukui,1358-G
09/03/21,Minnow,157-P
09/03/21,Fukui,1080-Y
09/03/21,Minnow,166-P
09/03/21,Fukui,1193-Y
09/03/21,Minnow,142-P
09/03/21,Fukui,1406-R
09/03/21,Fukui,366-R
09/03/21,Minnow,1343-G
09/03/21,Fukui,1452-R
09/03/21,Minnow,1398-P
09/03/21,Fukui,1316-G
09/03/21,Minnow,184-P
09/03/21,Fukui,1488-R
09/03/21,Minnow,180-Y
09/03/21,Fukui,166-Y
09/03/21,Minnow,1149-B
09/03/21,Fukui,629-P
09/03/21,Minnow,378-R
09/03/21,Fukui,1190-Y
09/03/21,Minnow,170-Y
09/03/21,Fukui,1156-Y
09/03/21,Minnow,1119-B
09/03/21,Fukui,1376-G
09/03/21,Minnow,157-Y
09/03/21,Fukui,1102-Y
09/03/21,Minnow,165-P
09/03/21,Fukui,1430-R
09/03/21,Minnow,389-R
09/03/21,Fukui,690-P
09/03/21,Minnow,1190-B
09/03/21,Fukui,1342-G
09/03/21,Minnow,1325-G
09/03/21,Fukui,1445-R
09/03/21,Minnow,691-P
09/03/21,Fukui,1189-Y
09/03/21,Minnow,197-P
09/03/21,Shrimp,1116-B
09/03/21,Shrimp,164-P
09/03/21,Shrimp,1345-G
09/03/21,Shrimp,133-P
09/03/21,Shrimp,1107-B
09/03/21,Minnow,661P
09/03/21,Fukui,1188-Y
09/03/21,Minnow,1109-B
09/03/21,Fukui,574-P
09/03/21,Minnow,1351-G
09/03/21,Fukui,1487-R
09/03/21,Minnow,171-P
09/03/21,Fukui,184-Y
09/03/21,Minnow,1120-B
09/03/21,Fukui,133-Y
09/08/21,Minnow,1399-G
09/08/21,Fukui,1316-G
09/08/21,Minnow,667-P
09/08/21,Fukui,1187-Y
09/08/21,Minnow,1079-Y
09/08/21,Fukui,1195-Y
09/08/21,Minnow,1424-R
09/08/21,Fukui,23-P
09/08/21,Fukui,1189-Y
09/08/21,Minnow,134-P
09/08/21,Fukui,1342-G
09/08/21,Minnow,1138-Y
09/08/21,Fukui,1190-Y
09/08/21,Minnow,160-P
09/08/21,Minnow,92-P
09/08/21,Fukui,1363-G
09/08/21,Minnow,146-Y
09/08/21,Fukui,1139-Y
09/08/21,Minnow,688-P
09/08/21,Fukui,1491-R
09/08/21,Minnow,1106-B
09/08/21,Fukui,1437-R
09/08/21,Fukui,1445-R
09/08/21,Minnow,1083-Y
09/08/21,Minnow,173-P
09/08/21,Fukui,1433-R
09/08/21,Fukui,1102-Y
09/08/21,Minnow,658-P
09/08/21,Minnow,626-P
09/08/21,Fukui,1488-R
09/08/21,Minnow,1397-P
09/08/21,Fukui,1179-Y
09/08/21,Minnow,1125-Y
09/08/21,Fukui,1432-R
09/08/21,Minnow,1117-B
09/08/21,Fukui,141-Y
09/08/21,Minnow,1192-B
09/08/21,Fukui,1193-Y
09/08/21,Minnow,665-P
09/08/21,Fukui,133-Y
09/08/21,Minnow,1063-B
09/08/21,Fukui,1358-G
09/08/21,Minnow,1347-G
09/08/21,Fukui,1194-Y
09/08/21,Minnow,1199-B
09/08/21,Fukui,690-P
09/08/21,Minnow,1151-Y
09/08/21,Fukui,1080-Y
09/08/21,Minnow,175-Y
09/08/21,Fukui,N/A
09/08/21,Fukui,1487-R
09/08/21,Minnow,131-P
09/08/21,Fukui,1407-R
09/08/21,Minnow,166-P
09/08/21,Fukui,176-Y
09/08/21,Minnow,1190-B
09/08/21,Fukui,187-Y
09/08/21,Minnow,1484-R
09/08/21,Fukui,1408-R
09/08/21,Minnow,1149-B
09/08/21,Fukui,1452-R
09/08/21,Minnow,1154-Y
09/08/21,Fukui,1156-Y
09/08/21,Minnow,170-Y
09/08/21,Fukui,1356-G
09/08/21,Minnow,389-R
09/08/21,Fukui,119-Y
09/08/21,Minnow,585-P
09/08/21,Fukui,1188-Y
09/08/21,Minnow,1370-P
09/08/21,Fukui,581-P
09/08/21,Minnow,129-P
09/08/21,Fukui,123-Y
09/08/21,Minnow,1109-B
09/08/21,Fukui,1143-B
09/08/21,Minnow,1119-B
09/08/21,Fukui,366-R
09/08/21,Minnow,1393-G
09/08/21,Fukui,148-Y
09/08/21,Minnow,1084-Y
09/09/21,Minnow,1399-G
09/09/21,Fukui,1316-G
09/09/21,Minnow,667-P
09/09/21,Fukui,1187-Y
09/09/21,Minnow,1079-Y
09/09/21,Fukui,1195-Y
09/09/21,Minnow,1424-R
09/09/21,Fukui,23-P
09/09/21,Fukui,1189-Y
09/09/21,Minnow,134-P
09/09/21,Fukui,1342-G
09/09/21,Minnow,1138-Y
09/09/21,Fukui,1190-Y
09/09/21,Minnow,160-P
09/09/21,Minnow,92-P
09/09/21,Fukui,1363-G
09/09/21,Minnow,146-Y
09/09/21,Fukui,1139-Y
09/09/21,Minnow,688-P
09/09/21,Fukui,1491-R
09/09/21,Minnow,1106-B
09/09/21,Fukui,1437-R
09/09/21,Fukui,1445-R
09/09/21,Minnow,1083-Y
09/09/21,Minnow,173-P
09/09/21,Fukui,1433-R
09/09/21,Fukui,1102-Y
09/09/21,Minnow,658-P
09/09/21,Minnow,626-P
09/09/21,Fukui,1488-R
09/09/21,Minnow,1397-P
09/09/21,Fukui,1179-Y
09/09/21,Minnow,1125-Y
09/09/21,Fukui,1432-R
09/09/21,Minnow,1117-B
09/09/21,Fukui,141-Y
09/09/21,Minnow,1192-B
09/09/21,Fukui,1193-Y
09/09/21,Minnow,665-P
09/09/21,Fukui,133-Y
09/09/21,Minnow,1063-B
N/A,Fukui,1358-G
09/09/21,Minnow,1347-G
09/09/21,Fukui,1194-Y
09/09/21,Minnow,1199-B
09/09/21,Fukui,690-P
09/09/21,Minnow,1151-Y
09/09/21,Fukui,1080-Y
N/A,Minnow,175-Y
N/A,Fukui,N/A
09/09/21,Fukui,1487-R
09/09/21,Minnow,131-P
09/09/21,Fukui,1407-R
09/09/21,Minnow,166-P
09/09/21,Fukui,176-Y
09/09/21,Minnow,1190-B
09/09/21,Fukui,187-Y
09/09/21,Minnow,1484-R
09/09/21,Fukui,1408-R
09/09/21,Minnow,1149-B
09/09/21,Fukui,1452-R
09/09/21,Minnow,1154-Y
09/09/21,Fukui,1156-Y
09/09/21,Minnow,170-Y
09/09/21,Fukui,1356-G
09/09/21,Minnow,389-R
09/09/21,Fukui,119-Y
09/09/21,Minnow,585-P
09/09/21,Fukui,1188-Y
09/09/21,Minnow,1370-P
09/09/21,Fukui,581-P
09/09/21,Minnow,129-P
09/09/21,Fukui,123-Y
09/09/21,Minnow,1109-B
09/09/21,Fukui,1143-B
09/09/21,Minnow,1119-B
09/09/21,Fukui,366-R
09/09/21,Minnow,1393-G
09/09/21,Fukui,148-Y
09/09/21,Minnow,1084-Y
09/09/21,Shrimp,1116-B
09/09/21,Shrimp,133-P
09/09/21,Shrimp,197-P
09/09/21,Shrimp,1107-B
09/09/21,Shrimp,164-P
09/09/21,Shrimp,1154-Pk
09/09/21,Shrimp,1153-Pk
09/09/21,Shrimp,1325-G
09/14/21,Minnow,1106-B
09/14/21,Fukui,1452-R
09/14/21,Minnow,49-P
09/14/21,Fukui,1156-Y
09/14/21,Minnow,1071-B
09/14/21,Fukui,1356-G
09/14/21,Minnow,92-P
09/14/21,Fukui,1102-Y
09/14/21,Fukui,123-Y
09/14/21,Minnow,1427-R
09/14/21,Fukui,23-P
09/14/21,Minnow,663-P
09/14/21,Fukui,1487-R
09/14/21,Minnow,1378-P
09/14/21,Minnow,1063-B
09/14/21,Fukui,574-P
09/14/21,Minnow,147-Y
09/14/21,Fukui,366-R
09/14/21,Minnow,1148-Y
09/14/21,Fukui,1139-Y
09/14/21,Minnow,141-P
09/14/21,Fukui,1437-R
09/14/21,Fukui,1188-Y
09/14/21,Minnow,1151-Y
09/14/21,Minnow,377-R
09/14/21,Fukui,184-Y
09/14/21,Fukui,1433-R
09/14/21,Minnow,1148-B
09/14/21,Minnow,1083-Y
09/14/21,Fukui,1342-G
09/14/21,Minnow,1345-G
09/14/21,Fukui,1194-Y
09/14/21,Minnow,74-P
09/14/21,Fukui,1190-Y
09/14/21,Minnow,1398-G
09/14/21,Fukui,1195-Y
09/14/21,Minnow,157-P
09/14/21,Fukui,1189-Y
09/14/21,Minnow,1390-P
09/14/21,Fukui,176-Y
09/14/21,Minnow,687-P
09/14/21,Fukui,1363-G
09/14/21,Minnow,158-P
09/14/21,Fukui,1179-Y
09/14/21,Minnow,1467-R
09/14/21,Fukui,133-Y
09/14/21,Minnow,1351-G
09/14/21,Fukui,1193-Y
09/14/21,Minnow,378-R
09/14/21,Fukui,1488-R
09/14/21,Fukui,1316-G
09/14/21,Minnow,1370-P
09/14/21,Fukui,1408-R
09/14/21,Minnow,677-P
09/14/21,Fukui,1407-R
09/14/21,Minnow,129-P
09/14/21,Fukui,1187-Y
09/14/21,Minnow,1192-B
09/14/21,Fukui,1491-R
09/14/21,Minnow,1393-G
09/14/21,Fukui,187-Y
09/14/21,Minnow,1109-Y
09/14/21,Fukui,581-P
09/14/21,Minnow,1084-Y
09/14/21,Fukui,119-Y
09/14/21,Minnow,619-P
09/14/21,Fukui,1143-B
09/14/21,Minnow,1125-Y
09/14/21,Fukui,148-Y
09/14/21,Minnow,1398-P
09/14/21,Fukui,1080-Y
09/14/21,Minnow,170-Y
09/14/21,Fukui,1445-R
09/14/21,Minnow,1199-B
09/14/21,Fukui,141-Y
09/14/21,Minnow,1088-Y
09/14/21,Fukui,690-P
09/14/21,Minnow,687-P
09/14/21,Fukui,1432-R
09/14/21,Minnow,1109-B
09/14/21,Shrimp,1325-G
09/14/21,Shrimp,1153-Pk
09/14/21,Shrimp,1154-Pk
09/15/21,Minnow,1106-B
09/15/21,Fukui,1452-R
09/15/21,Minnow,49-P
09/15/21,Fukui,1156-Y
09/15/21,Minnow,1071-B
09/15/21,Fukui,1356-G
09/15/21,Minnow,92-P
09/15/21,Fukui,1102-Y
09/15/21,Fukui,123-Y
09/15/21,Minnow,1427-R
09/15/21,Fukui,23-P
09/15/21,Minnow,663-P
09/15/21,Fukui,1487-R
09/15/21,Minnow,1378-P
09/15/21,Minnow,1063-B
09/15/21,Fukui,574-P
09/15/21,Minnow,147-Y
09/15/21,Fukui,366-R
09/15/21,Minnow,1148-Y
09/15/21,Fukui,1139-Y
09/15/21,Minnow,141-P
09/15/21,Fukui,1437-R
09/15/21,Fukui,1188-Y
09/15/21,Minnow,1151-Y
09/15/21,Minnow,377-R
09/15/21,Fukui,184-Y
09/15/21,Fukui,1433-R
09/15/21,Minnow,1148-B
09/15/21,Minnow,1083-Y
09/15/21,Fukui,1342-G
09/15/21,Minnow,1345-G
09/15/21,Fukui,1194-Y
09/15/21,Minnow,74-P
09/15/21,Fukui,1190-Y
09/15/21,Minnow,1398-G
09/15/21,Fukui,1195-Y
09/15/21,Minnow,157-P
09/15/21,Fukui,1189-Y
09/15/21,Minnow,1390-P
09/15/21,Fukui,176-Y
09/15/21,Minnow,687-P
09/15/21,Fukui,1363-G
09/15/21,Minnow,158-P
09/15/21,Fukui,1179-Y
09/15/21,Minnow,1467-R
09/15/21,Fukui,133-Y
09/15/21,Minnow,1351-G
09/15/21,Fukui,1193-Y
09/15/21,Minnow,378-R
09/15/21,Fukui,1488-R
09/15/21,Fukui,1316-G
09/15/21,Minnow,1370-P
09/15/21,Fukui,1408-R
09/15/21,Minnow,677-P
09/15/21,Fukui,1407-R
09/15/21,Minnow,129-P
09/15/21,Fukui,1187-Y
09/15/21,Minnow,1192-B
09/15/21,Fukui,1491-R
09/15/21,Minnow,1393-G
09/15/21,Fukui,187-Y
09/15/21,Minnow,1109-Y
09/15/21,Fukui,581-P
09/15/21,Minnow,1084-Y
09/15/21,Fukui,119-Y
09/15/21,Minnow,619-P
09/15/21,Fukui,1143-B
09/15/21,Minnow,1125-Y
09/15/21,Fukui,148-Y
09/15/21,Minnow,1398-P
09/15/21,Fukui,1080-Y
09/15/21,Minnow,170-Y
09/15/21,Fukui,1445-R
09/15/21,Minnow,1199-B
09/15/21,Fukui,141-Y
09/15/21,Minnow,1088-Y
09/15/21,Fukui,690-P
09/15/21,Minnow,687-P
09/15/21,Fukui,1432-R
09/15/21,Minnow,1109-B
09/15/21,Shrimp,1325-G
09/15/21,Shrimp,1153-Pk
09/15/21,Shrimp,1154-Pk
09/16/21,Minnow,1106-B
09/16/21,Fukui,1452-R
09/16/21,Minnow,49-P
09/16/21,Fukui,1156-Y
09/16/21,Minnow,1071-B
09/16/21,Fukui,1356-G
09/16/21,Minnow,92-P
09/16/21,Fukui,1102-Y
09/16/21,Fukui,123-Y
09/16/21,Minnow,1427-R
09/16/21,Fukui,23-P
09/16/21,Minnow,663-P
09/16/21,Fukui,1487-R
09/16/21,Minnow,1378-P
09/16/21,Minnow,1063-B
09/16/21,Fukui,574-P
09/16/21,Minnow,147-Y
09/16/21,Fukui,366-R
09/16/21,Minnow,1148-Y
09/16/21,Fukui,1139-Y
09/16/21,Minnow,141-P
09/16/21,Fukui,1437-R
09/16/21,Fukui,1188-Y
09/16/21,Minnow,1151-Y
09/16/21,Minnow,377-R
09/16/21,Fukui,184-Y
09/16/21,Fukui,1433-R
09/16/21,Minnow,1148-B
09/16/21,Minnow,1083-Y
09/16/21,Fukui,1342-G
09/16/21,Minnow,1345-G
09/16/21,Fukui,1194-Y
09/16/21,Minnow,74-P
09/16/21,Fukui,1190-Y
09/16/21,Minnow,1398-G
09/16/21,Fukui,1195-Y
09/16/21,Minnow,157-P
09/16/21,Fukui,1189-Y
09/16/21,Minnow,1390-P
09/16/21,Fukui,176-Y
09/16/21,Minnow,687-P
09/16/21,Fukui,1363-G
09/16/21,Minnow,158-P
09/16/21,Fukui,1179-Y
09/16/21,Minnow,1467-R
09/16/21,Fukui,133-Y
09/16/21,Minnow,1351-G
09/16/21,Fukui,1193-Y
09/16/21,Minnow,378-R
09/16/21,Fukui,1488-R
09/16/21,Fukui,1316-G
09/16/21,Minnow,1370-P
09/16/21,Fukui,1408-R
09/16/21,Minnow,677-P
09/16/21,Fukui,1407-R
09/16/21,Minnow,129-P
09/16/21,Fukui,1187-Y
09/16/21,Minnow,1192-B
09/16/21,Fukui,1491-R
09/16/21,Minnow,1393-G
09/16/21,Fukui,187-Y
09/16/21,Minnow,1109-Y
09/16/21,Fukui,581-P
09/16/21,Minnow,1084-Y
09/16/21,Fukui,119-Y
09/16/21,Minnow,619-P
09/16/21,Fukui,1143-B
09/16/21,Minnow,1125-Y
09/16/21,Fukui,148-Y
09/16/21,Minnow,1398-P
09/16/21,Fukui,1080-Y
09/16/21,Minnow,170-Y
09/16/21,Fukui,1445-R
09/16/21,Minnow,1199-B
09/16/21,Fukui,141-Y
09/16/21,Minnow,1088-Y
09/16/21,Fukui,690-P
09/16/21,Minnow,687-P
09/16/21,Fukui,1432-R
09/16/21,Minnow,1109-B
09/16/21,Shrimp,1325-G
09/16/21,Shrimp,1153-Pk
09/16/21,Shrimp,1154-Pk
09/16/21,Shrimp,164-P
09/16/21,Shrimp,1116-B
09/16/21,Shrimp,1107-B
09/16/21,Shrimp,133-P
09/16/21,Shrimp,1399-G
09/16/21,Shrimp,1397-P
09/16/21,Shrimp,197-P
09/17/21,Minnow,1106-B
09/17/21,Fukui,1452-R
09/17/21,Minnow,49-P
09/17/21,Fukui,1156-Y
09/17/21,Minnow,1071-B
09/17/21,Fukui,1356-G
09/17/21,Minnow,92-P
09/17/21,Fukui,1102-Y
09/17/21,Fukui,123-Y
09/17/21,Minnow,1427-R
09/17/21,Fukui,23-P
09/17/21,Minnow,663-P
09/17/21,Fukui,1487-R
09/17/21,Minnow,1378-P
09/17/21,Minnow,1063-B
09/17/21,Fukui,574-P
09/17/21,Minnow,147-Y
09/17/21,Fukui,366-R
09/17/21,Minnow,1148-Y
09/17/21,Fukui,1139-Y
09/17/21,Minnow,141-P
09/17/21,Fukui,1437-R
09/17/21,Fukui,1188-Y
09/17/21,Minnow,1151-Y
09/17/21,Minnow,377-R
09/17/21,Fukui,184-Y
09/17/21,Fukui,1433-R
09/17/21,Minnow,1148-B
09/17/21,Minnow,1083-Y
09/17/21,Fukui,1342-G
09/17/21,Minnow,1345-G
09/17/21,Fukui,1194-Y
09/17/21,Minnow,74-P
09/17/21,Fukui,1190-Y
09/17/21,Minnow,1398-G
09/17/21,Fukui,1195-Y
09/17/21,Minnow,157-P
09/17/21,Fukui,1189-Y
09/17/21,Minnow,1390-P
09/17/21,Fukui,176-Y
09/17/21,Minnow,687-P
09/17/21,Fukui,1363-G
09/17/21,Minnow,158-P
09/17/21,Fukui,1179-Y
09/17/21,Minnow,1467-R
09/17/21,Fukui,133-Y
09/17/21,Minnow,1351-G
09/17/21,Fukui,1193-Y
09/17/21,Minnow,378-R
09/17/21,Fukui,1488-R
09/17/21,Fukui,1316-G
09/17/21,Minnow,1370-P
09/17/21,Fukui,1408-R
09/17/21,Minnow,677-P
09/17/21,Fukui,1407-R
09/17/21,Minnow,129-P
09/17/21,Fukui,1187-Y
09/17/21,Minnow,1192-B
09/17/21,Fukui,1491-R
09/17/21,Minnow,1393-G
09/17/21,Fukui,187-Y
09/17/21,Minnow,1109-Y
09/17/21,Fukui,581-P
09/17/21,Minnow,1084-Y
09/17/21,Fukui,119-Y
09/17/21,Minnow,619-P
09/17/21,Fukui,1143-B
09/17/21,Minnow,1125-Y
09/17/21,Fukui,148-Y
09/17/21,Minnow,1398-P
09/17/21,Fukui,1080-Y
09/17/21,Minnow,170-Y
09/17/21,Fukui,1445-R
09/17/21,Minnow,1199-B
09/17/21,Fukui,141-Y
09/17/21,Minnow,1088-Y
09/17/21,Fukui,690-P
09/17/21,Minnow,687-P
09/17/21,Fukui,1432-R
09/17/21,Minnow,1109-B
09/17/21,Shrimp,1325-G
09/17/21,Shrimp,1153-Pk
09/17/21,Shrimp,1154-Pk
09/17/21,Shrimp,164-P
09/17/21,Shrimp,1116-B
09/17/21,Shrimp,1107-B
09/17/21,Shrimp,133-P
09/17/21,Shrimp,1399-G
09/17/21,Shrimp,1397-P
09/17/21,Shrimp,197-P
09/17/21,Minnow,630-P
09/17/21,Fukui,1125-B
09/17/21,Minnow,175-Y
09/17/21,Fukui,1172-Y
09/17/21,Minnow,1458-R
09/17/21,Fukui,1311-G
09/17/21,Minnow,681-P
09/17/21,Fukui,367-R
09/17/21,Minnow,160-P
09/17/21,Fukui,164-Y
09/17/21,Minnow,1150-Y
09/17/21,Fukui,572-P
09/17/21,Minnow,665-P
09/17/21,Fukui,1177-Y
09/17/21,Minnow,674-P
09/17/21,Fukui,20-P
09/17/21,Minnow,173-P
09/17/21,Fukui,1341-G
09/17/21,Minnow,142-P
09/17/21,Fukui,166-Y
09/17/21,Minnow,1390-G
09/17/21,Fukui,1376-G
09/17/21,Minnow,189-P
09/17/21,Fukui,1430-R
09/17/21,Minnow,146-Y
09/17/21,Fukui,1496-R
09/17/21,Minnow,N/A
09/17/21,Fukui,1309-G
09/17/21,Minnow,72-P
09/17/21,Fukui,1406-R
09/17/21,Minnow,171-Y
09/17/21,Fukui,155-Y
09/17/21,Minnow,688-P
09/17/21,Fukui,1175-Y
09/17/21,Minnow,138-P
09/17/21,Fukui,1304-G
10/05/21,Shrimp,1397-P
10/05/21,Shrimp,1116-B
10/05/21,Shrimp,1107-B
10/05/21,"Shrimp - 1/2""",105-Y
10/05/21,Minnow,1390-P
10/05/21,Minnow,157-P
10/05/21,Minnow,160-P
10/05/21,Minnow,173-P
10/05/21,Minnow,665-P
10/05/21,Minnow,142-P
10/05/21,Minnow,134-P
10/05/21,Minnow,1148-B
10/05/21,Minnow,1390-G
10/05/21,Minnow,158-P
10/05/21,Shrimp,N/A
10/05/21,Minnow,49-P
10/05/21,Minnow,1071-B
10/05/21,Minnow,1088-Y
10/05/21,Minnow,1398-P
10/05/21,Minnow,1109-B
10/05/21,Shrimp,197-P
10/05/21,Minnow,137-P
10/05/21,Minnow,687-P
10/05/21,Minnow,1084-Y
10/05/21,Minnow,1199-B
10/05/21,Minnow,170-Y
10/05/21,Shrimp,1399-G
10/05/21,Shrimp,133-P
10/05/21,Shrimp,1153-Pk
10/05/21,Minnow,74-P
10/05/21,Minnow,688-P
10/05/21,Minnow,92-P
10/05/21,Minnow,663-P
10/05/21,"Shrimp - 1/2""",106-Y
10/05/21,Minnow,1427-R
10/05/21,Minnow,681-P
10/05/21,Shrimp,164-P
10/05/21,Minnow,1083-Y
10/05/21,Minnow,1325-G
10/05/21,Minnow,1378-P
10/05/21,Minnow,1106-B
10/05/21,Shrimp,1155-Pk
10/06/21,Shrimp,1397-P
10/06/21,Shrimp,1116-B
10/06/21,Shrimp,1107-B
10/06/21,"Shrimp - 1/2""",105-Y
10/06/21,Minnow,1390-P
10/06/21,Minnow,157-P
10/06/21,Minnow,160-P
10/06/21,Minnow,173-P
10/06/21,Minnow,665-P
10/06/21,Minnow,142-P
10/06/21,Minnow,134-P
10/06/21,Minnow,1148-B
10/06/21,Minnow,1390-G
10/06/21,Minnow,158-P
10/06/21,Shrimp,N/A
10/06/21,Minnow,49-P
10/06/21,Minnow,1071-B
10/06/21,Minnow,1088-Y
10/06/21,Minnow,1398-P
10/06/21,Minnow,1109-B
10/06/21,Shrimp,197-P
10/06/21,Minnow,137-P
10/06/21,Minnow,687-P
10/06/21,Minnow,1084-Y
10/06/21,Minnow,1199-B
10/06/21,Minnow,170-Y
10/06/21,Shrimp,1399-G
10/06/21,Shrimp,133-P
10/06/21,Shrimp,1153-Pk
10/06/21,Minnow,74-P
10/06/21,Minnow,688-P
10/06/21,Minnow,92-P
10/06/21,Minnow,663-P
10/06/21,"Shrimp - 1/2""",106-Y
10/06/21,Minnow,1427-R
10/06/21,Minnow,681-P
10/06/21,Shrimp,164-P
10/06/21,Minnow,1083-Y
10/06/21,Minnow,1325-G
10/06/21,Minnow,1378-P
10/06/21,Minnow,1106-B
10/06/21,Shrimp,1155-Pk
04/19/22,Minnow,70-P
04/19/22,Fukui,3079-P
04/19/22,Minnow,145-P
04/19/22,Fukui,1169-R
04/19/22,Minnow,30-P
04/19/22,Fukui,3151-P
04/19/22,Minnow,1378-P
04/19/22,Fukui,3078-P
04/19/22,Fukui,3157-P
04/19/22,Minnow,138-P
04/19/22,Fukui,3173-P
04/19/22,Minnow,670-P
04/19/22,Fukui,1193-R
04/19/22,Minnow,1382-P
04/19/22,Minnow,74-P
04/19/22,Fukui,3158-P
04/19/22,Minnow,678-P
04/19/22,Fukui,1187-R
04/19/22,Minnow,85-P
04/19/22,Fukui,3172-P
04/19/22,Minnow,1367-P
04/19/22,Fukui,3153-P
04/19/22,Fukui,3190-P
04/19/22,Minnow,183-P
04/19/22,Minnow,626-P
04/19/22,Fukui,3194-P
04/19/22,Fukui,1189-R
04/19/22,Minnow,169-P
04/19/22,Minnow,663-P
04/19/22,Fukui,1198-R
04/20/22,Minnow,70-P
04/20/22,Fukui,3079-P
04/20/22,Minnow,145-P
04/20/22,Fukui,1169-R
04/20/22,Minnow,30-P
04/20/22,Fukui,3151-P
04/20/22,Minnow,1378-P
04/20/22,Fukui,3078-P
04/20/22,Fukui,3157-P
04/20/22,Minnow,138-P
04/20/22,Fukui,3173-P
04/20/22,Minnow,670-P
04/20/22,Fukui,1193-R
04/20/22,Minnow,1382-P
04/20/22,Minnow,74-P
04/20/22,Fukui,3158-P
04/20/22,Minnow,678-P
04/20/22,Fukui,1187-R
04/20/22,Minnow,85-P
04/20/22,Fukui,3172-P
04/20/22,Minnow,1367-P
04/20/22,Fukui,3153-P
04/20/22,Fukui,3190-P
04/20/22,Minnow,183-P
04/20/22,Minnow,626-P
04/20/22,Fukui,3194-P
04/20/22,Fukui,1189-R
04/20/22,Minnow,169-P
04/20/22,Minnow,663-P
04/20/22,Fukui,1198-R
04/21/22,Minnow,70-P
04/21/22,Fukui,3079-P
04/21/22,Minnow,145-P
04/21/22,Fukui,1169-R
04/21/22,Minnow,30-P
04/21/22,Fukui,3151-P
04/21/22,Minnow,1378-P
04/21/22,Fukui,3078-P
04/21/22,Fukui,3157-P
04/21/22,Minnow,138-P
04/21/22,Fukui,3173-P
04/21/22,Minnow,670-P
04/21/22,Fukui,1193-R
04/21/22,Minnow,1382-P
04/21/22,Minnow,74-P
04/21/22,Fukui,3158-P
04/21/22,Minnow,678-P
04/21/22,Fukui,1187-R
04/21/22,Minnow,85-P
04/21/22,Fukui,3172-P
04/21/22,Minnow,1367-P
04/21/22,Fukui,3153-P
04/21/22,Fukui,3190-P
04/21/22,Minnow,183-P
04/21/22,Minnow,626-P
04/21/22,Fukui,3194-P
04/21/22,Fukui,1189-R
04/21/22,Minnow,169-P
04/21/22,Minnow,663-P
04/21/22,Fukui,1198-R
04/20/22,Shrimp,697-P
04/20/22,Shrimp,3174-P
04/19/22,Minnow,177-P
04/19/22,Fukui,20-P
04/19/22,Minnow,163-P
04/19/22,Fukui,160-Y
04/19/22,Minnow,674-P
04/19/22,Fukui,111-Y
04/19/22,Minnow,185-P
04/19/22,Fukui,603-P
04/19/22,Minnow,180-P
04/19/22,Fukui,1139-Y
04/19/22,Minnow,132-P
04/19/22,Fukui,128-Y
04/19/22,Minnow,150-P
04/19/22,Fukui,127-Y
04/19/22,Minnow,152-P
04/19/22,Fukui,116-Y
04/19/22,Minnow,632-P
04/19/22,Fukui,102-Y
04/19/22,Minnow,682-P
04/19/22,Fukui,609-P
04/19/22,Minnow,684-P
04/19/22,Fukui,629-P
04/19/22,Minnow,181-P
04/19/22,Fukui,1108-Y
04/19/22,Minnow,64-P
04/19/22,Fukui,163-Y
04/19/22,Minnow,174-P
04/19/22,Fukui,1173-Y
04/19/22,Minnow,188-P
04/19/22,Fukui,117-Y
04/20/22,Minnow,177-P
04/20/22,Fukui,20-P
04/20/22,Minnow,163-P
04/20/22,Fukui,160-Y
04/20/22,Minnow,674-P
04/20/22,Fukui,111-Y
04/20/22,Minnow,185-P
04/20/22,Fukui,603-P
04/20/22,Minnow,180-P
04/20/22,Fukui,1139-Y
04/20/22,Minnow,132-P
04/20/22,Fukui,128-Y
04/20/22,Minnow,150-P
04/20/22,Fukui,127-Y
04/20/22,Minnow,152-P
04/20/22,Fukui,116-Y
04/20/22,Minnow,632-P
04/20/22,Fukui,102-Y
04/20/22,Minnow,682-P
04/20/22,Fukui,609-P
04/20/22,Minnow,684-P
04/20/22,Fukui,629-P
04/20/22,Minnow,181-P
04/20/22,Fukui,1108-Y
04/20/22,Minnow,64-P
04/20/22,Fukui,163-Y
04/20/22,Minnow,174-P
04/20/22,Fukui,1173-Y
04/20/22,Minnow,188-P
04/20/22,Fukui,117-Y
04/21/22,Minnow,177-P
04/21/22,Fukui,20-P
04/21/22,Minnow,163-P
04/21/22,Fukui,160-Y
04/21/22,Minnow,674-P
04/21/22,Fukui,111-Y
04/21/22,Minnow,185-P
04/21/22,Fukui,603-P
04/21/22,Minnow,180-P
04/21/22,Fukui,1139-Y
04/21/22,Minnow,132-P
04/21/22,Fukui,128-Y
04/21/22,Minnow,150-P
04/21/22,Fukui,127-Y
04/21/22,Minnow,152-P
04/21/22,Fukui,116-Y
04/21/22,Minnow,632-P
04/21/22,Fukui,102-Y
04/21/22,Minnow,682-P
04/21/22,Fukui,609-P
04/21/22,Minnow,684-P
04/21/22,Fukui,629-P
04/21/22,Minnow,181-P
04/21/22,Fukui,1108-Y
04/21/22,Minnow,64-P
04/21/22,Fukui,163-Y
04/21/22,Minnow,174-P
04/21/22,Fukui,1173-Y
04/21/22,Minnow,188-P
04/21/22,Fukui,117-Y
04/19/22,Shrimp,3085-P
04/19/22,Shrimp,1191-R
04/20/22,Shrimp,3085-P
04/20/22,Shrimp,1191-R
04/21/22,Shrimp,3085-P
04/21/22,Shrimp,1191-R
04/19/22,Fukui,1192-Y
04/19/22,Minnow,49-P
04/19/22,Fukui,1176-Y
04/19/22,Minnow,65-P
04/19/22,Fukui,21-P
04/19/22,Minnow,1396-P
04/19/22,Fukui,172-Y
04/19/22,Minnow,80-P
04/19/22,Fukui,648-P
04/19/22,Minnow,155-P
04/19/22,Fukui,1200-Y
04/19/22,Minnow,166-P
04/19/22,Fukui,1174-Y
04/19/22,Minnow,1394-P
04/19/22,Fukui,581-P
04/19/22,Minnow,1387-P
04/19/22,Fukui,23-P
04/19/22,Minnow,1398-P
04/19/22,Fukui,638-P
04/19/22,Minnow,1381-P
04/19/22,Fukui,1167-P
04/19/22,Minnow,146-P
04/19/22,Fukui,39-P
04/19/22,Minnow,36-P
04/19/22,Fukui,1196-Y
04/19/22,Minnow,73-P
04/19/22,Fukui,1197-Y
04/19/22,Minnow,1383-P
04/19/22,Fukui,1179-Y
04/19/22,Minnow,192-P
04/20/22,Fukui,1192-Y
04/20/22,Minnow,49-P
04/20/22,Fukui,1176-Y
04/20/22,Minnow,65-P
04/20/22,Fukui,21-P
04/20/22,Minnow,1396-P
04/20/22,Fukui,172-Y
04/20/22,Minnow,80-P
04/20/22,Fukui,648-P
04/20/22,Minnow,155-P
04/20/22,Fukui,1200-Y
04/20/22,Minnow,166-P
04/20/22,Fukui,1174-Y
04/20/22,Minnow,1394-P
04/20/22,Fukui,581-P
04/20/22,Minnow,1387-P
04/20/22,Fukui,23-P
04/20/22,Minnow,1398-P
04/20/22,Fukui,638-P
04/20/22,Minnow,1381-P
04/20/22,Fukui,1167-P
04/20/22,Minnow,146-P
04/20/22,Fukui,39-P
04/20/22,Minnow,36-P
04/20/22,Fukui,1196-Y
04/20/22,Minnow,73-P
04/20/22,Fukui,1197-Y
04/20/22,Minnow,1383-P
04/20/22,Fukui,1179-Y
04/20/22,Minnow,192-P
04/21/22,Fukui,1192-Y
04/21/22,Minnow,49-P
04/21/22,Fukui,1176-Y
04/21/22,Minnow,65-P
04/21/22,Fukui,21-P
04/21/22,Minnow,1396-P
04/21/22,Fukui,172-Y
04/21/22,Minnow,80-P
04/21/22,Fukui,648-P
04/21/22,Minnow,155-P
04/21/22,Fukui,1200-Y
04/21/22,Minnow,166-P
04/21/22,Fukui,1174-Y
04/21/22,Minnow,1394-P
04/21/22,Fukui,581-P
04/21/22,Minnow,1387-P
04/21/22,Fukui,23-P
04/21/22,Minnow,1398-P
04/21/22,Fukui,638-P
04/21/22,Minnow,1381-P
04/21/22,Fukui,1167-P
04/21/22,Minnow,146-P
04/21/22,Fukui,39-P
04/21/22,Minnow,36-P
04/21/22,Fukui,1196-Y
04/21/22,Minnow,73-P
04/21/22,Fukui,1197-Y
04/21/22,Minnow,1383-P
04/21/22,Fukui,1179-Y
04/21/22,Minnow,192-P
04/19/22,Shrimp,1157-R
04/19/22,Shrimp,3100-P
04/20/22,Shrimp,1157-R
04/20/22,Shrimp,3100-P
05/03/22,Minnow,183-P
05/03/22,Fukui,1193-R
05/03/22,Minnow,632-P
05/03/22,Fukui,3194-P
05/03/22,Minnow,674-P
05/03/22,Fukui,3172-P
05/03/22,Minnow,49-P
05/03/22,Fukui,3173-P
05/03/22,Fukui,3158-P
05/03/22,Minnow,150-P
05/03/22,Fukui,1189-R
05/03/22,Minnow,1381-P
05/03/22,Fukui,3151-P
05/03/22,Minnow,169-P
05/03/22,Minnow,185-P
05/03/22,Fukui,3079-P
05/03/22,Minnow,152-P
05/03/22,Fukui,3190-P
05/03/22,Minnow,1382-P
05/03/22,Fukui,3153-P
05/03/22,Minnow,80-P
05/03/22,Fukui,3149-P
05/03/22,Fukui,1169-R
05/03/22,Minnow,682-P
05/03/22,Minnow,663-P
05/03/22,Fukui,3157-P
05/03/22,Fukui,1198-R
05/03/22,Minnow,132-P
05/03/22,Minnow,180-P
05/03/22,Fukui,3078-P
05/03/22,Shrimp,1191-R
05/03/22,Shrimp,1385-P
05/04/22,Minnow,183-P
05/04/22,Fukui,1193-R
05/04/22,Minnow,632-P
05/04/22,Fukui,3194-P
05/04/22,Minnow,674-P
05/04/22,Fukui,3172-P
05/04/22,Minnow,49-P
05/04/22,Fukui,3173-P
05/04/22,Fukui,3158-P
05/04/22,Minnow,150-P
05/04/22,Fukui,1189-R
05/04/22,Minnow,1381-P
05/04/22,Fukui,3151-P
05/04/22,Minnow,169-P
05/04/22,Minnow,185-P
05/04/22,Fukui,3079-P
05/04/22,Minnow,152-P
05/04/22,Fukui,3190-P
05/04/22,Minnow,1382-P
05/04/22,Fukui,3153-P
05/04/22,Minnow,80-P
05/04/22,Fukui,3149-P
05/04/22,Fukui,1169-R
05/04/22,Minnow,682-P
05/04/22,Minnow,663-P
05/04/22,Fukui,3157-P
05/04/22,Fukui,1198-R
05/04/22,Minnow,132-P
05/04/22,Minnow,180-P
05/04/22,Fukui,3078-P
05/03/22,Minnow,36-P
05/03/22,Fukui,127-Y
05/03/22,Minnow,1383-P
05/03/22,Fukui,160-Y
05/03/22,Minnow,670-P
05/03/22,Fukui,1173-Y
05/03/22,Minnow,146-P
05/03/22,Fukui,128-Y
05/03/22,Minnow,145-P
05/03/22,Fukui,117-Y
05/03/22,Minnow,138-P
05/03/22,Fukui,39-P
05/03/22,Minnow,30-P
05/03/22,Fukui,648-P
05/03/22,Minnow,1367-P
05/03/22,Fukui,629-P
05/03/22,Minnow,74-P
05/03/22,Fukui,1179-Y
05/03/22,Minnow,163-P
05/03/22,Fukui,23-P
05/03/22,Minnow,678-P
05/03/22,Fukui,163-Y
05/03/22,Minnow,1378-P
05/03/22,Fukui,102-Y
05/03/22,Minnow,85-P
05/03/22,Fukui,1176-Y
05/03/22,Minnow,1387-P
05/03/22,Fukui,1196-Y
05/03/22,Minnow,626-P
05/03/22,Fukui,1167-Y
05/03/22,Shrimp,1379-P
05/03/22,Shrimp,3090-P
05/04/22,Minnow,36-P
05/04/22,Fukui,127-Y
05/04/22,Minnow,1383-P
05/04/22,Fukui,160-Y
05/04/22,Minnow,670-P
05/04/22,Fukui,1173-Y
05/04/22,Minnow,146-P
05/04/22,Fukui,128-Y
05/04/22,Minnow,145-P
05/04/22,Fukui,117-Y
05/04/22,Minnow,138-P
05/04/22,Fukui,39-P
05/04/22,Minnow,30-P
05/04/22,Fukui,648-P
05/04/22,Minnow,1367-P
05/04/22,Fukui,629-P
05/04/22,Minnow,74-P
05/04/22,Fukui,1179-Y
05/04/22,Minnow,163-P
05/04/22,Fukui,23-P
05/04/22,Minnow,678-P
05/04/22,Fukui,163-Y
05/04/22,Minnow,1378-P
05/04/22,Fukui,102-Y
05/04/22,Minnow,85-P
05/04/22,Fukui,1176-Y
05/04/22,Minnow,1387-P
05/04/22,Fukui,1196-Y
05/04/22,Minnow,626-P
05/04/22,Fukui,1167-Y
05/04/22,Shrimp,1379-P
05/04/22,Shrimp,3090-P
05/05/22,Minnow,36-P
05/05/22,Fukui,127-Y
05/05/22,Minnow,1383-P
05/05/22,Fukui,160-Y
05/05/22,Minnow,670-P
05/05/22,Fukui,1173-Y
05/05/22,Minnow,146-P
05/05/22,Fukui,128-Y
05/05/22,Minnow,145-P
05/05/22,Fukui,117-Y
05/05/22,Minnow,138-P
05/05/22,Fukui,39-P
05/05/22,Minnow,30-P
05/05/22,Fukui,648-P
05/05/22,Minnow,1367-P
05/05/22,Fukui,629-P
05/05/22,Minnow,74-P
05/05/22,Fukui,1179-Y
05/05/22,Minnow,163-P
05/05/22,Fukui,23-P
05/05/22,Minnow,678-P
05/05/22,Fukui,163-P
05/05/22,Minnow,1378-P
05/05/22,Fukui,102-Y
05/05/22,Minnow,85-P
05/05/22,Fukui,1176-Y
05/05/22,Minnow,1387-P
05/05/22,Fukui,1196-Y
05/05/22,Minnow,626-P
05/05/22,Fukui,1167-Y
05/05/22,Shrimp,1379-P
05/05/22,Shrimp,3090-P
05/03/22,Fukui,1139-Y
05/03/22,Minnow,1366-P
05/03/22,Fukui,581-P
05/03/22,Minnow,174-P
05/03/22,Fukui,1174-Y
05/03/22,Minnow,1390-P
05/03/22,Fukui,1108-Y
05/03/22,Minnow,155-P
05/03/22,Fukui,1197-Y
05/03/22,Minnow,158-P
05/03/22,Fukui,116-Y
05/03/22,Minnow,65-P
05/03/22,Fukui,603-P
05/03/22,Minnow,192-P
05/03/22,Fukui,172-Y
05/03/22,Minnow,1368-P
05/03/22,Fukui,20-P
05/03/22,Minnow,130-P
05/03/22,Fukui,111-Y
05/03/22,Minnow,658-P
05/03/22,Fukui,1200-Y
05/03/22,Minnow,630-P
05/03/22,Fukui,638-P
05/03/22,Minnow,170-P
05/03/22,Fukui,609-P
05/03/22,Minnow,188-P
05/03/22,Fukui,21-P
05/03/22,Minnow,691-P
05/03/22,Fukui,1192-Y
05/03/22,Minnow,189-P
05/03/22,Shrimp,3100-P
05/03/22,Shrimp,3102-P
05/04/22,Fukui,1139-Y
05/04/22,Minnow,1366-P
05/04/22,Fukui,581-P
05/04/22,Minnow,174-P
05/04/22,Fukui,1174-Y
05/04/22,Minnow,1390-P
05/04/22,Fukui,1108-Y
05/04/22,Minnow,155-P
05/04/22,Fukui,1197-Y
05/04/22,Minnow,158-P
05/04/22,Fukui,116-Y
05/04/22,Minnow,65-P
05/04/22,Fukui,603-P
05/04/22,Minnow,192-P
05/04/22,Fukui,172-Y
05/04/22,Minnow,1368-P
05/04/22,Fukui,20-P
05/04/22,Minnow,130-P
05/04/22,Fukui,111-Y
05/04/22,Minnow,658-P
05/04/22,Fukui,1200-Y
05/04/22,Minnow,630-P
05/04/22,Fukui,638-P
05/04/22,Minnow,170-P
05/04/22,Fukui,609-P
05/04/22,Minnow,188-P
05/04/22,Fukui,21-P
05/04/22,Minnow,691-P
05/04/22,Fukui,1192-Y
05/04/22,Minnow,189-P
05/17/22,Minnow,1378-P
05/17/22,Fukui,1169-R
05/17/22,Minnow,85-P
05/17/22,Fukui,3173-P
05/17/22,Minnow,678-P
05/17/22,Fukui,3158-P
05/17/22,Minnow,1383-P
05/17/22,Fukui,1198-R
05/17/22,Fukui,1193-R
05/17/22,Minnow,30-P
05/17/22,Fukui,3194-P
05/17/22,Minnow,36-P
05/17/22,Fukui,3190-P
05/17/22,Minnow,145-P
05/17/22,Minnow,146-P
05/17/22,Fukui,3157-P
05/17/22,Minnow,163-P
05/17/22,Fukui,3149-P
05/17/22,Minnow,626-P
05/17/22,Fukui,3151-P
05/17/22,Minnow,138-P
05/17/22,Fukui,1189-R
05/17/22,Fukui,3172-P
05/17/22,Minnow,1387-P
05/17/22,Minnow,74-P
05/17/22,Fukui,3078-P
05/17/22,Fukui,3153-P
05/17/22,Minnow,1367-P
05/17/22,Minnow,670-P
05/17/22,Fukui,3079-P
05/18/22,Minnow,1378-P
05/18/22,Fukui,1169-R
05/18/22,Minnow,85-P
05/18/22,Fukui,3173-P
05/18/22,Minnow,678-P
05/18/22,Fukui,3158-P
05/18/22,Minnow,1383-P
05/18/22,Fukui,1198-R
05/18/22,Fukui,1193-R
05/18/22,Minnow,30-P
05/18/22,Fukui,3194-P
05/18/22,Minnow,36-P
05/18/22,Fukui,3190-P
05/18/22,Minnow,145-P
05/18/22,Minnow,146-P
05/18/22,Fukui,3157-P
05/18/22,Minnow,163-P
05/18/22,Fukui,3149-P
05/18/22,Minnow,626-P
05/18/22,Fukui,3151-P
05/18/22,Minnow,138-P
05/18/22,Fukui,1189-R
05/18/22,Fukui,3172-P
05/18/22,Minnow,1387-P
05/18/22,Minnow,74-P
05/18/22,Fukui,3078-P
05/18/22,Fukui,3153-P
05/18/22,Minnow,1367-P
05/18/22,Minnow,670-P
05/18/22,Fukui,3079-P
05/17/22,Minnow,658-P
05/17/22,Fukui,638-P
05/17/22,Minnow,158-P
05/17/22,Fukui,629-P
05/17/22,Minnow,170-P
05/17/22,Fukui,21-P
05/17/22,Minnow,192-P
05/17/22,Fukui,128-Y
05/17/22,Minnow,155-P
05/17/22,Fukui,102-Y
05/17/22,Minnow,1368-P
05/17/22,Fukui,117-Y
05/17/22,Minnow,1366-P
05/17/22,Fukui,1197-Y
05/17/22,Minnow,691-P
05/17/22,Fukui,581-P
05/17/22,Minnow,189-P
05/17/22,Fukui,609-P
05/17/22,Minnow,188-P
05/17/22,Fukui,1174-Y
05/17/22,Minnow,130-P
05/17/22,Fukui,1173-Y
05/17/22,Minnow,630-P
05/17/22,Fukui,20-P
05/17/22,Minnow,65-P
05/17/22,Fukui,163-Y
05/17/22,Minnow,1390-P
05/17/22,Fukui,23-P
05/17/22,Minnow,174-P
05/17/22,Fukui,127-Y
05/17/22,Shrimp,3085-P
05/17/22,Shrimp,3100-P
05/18/22,Minnow,658-P
05/18/22,Fukui,638-P
05/18/22,Minnow,158-P
05/18/22,Fukui,629-P
05/18/22,Minnow,170-P
05/18/22,Fukui,21-P
05/18/22,Minnow,192-P
05/18/22,Fukui,128-Y
05/18/22,Minnow,155-P
05/18/22,Fukui,102-Y
05/18/22,Minnow,1368-P
05/18/22,Fukui,117-Y
05/18/22,Minnow,1366-P
05/18/22,Fukui,1197-Y
05/18/22,Minnow,691-P
05/18/22,Fukui,581-P
05/18/22,Minnow,189-P
05/18/22,Fukui,609-P
05/18/22,Minnow,188-P
05/18/22,Fukui,1174-Y
05/18/22,Minnow,130-P
05/18/22,Fukui,1173-Y
05/18/22,Minnow,630-P
05/18/22,Fukui,20-P
05/18/22,Minnow,65-P
05/18/22,Fukui,163-Y
05/18/22,Minnow,1390-P
05/18/22,Fukui,23-P
05/18/22,Minnow,174-P
05/18/22,Fukui,127-Y
05/18/22,Shrimp,3085-P
05/18/22,Shrimp,3100-P
05/19/22,Minnow,658-P
05/19/22,Fukui,638-P
05/19/22,Minnow,158-P
05/19/22,Fukui,629-P
05/19/22,Minnow,170-P
05/19/22,Fukui,21-P
05/19/22,Minnow,192-P
05/19/22,Fukui,128-Y
05/19/22,Minnow,155-P
05/19/22,Fukui,102-Y
05/19/22,Minnow,1368-P
05/19/22,Fukui,117-Y
05/19/22,Minnow,1366-P
05/19/22,Fukui,1197-Y
05/19/22,Minnow,691-P
05/19/22,Fukui,581-P
05/19/22,Minnow,189-P
05/19/22,Fukui,609-P
05/19/22,Minnow,188-P
05/19/22,Fukui,1174-Y
05/19/22,Minnow,130-P
05/19/22,Fukui,1173-Y
05/19/22,Minnow,630-P
05/19/22,Fukui,20-P
05/19/22,Minnow,65-P
05/19/22,Fukui,163-Y
05/19/22,Minnow,1390-P
05/19/22,Fukui,23-P
05/19/22,Minnow,174-P
05/19/22,Fukui,127-Y
05/19/22,Shrimp,3085-P
05/19/22,Shrimp,3100-P
05/17/22,Fukui,1192-Y
05/17/22,Minnow,632-P
05/17/22,Fukui,1139-Y
05/17/22,Minnow,1382-P
05/17/22,Fukui,1196-Y
05/17/22,Minnow,80-P
05/17/22,Fukui,172-Y
05/17/22,Minnow,49-P
05/17/22,Fukui,603-P
05/17/22,Minnow,183-P
05/17/22,Fukui,1200-Y
05/17/22,Minnow,674-P
05/17/22,Fukui,1179-Y
05/17/22,Minnow,132-P
05/17/22,Fukui,1108-Y
05/17/22,Minnow,152-P
05/17/22,Fukui,648-P
05/17/22,Minnow,169-P
05/17/22,Fukui,160-Y
05/17/22,Minnow,180-P
05/17/22,Fukui,111-Y
05/17/22,Minnow,150-P
05/17/22,Fukui,39-P
05/17/22,Minnow,1381-P
05/17/22,Fukui,1167-P
05/17/22,Minnow,663-P
05/17/22,Fukui,1176-Y
05/17/22,Minnow,185-P
05/17/22,Fukui,116-Y
05/17/22,Minnow,682-P
05/17/22,Shrimp,1191-R
05/17/22,Shrimp,1157-R
05/18/22,Fukui,1192-Y
05/18/22,Minnow,632-P
05/18/22,Fukui,1139-Y
05/18/22,Minnow,1382-P
05/18/22,Fukui,1196-Y
05/18/22,Minnow,80-P
05/18/22,Fukui,172-Y
05/18/22,Minnow,49-P
05/18/22,Fukui,603-P
05/18/22,Minnow,183-P
05/18/22,Fukui,1200-Y
05/18/22,Minnow,674-P
05/18/22,Fukui,1179-Y
05/18/22,Minnow,132-P
05/18/22,Fukui,1108-Y
05/18/22,Minnow,152-P
05/18/22,Fukui,648-P
05/18/22,Minnow,169-P
05/18/22,Fukui,160-Y
05/18/22,Minnow,180-P
05/18/22,Fukui,111-Y
05/18/22,Minnow,150-P
05/18/22,Fukui,39-P
05/18/22,Minnow,1381-P
05/18/22,Fukui,1167-P
05/18/22,Minnow,663-P
05/18/22,Fukui,1176-Y
05/18/22,Minnow,185-P
05/18/22,Fukui,116-Y
05/18/22,Minnow,682-P
05/18/22,Shrimp,1191-R
06/01/22,Minnow,192-P
06/01/22,Fukui,3194-P
06/01/22,Minnow,691-P
06/01/22,Fukui,1198-R
06/01/22,Minnow,65-P
06/01/22,Fukui,3172-P
06/01/22,Minnow,189-P
06/01/22,Fukui,3190-P
06/01/22,Fukui,3079-P
06/01/22,Minnow,130-P
06/01/22,Fukui,3151-P
06/01/22,Minnow,658-P
06/01/22,Fukui,3173-P
06/01/22,Minnow,155-P
06/01/22,Minnow,1390-P
06/01/22,Fukui,3078-P
06/01/22,Minnow,1366-P
06/01/22,Fukui,3153-P
06/01/22,Minnow,1368-P
06/01/22,Fukui,3149-P
06/01/22,Minnow,188-P
06/01/22,Fukui,1187-R
06/01/22,Fukui,1189-R
06/01/22,Minnow,158-P
06/01/22,Minnow,174-P
06/01/22,Fukui,1193-R
06/01/22,Fukui,3158-P
06/01/22,Minnow,170-P
06/01/22,Minnow,630-P
06/01/22,Fukui,3157-P
06/02/22,Minnow,192-P
06/02/22,Fukui,3194-P
06/02/22,Minnow,691-P
06/02/22,Fukui,1198-R
06/02/22,Minnow,65-P
06/02/22,Fukui,3172-P
06/02/22,Minnow,189-P
06/02/22,Fukui,3190-P
06/02/22,Fukui,3079-P
06/02/22,Minnow,130-P
06/02/22,Fukui,3151-P
06/02/22,Minnow,658-P
06/02/22,Fukui,3173-P
06/02/22,Minnow,155-P
06/02/22,Minnow,1390-P
06/02/22,Fukui,3078-P
06/02/22,Minnow,1366-P
06/02/22,Fukui,3153-P
06/02/22,Minnow,1368-P
06/02/22,Fukui,3149-P
06/02/22,Minnow,188-P
06/02/22,Fukui,1187-R
06/02/22,Fukui,1189-R
06/02/22,Minnow,158-P
06/02/22,Minnow,174-P
06/02/22,Fukui,1193-R
06/02/22,Fukui,3158-P
06/02/22,Minnow,170-P
06/02/22,Minnow,630-P
06/02/22,Fukui,3157-P
06/01/22,Shrimp,1157-R
06/01/22,Shrimp,893-G
06/01/22,Shrimp,3100-P
06/01/22,Shrimp,894-G
06/01/22,Shrimp,1191-R
06/01/22,Shrimp,3085-P
06/02/22,Shrimp,1157-R
06/02/22,Shrimp,893-G
06/03/22,Shrimp,1157-R
06/03/22,Shrimp,893-G
06/02/22,Minnow,183-P
06/02/22,Fukui,1141-B
06/02/22,Minnow,663-P
06/02/22,Fukui,648-P
06/02/22,Minnow,1381-P
06/02/22,Fukui,1129-B
06/02/22,Minnow,132-P
06/02/22,Fukui,160-Y
06/02/22,Minnow,150-P
06/02/22,Fukui,111-Y
06/02/22,Minnow,185-P
06/02/22,Fukui,1200-Y
06/02/22,Minnow,49-P
06/02/22,Fukui,1108-Y
06/02/22,Minnow,632-P
06/02/22,Fukui,1122-B
06/02/22,Minnow,80-P
06/02/22,Fukui,1167-Y
06/02/22,Minnow,85-P
06/02/22,Fukui,1135-B
06/02/22,Minnow,682-P
06/02/22,Fukui,1139-B
06/02/22,Minnow,1383-P
06/02/22,Fukui,1179-Y
06/02/22,Minnow,1382-P
06/02/22,Fukui,172-Y
06/02/22,Minnow,1367-P
06/02/22,Fukui,1196-Y
06/02/22,Minnow,1378-P
06/02/22,Fukui,1192-Y
06/02/22,Shrimp,3100-P
06/02/22,Shrimp,3085-P
06/03/22,Minnow,183-P
06/03/22,Fukui,1141-B
06/03/22,Minnow,663-P
06/03/22,Fukui,648-P
06/03/22,Minnow,1381-P
06/03/22,Fukui,1129-B
06/03/22,Minnow,132-P
06/03/22,Fukui,160-Y
06/03/22,Minnow,150-P
06/03/22,Fukui,111-Y
06/03/22,Minnow,185-P
06/03/22,Fukui,1200-Y
06/03/22,Minnow,49-P
06/03/22,Fukui,1108-Y
06/03/22,Minnow,632-P
06/03/22,Fukui,1122-B
06/03/22,Minnow,80-P
06/03/22,Fukui,1167-Y
06/03/22,Minnow,85-P
06/03/22,Fukui,1135-B
06/03/22,Minnow,682-P
06/03/22,Fukui,1139-B
06/03/22,Minnow,1383-P
06/03/22,Fukui,1179-Y
06/03/22,Minnow,1382-P
06/03/22,Fukui,172-Y
06/03/22,Minnow,1367-P
06/03/22,Fukui,1196-Y
06/03/22,Minnow,1378-P
06/03/22,Fukui,1192-Y
06/03/22,Shrimp,3100-P
06/03/22,Shrimp,3085-P
06/01/22,Fukui,127-Y
06/01/22,Minnow,146-P
06/01/22,Fukui,629-P
06/01/22,Minnow,36-P
06/01/22,Fukui,609-P
06/01/22,Minnow,145-P
06/01/22,Fukui,102-Y
06/01/22,Minnow,152-P
06/01/22,Fukui,1173-Y
06/01/22,Minnow,74-P
06/01/22,Fukui,21-P
06/01/22,Minnow,626-P
06/01/22,Fukui,20-P
06/01/22,Minnow,1387-P
06/01/22,Fukui,128-Y
06/01/22,Minnow,674-P
06/01/22,Fukui,23-P
06/01/22,Minnow,169-P
06/01/22,Fukui,1197-Y
06/01/22,Minnow,138-P
06/01/22,Fukui,1174-Y
06/01/22,Minnow,678-P
06/01/22,Fukui,163-Y
06/01/22,Minnow,30-P
06/01/22,Fukui,117-Y
06/01/22,Minnow,670-P
06/01/22,Fukui,638-P
06/01/22,Minnow,163-P
06/01/22,Fukui,581-P
06/01/22,Minnow,180-P
06/02/22,Fukui,127-Y
06/02/22,Minnow,146-P
06/02/22,Fukui,629-P
06/02/22,Minnow,36-P
06/02/22,Fukui,609-P
06/02/22,Minnow,145-P
06/02/22,Fukui,102-Y
06/02/22,Minnow,152-P
06/02/22,Fukui,1173-Y
06/02/22,Minnow,74-P
06/02/22,Fukui,21-P
06/02/22,Minnow,626-P
06/02/22,Fukui,20-P
06/02/22,Minnow,1387-P
06/02/22,Fukui,128-Y
06/02/22,Minnow,674-P
06/02/22,Fukui,23-P
06/02/22,Minnow,169-P
06/02/22,Fukui,1197-Y
06/02/22,Minnow,138-P
06/02/22,Fukui,1174-Y
06/02/22,Minnow,678-P
06/02/22,Fukui,163-Y
06/02/22,Minnow,30-P
06/02/22,Fukui,117-Y
06/02/22,Minnow,670-P
06/02/22,Fukui,638-P
06/02/22,Minnow,163-P
06/02/22,Fukui,581-P
06/02/22,Minnow,180-P
06/03/22,Fukui,127-Y
06/03/22,Minnow,146-P
06/03/22,Fukui,629-P
06/03/22,Minnow,36-P
06/03/22,Fukui,609-P
06/03/22,Minnow,145-P
06/03/22,Fukui,102-Y
06/03/22,Minnow,152-P
06/03/22,Fukui,1173-Y
06/03/22,Minnow,74-P
06/03/22,Fukui,21-P
06/03/22,Minnow,626-P
06/03/22,Fukui,20-P
06/03/22,Minnow,1387-P
06/03/22,Fukui,128-Y
06/03/22,Minnow,674-P
06/03/22,Fukui,23-P
06/03/22,Minnow,169-P
06/03/22,Fukui,1197-Y
06/03/22,Minnow,138-P
06/03/22,Fukui,1174-Y
06/03/22,Minnow,678-P
06/03/22,Fukui,163-Y
06/03/22,Minnow,30-P
06/03/22,Fukui,117-Y
06/03/22,Minnow,670-P
06/03/22,Fukui,638-P
06/03/22,Minnow,163-P
06/03/22,Fukui,581-P
06/03/22,Minnow,180-P
06/03/22,Minnow,174-P
06/03/22,Fukui,3078-P
06/03/22,Minnow,691-P
06/03/22,Fukui,1187-R
06/03/22,Minnow,170-P
06/03/22,Fukui,3190-P
06/03/22,Minnow,158-P
06/03/22,Fukui,1198-R
06/03/22,Minnow,192-P
06/03/22,Fukui,3158-P
06/01/22,Minnow,682-P
06/01/22,Fukui,1129-B
06/01/22,Minnow,1383-P
06/01/22,Fukui,1122-B
06/01/22,Minnow,185-P
06/01/22,Fukui,1135-B
06/01/22,Fukui,1141-B
06/01/22,Minnow,80-P
06/01/22,Fukui,1139-B
06/01/22,Minnow,132-P
06/14/22,Minnow,1382-P
06/14/22,Fukui,1374-P
06/14/22,Minnow,663-P
06/14/22,Fukui,3172-P
06/14/22,Minnow,80-P
06/14/22,Fukui,3157-P
06/14/22,Minnow,152-P
06/14/22,Fukui,3153-P
06/14/22,Fukui,3088-P
06/14/22,Minnow,163-P
06/14/22,Fukui,3194-P
06/14/22,Minnow,145-P
06/14/22,Fukui,1387-G
06/14/22,Minnow,674-P
06/14/22,Minnow,1383-P
06/14/22,Fukui,3161-P
06/14/22,Minnow,146-P
06/14/22,Fukui,3103-P
06/14/22,Minnow,150-P
06/14/22,Fukui,3149-P
06/14/22,Minnow,1381-P
06/14/22,Fukui,1189-R
06/14/22,Fukui,3079-P
06/14/22,Minnow,85-P
06/14/22,Minnow,185-P
06/14/22,Fukui,3173-P
06/14/22,Fukui,3114-P
06/14/22,Minnow,626-P
06/14/22,Minnow,183-P
06/14/22,Fukui,3151-P
06/15/22,Minnow,1382-P
06/15/22,Fukui,1374-P
06/15/22,Minnow,663-P
06/15/22,Fukui,3172-P
06/15/22,Minnow,80-P
06/15/22,Fukui,3157-P
06/15/22,Minnow,152-P
06/15/22,Fukui,3153-P
06/15/22,Fukui,3088-P
06/15/22,Minnow,163-P
06/15/22,Fukui,3194-P
06/15/22,Minnow,145-P
06/15/22,Fukui,1387-G
06/15/22,Minnow,674-P
06/15/22,Minnow,1383-P
06/15/22,Fukui,3161-P
06/15/22,Minnow,146-P
06/15/22,Fukui,3103-P
06/15/22,Minnow,150-P
06/15/22,Fukui,3149-P
06/15/22,Minnow,1381-P
06/15/22,Fukui,1189-R
06/15/22,Fukui,3079-P
06/15/22,Minnow,85-P
06/15/22,Minnow,185-P
06/15/22,Fukui,3173-P
06/15/22,Fukui,3114-P
06/15/22,Minnow,626-P
06/15/22,Minnow,183-P
06/15/22,Fukui,3151-P
06/16/22,Shrimp,3101-P
06/16/22,Shrimp,1379-P
06/17/22,Shrimp,3101-P
06/17/22,Shrimp,1379-P
06/14/22,Minnow,158-P
06/14/22,Fukui,1192-Y
06/14/22,Minnow,181-P
06/14/22,Fukui,172-Y
06/14/22,Minnow,170-P
06/14/22,Fukui,1200-Y
06/14/22,Minnow,174-P
06/14/22,Fukui,20-P
06/14/22,Minnow,192-P
06/14/22,Fukui,1196-Y
06/14/22,Minnow,1396-P
06/14/22,Fukui,160-Y
06/14/22,Minnow,177-P
06/14/22,Fukui,1167-Y
06/14/22,Minnow,73-P
06/14/22,Fukui,629-P
06/14/22,Minnow,684-P
06/14/22,Fukui,1173-Y
06/14/22,Minnow,691-P
06/14/22,Fukui,638-P
06/14/22,Minnow,166-P
06/14/22,Fukui,1108-Y
06/14/22,Minnow,188-P
06/14/22,Fukui,128-Y
06/14/22,Minnow,1368-P
06/14/22,Fukui,23-P
06/14/22,Minnow,1394-P
06/14/22,Fukui,1197-Y
06/14/22,Minnow,70-P
06/14/22,Fukui,1129-B
06/15/22,Minnow,158-P
06/15/22,Fukui,1192-Y
06/15/22,Minnow,181-P
06/15/22,Fukui,172-Y
06/15/22,Minnow,170-P
06/15/22,Fukui,1200-Y
06/15/22,Minnow,174-P
06/15/22,Fukui,20-P
06/15/22,Minnow,192-P
06/15/22,Fukui,1196-Y
06/15/22,Minnow,1396-P
06/15/22,Fukui,160-Y
06/15/22,Minnow,177-P
06/15/22,Fukui,1167-Y
06/15/22,Minnow,73-P
06/15/22,Fukui,629-P
06/15/22,Minnow,684-P
06/15/22,Fukui,1173-Y
06/15/22,Minnow,691-P
06/15/22,Fukui,638-P
06/15/22,Minnow,166-P
06/15/22,Fukui,1108-Y
06/15/22,Minnow,188-P
06/15/22,Fukui,128-Y
06/15/22,Minnow,1368-P
06/15/22,Fukui,23-P
06/15/22,Minnow,1394-P
06/15/22,Fukui,1197-Y
06/15/22,Minnow,70-P
06/15/22,Fukui,1129-B
06/14/22,Shrimp,3085-P
06/14/22,Shrimp,3100-P
06/15/22,Shrimp,3085-P
06/15/22,Shrimp,3100-P
06/16/22,Shrimp,3085-P
06/16/22,Shrimp,3100-P
06/17/22,Shrimp,3085-P
06/17/22,Shrimp,3100-P
06/14/22,Fukui,1141-B
06/14/22,Minnow,130-P
06/14/22,Fukui,163-Y
06/14/22,Minnow,189-P
06/14/22,Fukui,581-P
06/14/22,Minnow,36-P
06/14/22,Fukui,21-P
06/14/22,Minnow,682-P
06/14/22,Fukui,609-P
06/14/22,Minnow,1366-P
06/14/22,Fukui,117-Y
06/14/22,Minnow,1398-P
06/14/22,Fukui,1174-Y
06/14/22,Minnow,64-P
06/14/22,Fukui,1139-B
06/14/22,Minnow,155-P
06/14/22,Fukui,1122-B
06/14/22,Minnow,630-P
06/14/22,Fukui,102-Y
06/14/22,Minnow,65-P
06/14/22,Fukui,1135-B
06/14/22,Minnow,1387-P
06/14/22,Fukui,127-Y
06/14/22,Minnow,1390-P
06/14/22,Fukui,1179-Y
06/14/22,Minnow,49-P
06/14/22,Fukui,648-P
06/14/22,Minnow,658-P
06/14/22,Fukui,111-Y
06/14/22,Minnow,74-P
06/15/22,Fukui,1141-B
06/15/22,Minnow,130-P
06/15/22,Fukui,163-Y
06/15/22,Minnow,189-P
06/15/22,Fukui,581-P
06/15/22,Minnow,36-P
06/15/22,Fukui,21-P
06/15/22,Minnow,682-P
06/15/22,Fukui,609-P
06/15/22,Minnow,1366-P
06/15/22,Fukui,117-Y
06/15/22,Minnow,1398-P
06/15/22,Fukui,1174-Y
06/15/22,Minnow,64-P
06/15/22,Fukui,1139-B
06/15/22,Minnow,155-P
06/15/22,Fukui,1122-B
06/15/22,Minnow,630-P
06/15/22,Fukui,102-Y
06/15/22,Minnow,65-P
06/15/22,Fukui,1135-B
06/15/22,Minnow,1387-P
06/15/22,Fukui,127-Y
06/15/22,Minnow,1390-P
06/15/22,Fukui,1179-Y
06/15/22,Minnow,49-P
06/15/22,Fukui,648-P
06/15/22,Minnow,658-P
06/15/22,Fukui,111-Y
06/15/22,Minnow,74-P
06/16/22,Minnow,130-P
06/16/22,Fukui,163-Y
06/16/22,Minnow,189-P
06/16/22,Fukui,141-B
06/16/22,Minnow,36-P
06/16/22,Fukui,581-P
06/16/22,Minnow,155-P
06/16/22,Fukui,1179-Y
06/16/22,Minnow,1398-P
06/16/22,Fukui,1139-B
06/16/22,Minnow,49-P
06/16/22,Fukui,127-Y
06/16/22,Minnow,74-P
06/16/22,Fukui,1135-B
06/16/22,Minnow,65-P
06/16/22,Fukui,102-Y
06/16/22,Minnow,658-P
06/16/22,Fukui,1122-B
06/16/22,Minnow,158-P
06/16/22,Fukui,172-Y
06/16/22,Minnow,181-P
06/16/22,Fukui,1192-Y
06/16/22,Minnow,170-P
06/16/22,Fukui,1200-Y
06/16/22,Minnow,166-P
06/16/22,Fukui,638-P
06/16/22,Minnow,188-P
06/16/22,Fukui,629-P
06/16/22,Minnow,177-P
06/16/22,Fukui,1167-Y
06/16/22,Minnow,192-Y
06/16/22,Fukui,1108-Y
06/16/22,Minnow,70-P
06/16/22,Fukui,1197-Y
06/16/22,Minnow,1368-P
06/16/22,Fukui,1173-Y
06/17/22,Fukui,1139-B
06/17/22,Minnow,155-P
06/17/22,Fukui,127-Y
06/17/22,Minnow,49-P
06/17/22,Fukui,1179-Y
06/17/22,Minnow,1390-P
06/28/22,Minnow,49-P
06/28/22,Fukui,3153-P
06/28/22,Minnow,1394-P
06/28/22,Fukui,3079-P
06/28/22,Minnow,1390-P
06/28/22,Fukui,3088-P
06/28/22,Minnow,70-P
06/28/22,Fukui,3173-P
06/28/22,Fukui,1169-R
06/28/22,Minnow,36-P
06/28/22,Fukui,1198-R
06/28/22,Minnow,682-P
06/28/22,Fukui,3114-P
06/28/22,Minnow,174-P
06/28/22,Minnow,155-P
06/28/22,Fukui,3158-P
06/28/22,Minnow,130-P
06/28/22,Fukui,1193-R
06/28/22,Minnow,189-P
06/28/22,Fukui,3194-P
06/28/22,Minnow,85-P
06/28/22,Fukui,1187-R
06/28/22,Fukui,1374-P
06/28/22,Minnow,74-P
06/28/22,Minnow,630-P
06/28/22,Fukui,3190-P
06/28/22,Fukui,1189-R
06/28/22,Minnow,1368-P
06/28/22,Minnow,1396-P
06/28/22,Fukui,3149-P
06/29/22,Minnow,49-P
06/29/22,Fukui,3153-P
06/29/22,Minnow,1394-P
06/29/22,Fukui,3079-P
06/29/22,Minnow,1390-P
06/29/22,Fukui,3088-P
06/29/22,Minnow,70-P
06/29/22,Fukui,3173-P
06/29/22,Fukui,1169-R
06/29/22,Minnow,36-P
06/29/22,Fukui,1198-R
06/29/22,Minnow,682-P
06/29/22,Fukui,3114-P
06/29/22,Minnow,174-P
06/29/22,Minnow,155-P
06/29/22,Fukui,3158-P
06/29/22,Minnow,130-P
06/29/22,Fukui,1193-R
06/29/22,Minnow,189-P
06/29/22,Fukui,3194-P
06/29/22,Minnow,85-P
06/29/22,Fukui,1187-R
06/29/22,Fukui,1374-P
06/29/22,Minnow,74-P
06/29/22,Minnow,630-P
06/29/22,Fukui,3190-P
06/29/22,Fukui,1189-R
06/29/22,Minnow,1368-P
06/29/22,Minnow,1396-P
06/29/22,Fukui,3149-P
06/30/22,Minnow,49-P
06/30/22,Fukui,3153-P
06/30/22,Minnow,1394-P
06/30/22,Fukui,3079-P
06/30/22,Minnow,1390-P
06/30/22,Fukui,3088-P
06/30/22,Minnow,70-P
06/30/22,Fukui,3173-P
06/30/22,Fukui,1169-R
06/30/22,Minnow,36-P
06/30/22,Fukui,1198-R
06/30/22,Minnow,682-P
06/30/22,Fukui,3114-P
06/30/22,Minnow,174-P
06/30/22,Minnow,155-P
06/30/22,Fukui,3158-P
06/30/22,Minnow,130-P
06/30/22,Fukui,1193-R
06/30/22,Minnow,189-P
06/30/22,Fukui,3194-P
06/30/22,Minnow,85-P
06/30/22,Fukui,1187-R
06/30/22,Fukui,1374-P
06/30/22,Minnow,74-P
06/30/22,Minnow,630-P
06/30/22,Fukui,3190-P
06/30/22,Fukui,1189-R
06/30/22,Minnow,1368-P
06/30/22,Minnow,1396-P
06/30/22,Fukui,3149-P
07/01/22,Minnow,49-P
07/01/22,Fukui,3153-P
07/01/22,Minnow,1394-P
07/01/22,Fukui,3079-P
07/01/22,Minnow,1390-P
07/01/22,Fukui,3088-P
07/01/22,Minnow,70-P
07/01/22,Fukui,3173-P
07/01/22,Fukui,1169-R
07/01/22,Minnow,36-P
07/01/22,Fukui,1198-R
07/01/22,Minnow,682-P
07/01/22,Fukui,3114-P
07/01/22,Minnow,174-P
07/01/22,Minnow,155-P
07/01/22,Fukui,3158-P
07/01/22,Minnow,130-P
07/01/22,Fukui,1193-R
07/01/22,Minnow,189-P
07/01/22,Fukui,3194-P
07/01/22,Minnow,85-P
07/01/22,Fukui,1187-R
07/01/22,Fukui,1374-P
07/01/22,Minnow,74-P
07/01/22,Minnow,630-P
07/01/22,Fukui,3190-P
07/01/22,Fukui,1189-R
07/01/22,Minnow,1368-P
07/01/22,Minnow,1396-P
07/01/22,Fukui,3149-P
06/28/22,Minnow,1398-P
06/28/22,Fukui,160-Y
06/28/22,Minnow,188-P
06/28/22,Fukui,21-P
06/28/22,Minnow,73-P
06/28/22,Fukui,1129-B
06/28/22,Minnow,1366-P
06/28/22,Fukui,117-Y
06/28/22,Minnow,181-P
06/28/22,Fukui,127-Y
06/28/22,Minnow,192-P
06/28/22,Fukui,609-P
06/28/22,Minnow,691-P
06/28/22,Fukui,1167-Y
06/28/22,Minnow,65-P
06/28/22,Fukui,1139-B
06/28/22,Minnow,684-P
06/28/22,Fukui,1197-Y
06/28/22,Minnow,1387-P
06/28/22,Fukui,581-P
06/28/22,Minnow,658-P
06/28/22,Fukui,1132-B
06/28/22,Minnow,1077-P
06/28/22,Fukui,1108-Y
06/28/22,Minnow,64-P
06/28/22,Fukui,1179-Y
06/28/22,Minnow,170-P
06/28/22,Fukui,638-P
06/28/22,Minnow,166-P
06/28/22,Fukui,102-Y
06/29/22,Minnow,1398-P
06/29/22,Fukui,160-Y
06/29/22,Minnow,188-P
06/29/22,Fukui,21-P
06/29/22,Minnow,73-P
06/29/22,Fukui,1129-B
06/29/22,Minnow,1366-P
06/29/22,Fukui,117-Y
06/29/22,Minnow,181-P
06/29/22,Fukui,127-Y
06/29/22,Minnow,192-P
06/29/22,Fukui,609-P
06/29/22,Minnow,691-P
06/29/22,Fukui,1167-Y
06/29/22,Minnow,65-P
06/29/22,Fukui,1139-B
06/29/22,Minnow,684-P
06/29/22,Fukui,1197-Y
06/29/22,Minnow,1387-P
06/29/22,Fukui,581-P
06/29/22,Minnow,658-P
06/29/22,Fukui,1132-B
06/29/22,Minnow,1077-P
06/29/22,Fukui,1108-Y
06/29/22,Minnow,64-P
06/29/22,Fukui,1179-Y
06/29/22,Minnow,170-P
06/29/22,Fukui,638-P
06/29/22,Minnow,166-P
06/29/22,Fukui,102-Y
06/30/22,Minnow,1398-P
06/30/22,Fukui,160-Y
06/30/22,Minnow,188-P
06/30/22,Fukui,21-P
06/30/22,Minnow,73-P
06/30/22,Fukui,1129-B
06/30/22,Minnow,1366-P
06/30/22,Fukui,117-Y
06/30/22,Minnow,181-P
06/30/22,Fukui,127-Y
06/30/22,Minnow,192-P
06/30/22,Fukui,609-P
06/30/22,Minnow,691-P
06/30/22,Fukui,1167-Y
06/30/22,Minnow,65-P
06/30/22,Fukui,1139-B
06/30/22,Minnow,684-P
06/30/22,Fukui,1197-Y
06/30/22,Minnow,1387-P
06/30/22,Fukui,581-P
06/30/22,Minnow,658-P
06/30/22,Fukui,1132-B
06/30/22,Minnow,1077-P
06/30/22,Fukui,1108-Y
06/30/22,Minnow,64-P
06/30/22,Fukui,1179-Y
06/30/22,Minnow,170-P
06/30/22,Fukui,638-P
06/30/22,Minnow,166-P
06/30/22,Fukui,102-Y
07/01/22,Minnow,1398-P
07/01/22,Fukui,160-Y
07/01/22,Minnow,188-P
07/01/22,Fukui,21-P
07/01/22,Minnow,73-P
07/01/22,Fukui,1129-B
07/01/22,Minnow,1366-P
07/01/22,Fukui,117-Y
07/01/22,Minnow,181-P
07/01/22,Fukui,127-Y
07/01/22,Minnow,192-P
07/01/22,Fukui,609-P
07/01/22,Minnow,691-P
07/01/22,Fukui,1167-Y
07/01/22,Minnow,65-P
07/01/22,Fukui,1139-B
07/01/22,Minnow,684-P
07/01/22,Fukui,1197-Y
07/01/22,Minnow,1387-P
07/01/22,Fukui,581-P
07/01/22,Minnow,658-P
07/01/22,Fukui,1132-B
07/01/22,Minnow,1077-P
07/01/22,Fukui,1108-Y
07/01/22,Minnow,64-P
07/01/22,Fukui,1179-Y
07/01/22,Minnow,170-P
07/01/22,Fukui,638-P
07/01/22,Minnow,166-P
07/01/22,Fukui,102-Y
07/01/22,Shrimp,1166-R
07/01/22,Shrimp,1151-R
07/01/22,Minnow,678-P
07/01/22,Minnow,138-P
07/01/22,Fukui,1192-Y
07/01/22,Minnow,169-P
07/01/22,Fukui,648-P
07/01/22,Minnow,30-P
07/01/22,Minnow,1378-P
07/01/22,Fukui,172-Y
07/01/22,Fukui,122-B
07/01/22,Minnow,670-P
07/01/22,Fukui,111-Y
06/28/22,Minnow,678-P
06/28/22,Fukui,172-Y
06/28/22,Minnow,670-P
06/28/22,Fukui,1122-B
06/28/22,Minnow,1367-P
06/28/22,Fukui,20-P
06/28/22,Fukui,23-P
06/28/22,Fukui,1196-Y
06/28/22,Minnow,1378-P
06/28/22,Minnow,30-P
06/28/22,Minnow,169-P
06/28/22,Fukui,1200-Y
06/28/22,Minnow,138-P
06/28/22,Minnow,132-P
06/28/22,Minnow,180-P
06/28/22,Fukui,648-P
06/28/22,Minnow,632-P
06/28/22,Fukui,1192-Y
06/28/22,Fukui,1174-Y
06/28/22,Fukui,1135-B
06/28/22,Minnow,692-P
06/28/22,Fukui,629-P
06/28/22,Fukui,1141-B
06/28/22,Minnow,662-P
06/28/22,Fukui,128-Y
06/28/22,Minnow,564-P
06/28/22,Minnow,29-P
06/28/22,Fukui,111-Y
06/28/22,Minnow,668-P
06/28/22,Fukui,163-Y
07/01/22,Shrimp,697-P
07/01/22,Shrimp,879-G
07/01/22,Shrimp,1191-R
06/28/22,Shrimp,1379-P
06/28/22,Shrimp,3100-P
06/28/22,Shrimp,3085-P
06/28/22,Shrimp,3101-P
06/28/22,Shrimp,3174-P
06/28/22,Shrimp,876-G
06/29/22,Shrimp,1379-P
06/29/22,Shrimp,3100-P
06/29/22,Shrimp,3085-P
06/29/22,Shrimp,3101-P
06/29/22,Shrimp,3174-P
06/29/22,Shrimp,876-G
06/30/22,Shrimp,1379-P
06/30/22,Shrimp,3100-P
06/30/22,Shrimp,3085-P
06/30/22,Shrimp,3101-P
06/30/22,Shrimp,3174-P
06/30/22,Shrimp,876-G
07/01/22,Shrimp,1379-P
07/01/22,Shrimp,3100-P
07/01/22,Shrimp,3085-P
07/01/22,Shrimp,3101-P
07/01/22,Shrimp,3174-P
07/01/22,Shrimp,876-G
07/06/22,Shrimp,3100-P
07/06/22,Shrimp,1157-R
07/06/22,Shrimp,879-G
07/06/22,Shrimp,1151-P
07/06/22,Shrimp,1191-R
07/06/22,Shrimp,3174-P
07/20/22,Shrimp,3100-P
07/20/22,Shrimp,3101-P
07/20/22,Shrimp,1157-R
07/20/22,Shrimp,3174-P
07/20/22,Minnow,670-P
07/20/22,Fukui,581-P
07/20/22,Shrimp,879-G
07/20/22,Fukui,1167-Y
07/20/22,Minnow,684-P
07/22/22,Shrimp,1191-R
07/22/22,Shrimp,876-G
07/22/22,Shrimp,697-P
07/22/22,Shrimp,893-G
07/22/22,Shrimp,1166-R
07/22/22,Shrimp,3100-P
07/22/22,Shrimp,3174-P
07/22/22,Shrimp,879-G
07/22/22,Shrimp,1151-R
07/22/22,Shrimp,1157-R
07/26/22,Minnow,1394-P
07/26/22,Fukui,1374-P
07/26/22,Minnow,70-P
07/26/22,Fukui,3079-P
07/26/22,Minnow,85-P
07/26/22,Fukui,1187-R
07/26/22,Minnow,130-P
07/26/22,Fukui,3088-P
07/26/22,Fukui,3153-P
07/26/22,Minnow,682-P
07/26/22,Fukui,3114-P
07/26/22,Minnow,630-P
07/26/22,Fukui,3158-P
07/26/22,Minnow,1396-P
07/26/22,Minnow,36-P
07/26/22,Fukui,3149-P
07/26/22,Minnow,155-P
07/26/22,Fukui,1169-R
07/26/22,Minnow,174-P
07/26/22,Fukui,3173-P
07/26/22,Minnow,1390-P
07/26/22,Fukui,3194-P
07/26/22,Fukui,3190-P
07/26/22,Minnow,49-P
07/26/22,Minnow,189-P
07/26/22,Fukui,1193-R
07/26/22,Fukui,1189-R
07/26/22,Minnow,74-P
07/26/22,Minnow,1368-P
07/26/22,Fukui,1198-R
07/26/22,Shrimp,879-G
07/27/22,Minnow,1394-P
07/27/22,Fukui,1374-P
07/27/22,Minnow,70-P
07/27/22,Fukui,3079-P
07/27/22,Minnow,85-P
07/27/22,Fukui,1187-R
07/27/22,Minnow,130-P
07/27/22,Fukui,3088-P
07/27/22,Fukui,3153-P
07/27/22,Minnow,682-P
07/27/22,Fukui,3114-P
07/27/22,Minnow,630-P
07/27/22,Fukui,3158-P
07/27/22,Minnow,1396-P
07/27/22,Minnow,36-P
07/27/22,Fukui,3149-P
07/27/22,Minnow,155-P
07/27/22,Fukui,1169-R
07/27/22,Minnow,174-P
07/27/22,Fukui,3173-P
07/27/22,Minnow,1390-P
07/27/22,Fukui,3194-P
07/27/22,Fukui,3190-P
07/27/22,Minnow,49-P
07/27/22,Minnow,189-P
07/27/22,Fukui,1193-R
07/27/22,Fukui,1189-R
07/27/22,Minnow,74-P
07/27/22,Minnow,1368-P
07/27/22,Fukui,1198-R
07/27/22,Shrimp,879-G
07/26/22,Fukui,127-Y
07/26/22,Minnow,65-P
07/26/22,Fukui,172-Y
07/26/22,Minnow,192-P
07/26/22,Fukui,1122-B
07/26/22,Minnow,1398-P
07/26/22,Fukui,117-Y
07/26/22,Minnow,1378-P
07/26/22,Fukui,21-P
07/26/22,Minnow,169-P
07/26/22,Fukui,111-Y
07/26/22,Minnow,30-P
07/26/22,Fukui,1192-Y
07/26/22,Minnow,138-P
07/26/22,Fukui,1108-Y
07/26/22,Minnow,684-P
07/26/22,Fukui,1167-Y
07/26/22,Minnow,177-P
07/26/22,Fukui,581-P
07/26/22,Minnow,73-P
07/26/22,Fukui,648-P
07/26/22,Minnow,1366-P
07/26/22,Fukui,609-P
07/26/22,Minnow,678-P
07/26/22,Fukui,1139-B
07/26/22,Minnow,691-P
07/26/22,Fukui,638-P
07/26/22,Minnow,670-P
07/26/22,Fukui,102-Y
07/26/22,Minnow,658-P
07/26/22,Shrimp,3100-P
07/27/22,Fukui,127-Y
07/27/22,Minnow,65-P
07/27/22,Fukui,172-Y
07/27/22,Minnow,192-P
07/27/22,Fukui,1122-B
07/27/22,Minnow,1398-P
07/27/22,Fukui,117-Y
07/27/22,Minnow,1378-P
07/27/22,Fukui,21-P
07/27/22,Minnow,169-P
07/27/22,Fukui,111-Y
07/27/22,Minnow,30-P
07/27/22,Fukui,1192-Y
07/27/22,Minnow,138-P
07/27/22,Fukui,1108-Y
07/27/22,Minnow,684-P
07/27/22,Fukui,1167-Y
07/27/22,Minnow,177-P
07/27/22,Fukui,581-P
07/27/22,Minnow,73-P
07/27/22,Fukui,648-P
07/27/22,Minnow,1366-P
07/27/22,Fukui,609-P
07/27/22,Minnow,678-P
07/27/22,Fukui,1139-B
07/27/22,Minnow,691-P
07/27/22,Fukui,638-P
07/27/22,Minnow,670-P
07/27/22,Fukui,102-Y
07/27/22,Minnow,658-P
07/27/22,Shrimp,3100-P
07/26/22,Shrimp,1166-R
07/26/22,Shrimp,893-G
07/27/22,Shrimp,1166-R
07/27/22,Shrimp,893-G
08/03/22,Minnow,64-P
08/03/22,Fukui,3088-P
08/03/22,Minnow,188-P
08/03/22,Fukui,1198-R
08/03/22,Minnow,1387-P
08/03/22,Fukui,3153-P
08/03/22,Minnow,1366-P
08/03/22,Fukui,1187-R
08/03/22,Fukui,3158-P
08/03/22,Minnow,30-P
08/03/22,Fukui,3149-P
08/03/22,Minnow,73-P
08/03/22,Fukui,3079-P
08/03/22,Minnow,670-P
08/03/22,Minnow,177-P
08/03/22,Fukui,3194-P
08/03/22,Minnow,138-P
08/03/22,Fukui,1189-R
08/03/22,Minnow,65-P
08/03/22,Fukui,3190-P
08/03/22,Minnow,678-P
08/03/22,Fukui,3114-P
08/03/22,Fukui,1169-R
08/03/22,Minnow,181-P
08/03/22,Minnow,684-P
08/03/22,Fukui,1193-R
08/03/22,Fukui,3173-P
08/03/22,Minnow,1398-P
08/03/22,Minnow,170-P
08/03/22,Fukui,1374-P
08/03/22,Shrimp,893-G
08/03/22,Shrimp,3100-P
08/04/22,Minnow,64-P
08/04/22,Fukui,3088-P
08/04/22,Minnow,188-P
08/04/22,Fukui,1198-R
08/04/22,Minnow,1387-P
08/04/22,Fukui,3153-P
08/04/22,Minnow,1366-P
08/04/22,Fukui,1187-R
08/04/22,Fukui,3158-P
08/04/22,Minnow,30-P
08/04/22,Fukui,3149-P
08/04/22,Minnow,73-P
08/04/22,Fukui,3079-P
08/04/22,Minnow,670-P
08/04/22,Minnow,177-P
08/04/22,Fukui,3194-P
08/04/22,Minnow,138-P
08/04/22,Fukui,1189-R
08/04/22,Minnow,65-P
08/04/22,Fukui,3190-P
08/04/22,Minnow,678-P
08/04/22,Fukui,3114-P
08/04/22,Fukui,1169-R
08/04/22,Minnow,181-P
08/04/22,Minnow,684-P
08/04/22,Fukui,1193-R
08/04/22,Fukui,3173-P
08/04/22,Minnow,1398-P
08/04/22,Minnow,170-P
08/04/22,Fukui,1374-P
08/04/22,Shrimp,893-G
08/04/22,Shrimp,3100-P
08/04/22,Shrimp,879-G
08/04/22,Shrimp,1166-R
08/05/22,Minnow,64-P
08/05/22,Fukui,3088-P
08/05/22,Minnow,188-P
08/05/22,Fukui,1198-R
08/05/22,Minnow,1387-P
08/05/22,Fukui,3153-P
08/05/22,Minnow,1366-P
08/05/22,Fukui,1187-R
08/05/22,Fukui,3158-P
08/05/22,Minnow,30-P
08/05/22,Fukui,3149-P
08/05/22,Minnow,73-P
08/05/22,Fukui,3079-P
08/05/22,Minnow,670-P
08/05/22,Minnow,177-P
08/05/22,Fukui,3194-P
08/05/22,Minnow,138-P
08/05/22,Fukui,1189-R
08/05/22,Minnow,65-P
08/05/22,Fukui,3190-P
08/05/22,Minnow,678-P
08/05/22,Fukui,3114-P
08/05/22,Fukui,1169-R
08/05/22,Minnow,181-P
08/05/22,Minnow,684-P
08/05/22,Fukui,1193-R
08/05/22,Fukui,3173-P
08/05/22,Minnow,1398-P
08/05/22,Minnow,170-P
08/05/22,Fukui,1374-P
08/05/22,Shrimp,893-G
08/05/22,Shrimp,3100-P
08/05/22,Shrimp,879-G
08/05/22,Shrimp,1166-R
08/03/22,Fukui,3103-P
08/03/22,Minnow,166-P
08/03/22,Shrimp,879-G
08/03/22,Minnow,691-P
08/03/22,Fukui,3172-P
08/03/22,Minnow,1394-P
08/03/22,Fukui,3161-P
08/03/22,Minnow,36-P
08/03/22,Fukui,3078-P
08/03/22,Minnow,189-P
08/03/22,Fukui,3151-P
08/03/22,Minnow,155-P
08/03/22,Fukui,1387-G
08/03/22,Shrimp,1166-R
08/05/22,Shrimp,876-G
08/05/22,Shrimp,1379-P
08/05/22,Fukui,629-P
08/05/22,Minnow,564-P
08/05/22,Fukui,160-Y
08/05/22,Minnow,1390-P
08/05/22,Fukui,1179-Y
08/05/22,Minnow,1396-P
08/05/22,Fukui,1197-Y
08/05/22,Minnow,70-P
08/05/22,Fukui,1132-B
08/05/22,Minnow,130-P
08/05/22,Fukui,163-Y
08/05/22,Minnow,49-P
08/03/22,Fukui,1129-B
08/03/22,Minnow,192-P
08/03/22,Fukui,21-P
08/03/22,Minnow,658-P
08/03/22,Minnow,1378-P
08/03/22,Fukui,111-Y
08/03/22,Minnow,169-P
08/03/22,Fukui,1122-B
08/03/22,Minnow,174-P
08/03/22,Fukui,127-Y
08/03/22,Minnow,682-P
08/03/22,Fukui,172-Y
08/03/22,Minnow,85-P
08/03/22,Fukui,102-Y
08/03/22,Fukui,581-P
08/03/22,Minnow,1368-P
08/03/22,Minnow,630-P
08/03/22,Fukui,1167-Y
08/03/22,Minnow,74-P
08/03/22,Fukui,1108-Y
08/04/22,Fukui,1129-B
08/04/22,Minnow,192-P
08/04/22,Fukui,21-P
08/04/22,Minnow,658-P
08/04/22,Minnow,1378-P
08/04/22,Fukui,111-Y
08/04/22,Minnow,169-P
08/04/22,Fukui,1122-B
08/04/22,Minnow,174-P
08/04/22,Fukui,127-Y
08/04/22,Minnow,682-P
08/04/22,Fukui,172-Y
08/04/22,Minnow,85-P
08/04/22,Fukui,102-Y
08/04/22,Fukui,581-P
08/04/22,Minnow,1368-P
08/04/22,Minnow,630-P
08/04/22,Fukui,1167-Y
08/04/22,Minnow,74-P
08/04/22,Fukui,1108-Y
08/03/22,Shrimp,1157-R
08/03/22,Shrimp,1151-R
08/03/22,Shrimp,1191-R
08/03/22,Shrimp,3174-P
08/04/22,Shrimp,1157-R
08/04/22,Shrimp,1151-R
08/04/22,Shrimp,1191-R
08/04/22,Shrimp,3174-P
08/09/22,Minnow,29-P
08/09/22,Fukui,1198-R
08/09/22,Minnow,180-P
08/09/22,Fukui,1189-R
08/09/22,Minnow,1367-P
08/09/22,Fukui,3114-P
08/09/22,Minnow,662-P
08/09/22,Fukui,1374-P
08/09/22,Fukui,3157-P
08/09/22,Minnow,668-P
08/09/22,Fukui,1187-R
08/09/22,Minnow,No Tag
08/09/22,Fukui,3088-P
08/09/22,Minnow,169-P
08/09/22,Minnow,692-P
08/09/22,Fukui,3149-P
08/09/22,Minnow,682-P
08/09/22,Fukui,3190-P
08/09/22,Minnow,630-P
08/09/22,Fukui,3194-P
08/09/22,Minnow,85-P
08/09/22,Fukui,3079-P
08/09/22,Fukui,3173-P
08/09/22,Minnow,1378-P
08/09/22,Minnow,1368-P
08/09/22,Fukui,3158-P
08/09/22,Fukui,3153-P
08/09/22,Minnow,132-P
08/09/22,Minnow,632-P
08/09/22,Fukui,1169-B
08/09/22,Shrimp,697-P
08/09/22,Shrimp,879-G
08/09/22,Shrimp,876-G
08/10/22,Minnow,29-P
08/10/22,Fukui,1198-R
08/10/22,Minnow,180-P
08/10/22,Fukui,1189-R
08/10/22,Minnow,1367-P
08/10/22,Fukui,3114-P
08/10/22,Minnow,662-P
08/10/22,Fukui,1374-P
08/10/22,Fukui,3157-P
08/10/22,Minnow,668-P
08/10/22,Fukui,1187-R
08/10/22,Minnow,N/A
08/10/22,Fukui,3088-P
08/10/22,Minnow,169-P
08/10/22,Minnow,692-P
08/10/22,Fukui,3149-P
08/10/22,Minnow,682-P
08/10/22,Fukui,3190-P
08/10/22,Minnow,630-P
08/10/22,Fukui,3194-P
08/10/22,Minnow,85-P
08/10/22,Fukui,3079-P
08/10/22,Fukui,3173-P
08/10/22,Minnow,1378-P
08/10/22,Minnow,1368-P
08/10/22,Fukui,3158-P
08/10/22,Fukui,3153-P
08/10/22,Minnow,132-P
08/10/22,Minnow,632-P
08/10/22,Fukui,1169-B
08/10/22,Shrimp,697-P
08/10/22,Shrimp,879-G
08/10/22,Shrimp,876-G
08/11/22,Minnow,29-P
08/11/22,Fukui,1198-R
08/11/22,Minnow,180-P
08/11/22,Fukui,1189-R
08/11/22,Minnow,1367-P
08/11/22,Fukui,3114-P
08/11/22,Minnow,662-P
08/11/22,Fukui,1374-P
08/11/22,Fukui,3157-P
08/11/22,Minnow,668-P
08/11/22,Fukui,1187-R
08/11/22,Minnow,N/A
08/11/22,Fukui,3088-P
08/11/22,Minnow,169-P
08/11/22,Minnow,692-P
08/11/22,Fukui,3149-P
08/11/22,Minnow,682-P
08/11/22,Fukui,3190-P
08/11/22,Minnow,630-P
08/11/22,Fukui,3194-P
08/11/22,Minnow,85-P
08/11/22,Fukui,3079-P
08/11/22,Fukui,3173-P
08/11/22,Minnow,1378-P
08/11/22,Minnow,1368-P
08/11/22,Fukui,3158-P
08/11/22,Fukui,3153-P
08/11/22,Minnow,132-P
08/11/22,Minnow,632-P
08/11/22,Fukui,1169-B
08/11/22,Shrimp,697-P
08/11/22,Shrimp,879-G
08/11/22,Shrimp,876-G
08/12/22,Minnow,29-P
08/12/22,Fukui,1198-R
08/12/22,Minnow,180-P
08/12/22,Fukui,1189-R
08/12/22,Minnow,1367-P
08/12/22,Fukui,3114-P
08/12/22,Minnow,662-P
08/12/22,Fukui,1374-P
08/12/22,Fukui,3157-P
08/12/22,Minnow,668-P
08/12/22,Fukui,1187-R
08/12/22,Minnow,N/A
08/12/22,Fukui,3088-P
08/12/22,Minnow,169-P
08/12/22,Minnow,692-P
08/12/22,Fukui,3149-P
08/12/22,Minnow,682-P
08/12/22,Fukui,3190-P
08/12/22,Minnow,630-P
08/12/22,Fukui,3194-P
08/12/22,Minnow,85-P
08/12/22,Fukui,3079-P
08/12/22,Fukui,3173-P
08/12/22,Minnow,1378-P
08/12/22,Minnow,1368-P
08/12/22,Fukui,3158-P
08/12/22,Fukui,3153-P
08/12/22,Minnow,132-P
08/12/22,Minnow,632-P
08/12/22,Fukui,1169-B
08/12/22,Shrimp,697-P
08/12/22,Shrimp,879-G
08/12/22,Shrimp,876-G
08/09/22,Minnow,1396-P
08/09/22,Fukui,603-P
08/09/22,Minnow,1390-P
08/09/22,Fukui,160-Y
08/09/22,Minnow,177-P
08/09/22,Fukui,62-P
08/09/22,Minnow,73-P
08/09/22,Fukui,20-P
08/09/22,Minnow,188-P
08/09/22,Fukui,1176-Y
08/09/22,Minnow,564-P
08/09/22,Fukui,1139-Y
08/09/22,Minnow,138-P
08/09/22,Fukui,23-P
08/09/22,Minnow,30-P
08/09/22,Fukui,1126-B
08/09/22,Minnow,65-P
08/09/22,Fukui,39-P
08/09/22,Minnow,678-P
08/09/22,Fukui,1197-Y
08/09/22,Minnow,170-P
08/09/22,Fukui,1196-Y
08/09/22,Minnow,70-P
08/09/22,Fukui,1121-B
08/09/22,Minnow,181-P
08/09/22,Fukui,116-Y
08/09/22,Minnow,49-P
08/09/22,Fukui,1173-Y
08/09/22,Minnow,684-P
08/09/22,Fukui,1132-B
08/10/22,Minnow,1396-P
08/10/22,Fukui,603-P
08/10/22,Minnow,1390-P
08/10/22,Fukui,160-Y
08/10/22,Minnow,177-P
08/10/22,Fukui,62-P
08/10/22,Minnow,73-P
08/10/22,Fukui,20-P
08/10/22,Minnow,188-P
08/10/22,Fukui,1176-Y
08/10/22,Minnow,564-P
08/10/22,Fukui,1139-Y
08/10/22,Minnow,138-P
08/10/22,Fukui,23-P
08/10/22,Minnow,30-P
08/10/22,Fukui,1126-B
08/10/22,Minnow,65-P
08/10/22,Fukui,39-P
08/10/22,Minnow,678-P
08/10/22,Fukui,1197-Y
08/10/22,Minnow,170-P
08/10/22,Fukui,1196-Y
08/10/22,Minnow,70-P
08/10/22,Fukui,1121-B
08/10/22,Minnow,181-P
08/10/22,Fukui,116-Y
08/10/22,Minnow,49-P
08/10/22,Fukui,1173-Y
08/10/22,Minnow,684-P
08/10/22,Fukui,1132-B
08/09/22,Fukui,1108-Y
08/09/22,Minnow,145-P
08/09/22,Fukui,172-Y
08/09/22,Minnow,1381-P
08/09/22,Fukui,127-Y
08/09/22,Minnow,691-P
08/09/22,Fukui,102-Y
08/09/22,Minnow,1366-P
08/09/22,Fukui,1174-Y
08/09/22,Minnow,670-P
08/09/22,Fukui,111-Y
08/09/22,Minnow,1398-P
08/09/22,Fukui,1167-Y
08/09/22,Minnow,1387-P
08/09/22,Fukui,1129-B
08/09/22,Minnow,130-P
08/09/22,Fukui,1200-Y
08/09/22,Minnow,74-P
08/09/22,Fukui,1141-B
08/09/22,Minnow,166-P
08/09/22,Fukui,21-P
08/09/22,Minnow,155-P
08/09/22,Fukui,1122-B
08/09/22,Minnow,189-P
08/09/22,Fukui,1135-B
08/09/22,Minnow,192-P
08/09/22,Fukui,581-P
08/09/22,Minnow,1394-P
08/09/22,Fukui,128-Y
08/09/22,Minnow,64-P
08/10/22,Fukui,1108-Y
08/10/22,Minnow,145-P
08/10/22,Fukui,172-Y
08/10/22,Minnow,1381-P
08/10/22,Fukui,127-Y
08/10/22,Minnow,691-P
08/10/22,Fukui,102-Y
08/10/22,Minnow,1366-P
08/10/22,Fukui,1174-Y
08/10/22,Minnow,670-P
08/10/22,Fukui,111-Y
08/10/22,Minnow,1398-P
08/10/22,Fukui,1167-Y
08/10/22,Minnow,1387-P
08/10/22,Fukui,1129-B
08/10/22,Minnow,130-P
08/10/22,Fukui,1200-Y
08/10/22,Minnow,74-P
08/10/22,Fukui,1141-B
08/10/22,Minnow,166-P
08/10/22,Fukui,21-P
08/10/22,Minnow,155-P
08/10/22,Fukui,1122-B
08/10/22,Minnow,189-P
08/10/22,Fukui,1135-B
08/10/22,Minnow,192-P
08/10/22,Fukui,581-P
08/10/22,Minnow,1394-P
08/10/22,Fukui,128-Y
08/10/22,Minnow,64-P
08/11/22,Fukui,1108-Y
08/11/22,Minnow,145-P
08/11/22,Fukui,172-Y
08/11/22,Minnow,1381-P
08/11/22,Fukui,127-Y
08/11/22,Minnow,691-P
08/11/22,Fukui,102-Y
08/11/22,Minnow,1366-P
08/11/22,Fukui,1174-Y
08/11/22,Minnow,670-P
08/11/22,Fukui,111-Y
08/11/22,Minnow,1398-P
08/11/22,Fukui,1167-Y
08/11/22,Minnow,1387-P
08/11/22,Fukui,1129-B
08/11/22,Minnow,130-P
08/11/22,Fukui,1200-Y
08/11/22,Minnow,74-P
08/11/22,Fukui,1141-B
08/11/22,Minnow,166-P
08/11/22,Fukui,21-P
08/11/22,Minnow,155-P
08/11/22,Fukui,1122-B
08/11/22,Minnow,189-P
08/11/22,Fukui,1135-B
08/11/22,Minnow,192-P
08/11/22,Fukui,581-P
08/11/22,Minnow,1394-P
08/11/22,Fukui,128-Y
08/11/22,Minnow,64-P
08/12/22,Fukui,1108-Y
08/12/22,Minnow,145-P
08/12/22,Fukui,172-Y
08/12/22,Minnow,1381-P
08/12/22,Fukui,127-Y
08/12/22,Minnow,691-P
08/12/22,Fukui,102-Y
08/12/22,Minnow,1366-P
08/12/22,Fukui,1174-Y
08/12/22,Minnow,670-P
08/12/22,Fukui,111-Y
08/12/22,Minnow,1398-P
08/12/22,Fukui,1167-Y
08/12/22,Minnow,1387-P
08/12/22,Fukui,1129-B
08/12/22,Minnow,130-P
08/12/22,Fukui,1200-Y
08/12/22,Minnow,74-P
08/12/22,Fukui,1141-B
08/12/22,Minnow,166-P
08/12/22,Fukui,21-P
08/12/22,Minnow,155-P
08/12/22,Fukui,1122-B
08/12/22,Minnow,189-P
08/12/22,Fukui,1135-B
08/12/22,Minnow,192-P
08/12/22,Fukui,581-P
08/12/22,Minnow,1394-P
08/12/22,Fukui,128-Y
08/12/22,Minnow,64-P
08/09/22,Shrimp,1191-R
08/09/22,Shrimp,893-G
08/09/22,Shrimp,1379-P
08/10/22,Shrimp,1191-R
08/10/22,Shrimp,893-G
08/10/22,Shrimp,1379-P
08/11/22,Shrimp,1191-R
08/11/22,Shrimp,893-G
08/11/22,Shrimp,1379-P
08/12/22,Shrimp,1191-R
08/12/22,Shrimp,893-G
08/12/22,Shrimp,1379-P
08/09/22,Shrimp,3100-P
08/09/22,Shrimp,1151-R
08/09/22,Shrimp,3174-P
08/09/22,Shrimp,1166-R
08/09/22,Shrimp,1157-R
08/10/22,Shrimp,3100-P
08/10/22,Shrimp,1151-R
08/10/22,Shrimp,3174-P
08/10/22,Shrimp,1166-R
08/10/22,Shrimp,1157-R
08/11/22,Shrimp,3100-P
08/11/22,Shrimp,1151-R
08/11/22,Shrimp,3174-P
08/11/22,Shrimp,1157-R
08/11/22,Shrimp,3101-P
08/11/22,Shrimp,3085-P
08/11/22,Shrimp,3102-P
08/11/22,Shrimp,1369-P
08/11/22,Shrimp,1166-R
08/12/22,Shrimp,3100-P
08/12/22,Shrimp,1151-R
08/12/22,Shrimp,3174-P
08/12/22,Shrimp,1157-R
08/12/22,Shrimp,3101-P
08/12/22,Shrimp,3085-P
08/12/22,Shrimp,3102-P
08/12/22,Shrimp,1369-P
08/12/22,Shrimp,1166-R
08/11/22,Minnow,80-P
08/11/22,Fukui,1193-R
08/11/22,Minnow,152-P
08/11/22,Fukui,629-P
08/11/22,Minnow,128-P
08/11/22,Fukui,638-P
08/11/22,Minnow,626-P
08/11/22,Fukui,1128-B
08/11/22,Minnow,674-P
08/11/22,Fukui,609-P
08/11/22,Minnow,150-P
08/11/22,Fukui,1144-B
08/11/22,Minnow,1382-P
08/11/22,Fukui,3172-P
08/11/22,Minnow,185-P
08/11/22,Fukui,3078-P
08/11/22,Minnow,663-P
08/11/22,Fukui,3103-B
08/10/22,Minnow,643-P
08/10/22,Fukui,3161-P
08/10/22,Minnow,175-P
08/10/22,Fukui,1387-G
08/10/22,Minnow,131-P
08/10/22,Fukui,3151-P
08/10/22,Minnow,183-P
08/10/22,Fukui,1179-Y
08/10/22,Minnow,163-P
08/10/22,Fukui,648-P
08/10/22,Minnow,585-P
08/10/22,Fukui,163-Y
08/10/22,Minnow,158-P
08/10/22,Fukui,117-Y
08/10/22,Minnow,1383-P
08/10/22,Fukui,1139-Y
08/10/22,Minnow,146-P
08/10/22,Fukui,1192-Y
08/18/22,Shrimp,1157-R
08/18/22,Shrimp,893-G
08/18/22,Shrimp,3174-P
08/18/22,Shrimp,3085-P
08/18/22,Shrimp,697-P
08/18/22,Shrimp,3100-P
08/18/22,Shrimp,1151-R
08/19/22,Shrimp,1157-R
08/19/22,Shrimp,893-G
08/19/22,Shrimp,3174-P
08/19/22,Shrimp,3085-P
08/19/22,Shrimp,697-P
08/19/22,Shrimp,3100-P
08/19/22,Shrimp,1151-R
08/23/22,Fukui,3173-P
08/23/22,Minnow,36-P
08/23/22,Fukui,1387-G
08/23/22,Minnow,670-P
08/23/22,Fukui,1189-R
08/23/22,Minnow,189-P
08/23/22,Fukui,3194-P
08/23/22,Minnow,1381-P
08/23/22,Fukui,3172-P
08/23/22,Minnow,145-P
08/23/22,Fukui,3078-P
08/23/22,Minnow,174-P
08/23/22,Fukui,3190-P
08/23/22,Minnow,155-P
08/23/22,Fukui,3157-P
08/23/22,Minnow,192-P
08/23/22,Fukui,3151-P
08/23/22,Minnow,658-P
08/23/22,Fukui,1169-R
08/23/22,Minnow,64-P
08/23/22,Fukui,3153-P
08/23/22,Minnow,691-P
08/23/22,Fukui,1187-R
08/23/22,Minnow,1398-P
08/23/22,Fukui,3079-P
08/23/22,Minnow,130-P
08/23/22,Fukui,3161-P
08/23/22,Minnow,74-P
08/23/22,Fukui,3103-P
08/23/22,Minnow,166-P
08/23/22,Shrimp,1157-R
08/23/22,Shrimp,3100-P
08/24/22,Fukui,3173-P
08/24/22,Minnow,36-P
08/24/22,Fukui,1387-G
08/24/22,Minnow,670-P
08/24/22,Fukui,1189-R
08/24/22,Minnow,189-P
08/24/22,Fukui,3194-P
08/24/22,Minnow,1381-P
08/24/22,Fukui,3172-P
08/24/22,Minnow,145-P
08/24/22,Fukui,3078-P
08/24/22,Minnow,174-P
08/24/22,Fukui,3190-P
08/24/22,Minnow,155-P
08/24/22,Fukui,3157-P
08/24/22,Minnow,192-P
08/24/22,Fukui,3151-P
08/24/22,Minnow,658-P
08/24/22,Fukui,1169-R
08/24/22,Minnow,64-P
08/24/22,Fukui,3153-P
08/24/22,Minnow,691-P
08/24/22,Fukui,1187-R
08/24/22,Minnow,1398-P
08/24/22,Fukui,3079-P
08/24/22,Minnow,130-P
08/24/22,Fukui,3161-P
08/24/22,Minnow,74-P
08/24/22,Fukui,3103-P
08/24/22,Minnow,166-P
08/24/22,Shrimp,1157-R
08/24/22,Shrimp,3100-P
08/23/22,Shrimp,893-G
08/23/22,Shrimp,3174-P
08/23/22,Shrimp,697-P
08/23/22,Shrimp,1151-R
08/23/22,Shrimp,3085-P
08/23/22,Shrimp,1166-R
08/24/22,Shrimp,3174-P
08/24/22,Shrimp,697-P
08/24/22,Shrimp,1151-R
08/24/22,Shrimp,3085-P
08/24/22,Shrimp,893-G
08/24/22,Shrimp,1166-R
08/25/22,Shrimp,3174-P
08/25/22,Shrimp,697-P
08/25/22,Shrimp,1151-R
08/25/22,Shrimp,3085-P
08/25/22,Shrimp,893-G
08/25/22,Shrimp,1166-R
08/23/22,Shrimp,3101-P
08/23/22,Shrimp,876-G
08/23/22,Shrimp,1379-P
08/23/22,Shrimp,1191-R
08/23/22,Shrimp,1369-P
08/23/22,Shrimp,879-G
08/23/22,Shrimp,3102-P
08/24/22,Shrimp,3102-P
08/24/22,Shrimp,3101-P
08/24/22,Shrimp,876-G
08/24/22,Shrimp,1191-R
08/24/22,Shrimp,1379-P
08/24/22,Shrimp,1369-P
08/24/22,Shrimp,879-G
08/25/22,Shrimp,3102-P
08/25/22,Shrimp,3101-P
08/25/22,Shrimp,876-G
08/25/22,Shrimp,1191-R
08/25/22,Shrimp,1379-P
08/25/22,Shrimp,1369-P
08/25/22,Shrimp,879-G
09/07/22,Shrimp,3174-P
09/07/22,Shrimp,1151-R
09/07/22,Shrimp,1157-R
09/07/22,Shrimp,1166-R
09/07/22,Shrimp,876-G
09/07/22,Shrimp,3085-P
09/07/22,Shrimp,3101-P
09/07/22,Shrimp,3100-P
09/07/22,Shrimp,3192-P
09/07/22,Shrimp,3090-P
09/07/22,Shrimp,697-P
09/07/22,Shrimp,3102-P
09/07/22,Shrimp,879-G
09/07/22,Shrimp,1191-R
09/07/22,Shrimp,893-G
09/07/22,Shrimp,1369-P
09/07/22,Shrimp,1379-P
09/13/22,Shrimp,697-P
09/13/22,Minnow,65-P
09/13/22,Minnow,564-P
09/13/22,Shrimp,1157-R
09/13/22,Minnow,177-P
09/13/22,Minnow,73-P
09/13/22,Minnow,30-P
09/13/22,Shrimp,3102-P
09/13/22,Shrimp,879-G
09/13/22,Shrimp,1191-R
09/13/22,Shrimp,3085-P
09/13/22,Shrimp,1166-R
09/13/22,Shrimp,3174-P
09/13/22,Shrimp,893-G
09/13/22,Shrimp,876-G
09/13/22,Shrimp,1151-R
09/13/22,Shrimp,3100-P
09/20/22,Shrimp,3101-P
09/20/22,Shrimp,1151-R
09/20/22,Minnow,73-P
09/20/22,Shrimp,879-G
09/20/22,Minnow,626-P
09/20/22,Minnow,585-P
09/20/22,Minnow,36-P
09/20/22,Minnow,30-P
09/20/22,Minnow,65-P
09/20/22,Minnow,1390-P
09/20/22,Minnow,564-P
09/20/22,Minnow,177-P
09/20/22,Minnow,1396-P
09/20/22,Shrimp,1379-P
09/20/22,Shrimp,3090-P
09/20/22,Shrimp,3100-P
09/20/22,Shrimp,3085-P
09/20/22,Shrimp,1369-P
09/20/22,Shrimp,3174-P
09/20/22,Shrimp,3102-P
09/20/22,Shrimp,697-P
09/20/22,Shrimp,1157-R
09/20/22,Shrimp,1166-R
09/20/22,Minnow,170-P
09/20/22,Minnow,689-P
09/20/22,Minnow,181-P
09/20/22,Shrimp,876-G
09/20/22,Minnow,138-P
09/20/22,Minnow,1394-P
09/20/22,Shrimp,893-G
09/20/22,Minnow,658-P
09/20/22,Minnow,64-P
09/20/22,Minnow,691-P
09/20/22,Minnow,188-P
09/20/22,Minnow,155-P
09/21/22,Minnow,138-P
09/21/22,Minnow,658-P
09/21/22,Minnow,64-P
09/21/22,Minnow,691-P
09/21/22,Minnow,188-P
09/21/22,Minnow,155-P
09/20/22,Minnow,682-P
09/20/22,Minnow,670-P
09/20/22,Shrimp,3192-P
09/20/22,Minnow,1398-P
09/20/22,Minnow,643-P
09/20/22,Minnow,158-P
09/20/22,Minnow,1387-P
09/20/22,Minnow,678-P
09/20/22,Minnow,146-P
09/20/22,Minnow,183-P
09/20/22,Minnow,70-P
09/20/22,Minnow,163-P
09/20/22,Minnow,131-P
09/20/22,Minnow,1383-P
09/20/22,Minnow,175-P
09/20/22,Shrimp,1191-R
09/27/22,Minnow,585-P
09/27/22,Minnow,65-P
09/27/22,Minnow,177-P
09/27/22,Shrimp,879-P
09/27/22,Minnow,1390-P
09/27/22,Minnow,73-P
09/27/22,Shrimp,3192-P
09/27/22,Minnow,1387-P
09/27/22,Minnow,682-P
09/27/22,Minnow,1398-P
09/27/22,Shrimp,3101-P
09/27/22,Shrimp,893-G
09/27/22,Minnow,181-P
09/27/22,Minnow,170-P
09/27/22,Minnow,670-P
09/27/22,Minnow,1381-P
09/27/22,Minnow,684-P
09/27/22,Minnow,1396-P
09/27/22,Minnow,30-P
09/27/22,Minnow,643-P
09/27/22,Minnow,564-P
09/27/22,Minnow,36-P
09/27/22,Minnow,626-P
09/27/22,Minnow,158-P
09/28/22,Minnow,585-P
09/28/22,Minnow,65-P
09/28/22,Minnow,177-P
09/28/22,Shrimp,879-P
09/28/22,Minnow,1390-P
09/28/22,Minnow,73-P
09/28/22,Shrimp,3192-P
09/28/22,Minnow,1387-P
09/28/22,Minnow,682-P
09/28/22,Minnow,1398-P
09/28/22,Shrimp,3101-P
09/28/22,Shrimp,893-G
09/28/22,Minnow,181-P
09/28/22,Minnow,170-P
09/28/22,Minnow,670-P
09/28/22,Minnow,1381-P
09/28/22,Minnow,684-P
09/28/22,Minnow,1396-P
09/28/22,Minnow,30-P
09/28/22,Minnow,643-P
09/28/22,Minnow,564-P
09/28/22,Minnow,36-P
09/28/22,Minnow,626-P
09/28/22,Minnow,158-P
09/27/22,Shrimp,1191-R
09/27/22,Shrimp,1157-R
09/27/22,Shrimp,876-G
09/27/22,Shrimp,1166-R
09/27/22,Shrimp,1379-P
09/28/22,Shrimp,1191-R
09/28/22,Shrimp,1157-R
09/28/22,Shrimp,876-G
09/28/22,Shrimp,1166-R
09/28/22,Shrimp,1379-P
10/06/22,Minnow,29-P
10/06/22,Fukui,3157-P
10/06/22,Minnow,662-P
10/06/22,Fukui,1187-R
10/06/22,Fukui,3079-P
10/06/22,Minnow,166-P
10/06/22,Minnow,1378-P
10/06/22,Fukui,3190-P
10/06/22,Minnow,668-P
10/06/22,Shrimp,3174-P
10/06/22,Shrimp,3085-P
10/06/22,Shrimp,697-P
10/06/22,Fukui,3161-P
10/06/22,Minnow,74-P
10/06/22,Fukui,1169-R
10/06/22,Minnow,180-P
10/06/22,Fukui,3151-P
10/06/22,Minnow,1367-P
10/06/22,Fukui,3172-P
10/06/22,Minnow,1368-P
10/07/22,Minnow,29-P
10/07/22,Fukui,3157-P
10/07/22,Minnow,662-P
10/07/22,Fukui,1187-R
10/07/22,Minnow,189-P
10/07/22,Fukui,3103-P
10/07/22,Minnow,1366-P
10/07/22,Fukui,1189-R
10/07/22,Fukui,3194-P
10/07/22,Minnow,663-P
10/07/22,Fukui,1387-G
10/07/22,Minnow,73-P
10/07/22,Fukui,3153-P
10/07/22,Minnow,130-P
10/07/22,Minnow,180-P
10/07/22,Fukui,3161-P
10/07/22,Minnow,74-P
10/07/22,Fukui,3151-P
10/07/22,Minnow,1368-P
10/07/22,Fukui,1169-R
10/07/22,Minnow,1367-P
10/07/22,Fukui,3172-P
10/07/22,Fukui,3079-P
10/07/22,Minnow,166-P
10/07/22,Minnow,1378-P
10/07/22,Fukui,3078-P
10/07/22,Fukui,3190-P
10/07/22,Minnow,668-P
10/07/22,Minnow,174-P
10/07/22,Fukui,3173-P
10/07/22,Shrimp,3174-P
10/07/22,Shrimp,3085-P
10/07/22,Shrimp,697-P
10/05/22,Minnow,1382-P
10/05/22,Minnow,132-P
10/05/22,Minnow,70-P
10/05/22,Minnow,674-P
10/05/22,Minnow,85-P
10/05/22,Minnow,192-P
10/05/22,Minnow,1383-P
10/05/22,Minnow,1394-P
10/05/22,Minnow,131-P
10/05/22,Minnow,183-P
10/05/22,Minnow,175-P
10/05/22,Minnow,65-P
10/05/22,Minnow,585-P
10/05/22,Minnow,1390-P
10/05/22,Minnow,146-P
10/06/22,Minnow,1382-P
10/06/22,Minnow,132-P
10/06/22,Minnow,70-P
10/06/22,Minnow,674-P
10/06/22,Minnow,85-P
10/06/22,Minnow,192-P
10/06/22,Minnow,1383-P
10/06/22,Minnow,1394-P
10/06/22,Minnow,131-P
10/06/22,Minnow,183-P
10/06/22,Minnow,175-P
10/06/22,Minnow,65-P
10/06/22,Minnow,585-P
10/06/22,Minnow,1390-P
10/06/22,Minnow,146-P
10/06/22,Shrimp,3100-P
10/06/22,Shrimp,1151-R
10/06/22,Shrimp,3102-P
10/07/22,Shrimp,3100-P
10/07/22,Shrimp,1151-R
10/07/22,Shrimp,3102-P
10/04/22,Minnow,138-P
10/04/22,Minnow,691-P
10/04/22,Minnow,155-P
10/04/22,Minnow,64-P
10/04/22,Minnow,1387-P
10/04/22,Minnow,188-P
10/04/22,Minnow,692-P
10/04/22,Minnow,632-P
10/04/22,Minnow,169-P
10/04/22,Minnow,145-P
10/04/22,Minnow, 678-P
10/04/22,Minnow,658-P
10/04/22,Minnow,626-P
10/04/22,Minnow,185-P
10/04/22,Minnow,564-P
10/05/22,Minnow,138-P
10/05/22,Minnow,691-P
10/05/22,Minnow,155-P
10/05/22,Minnow,64-P
10/05/22,Minnow,1387-P
10/05/22,Minnow,188-P
10/05/22,Minnow,692-P
10/05/22,Minnow,632-P
10/05/22,Minnow,169-P
10/05/22,Minnow,145-P
10/05/22,Minnow, 678-P
10/05/22,Minnow,658-P
10/05/22,Minnow,626-P
10/05/22,Minnow,185-P
10/05/22,Minnow,564-P
10/06/22,Minnow,138-P
10/06/22,Minnow,691-P
10/06/22,Minnow,155-P
10/06/22,Minnow,64-P
10/06/22,Minnow,1387-P
10/06/22,Minnow,188-P
10/06/22,Minnow,692-P
10/06/22,Minnow,632-P
10/06/22,Minnow,169-P
10/06/22,Minnow,145-P
10/06/22,Minnow, 678-P
10/06/22,Minnow,658-P
10/06/22,Minnow,626-P
10/06/22,Minnow,185-P
10/06/22,Minnow,564-P
10/07/22,Minnow,138-P
10/07/22,Minnow,691-P
10/07/22,Minnow,155-P
10/07/22,Minnow,64-P
10/07/22,Minnow,1387-P
10/07/22,Minnow,188-P
10/07/22,Minnow,692-P
10/07/22,Minnow,632-P
10/07/22,Minnow,169-P
10/07/22,Minnow,145-P
10/07/22,Minnow, 678-P
10/07/22,Minnow,658-P
10/07/22,Minnow,626-P
10/07/22,Minnow,185-P
10/07/22,Minnow,564-P
10/04/22,Shrimp,1166-R
10/04/22,Shrimp,3101-P
10/04/22,Shrimp,893-G
10/04/22,Shrimp,3192-P
10/04/22,Shrimp,876-G
10/04/22,Shrimp,1157-R
10/04/22,Shrimp,3090-P
10/04/22,Shrimp,879-G
10/05/22,Shrimp,1166-R
10/05/22,Shrimp,3101-P
10/05/22,Shrimp,893-G
10/05/22,Shrimp,3192-P
10/05/22,Shrimp,876-G
10/05/22,Shrimp,1157-R
10/05/22,Shrimp,3090-P
10/05/22,Shrimp,879-G
10/06/22,Shrimp,1166-R
10/06/22,Shrimp,3101-P
10/06/22,Shrimp,893-G
10/06/22,Shrimp,3192-P
10/06/22,Shrimp,876-G
10/06/22,Shrimp,1157-R
10/06/22,Shrimp,3090-P
10/06/22,Shrimp,879-G
10/07/22,Shrimp,1166-R
10/07/22,Shrimp,3101-P
10/07/22,Shrimp,1157-R
10/07/22,Shrimp,879-G
10/04/22,Minnow,674-P
10/04/22,Fukui,1108-Y
10/04/22,Minnow,1382-P
10/04/22,Fukui,1141-B
10/04/22,Minnow,132-P
10/04/22,Fukui,1122-B
10/04/22,Minnow,1398-P
10/04/22,Fukui,102-Y
10/04/22,Minnow,128-P
10/04/22,Fukui,1200-Y
10/04/22,Minnow,150-P
10/04/22,Fukui,581-P
10/04/22,Minnow,170-P
10/04/22,Fukui,172-Y
10/04/22,Minnow,73-P
10/04/22,Fukui,1174-Y
10/04/22,Minnow,36-P
10/04/22,Fukui,1167-Y
10/05/22,Minnow,1398-P
10/05/22,Fukui,102-Y
10/05/22,Minnow,128-P
10/05/22,Fukui,1200-Y
10/05/22,Minnow,150-P
10/05/22,Fukui,581-P
10/04/22,Minnow,684-P
10/04/22,Fukui,1173-Y
10/04/22,Minnow,1381-P
10/04/22,Fukui,111-Y
10/04/22,Minnow,177-P
10/04/22,Shrimp,1369-P
10/04/22,Minnow,30-P
10/04/22,Fukui,160-Y
10/04/22,Minnow,181-P
10/04/22,Shrimp,1191-R
10/04/22,Minnow,682-P
10/04/22,Minnow,670-P
10/04/22,Shrimp,1379-P
10/04/22,Fukui,20-P
10/04/22,Minnow,1396-P
10/04/22,Fukui,117-Y
10/04/22,Minnow,158-P
10/04/22,Minnow,643-P
10/05/22,Minnow,684-P
10/05/22,Fukui,1173-Y
10/05/22,Minnow,1381-P
10/05/22,Fukui,111-Y
10/05/22,Minnow,177-P
10/05/22,Shrimp,1369-P
10/05/22,Minnow,30-P
10/05/22,Fukui,160-Y
10/05/22,Minnow,181-P
10/05/22,Shrimp,1191-R
10/05/22,Minnow,682-P
10/05/22,Minnow,670-P
10/05/22,Shrimp,1379-P
10/05/22,Fukui,20-P
10/05/22,Minnow,1396-P
10/05/22,Fukui,117-Y
10/05/22,Minnow,158-P
10/05/22,Minnow,643-P
10/06/22,Minnow,684-P
10/06/22,Minnow,1381-P
10/06/22,Minnow,177-P
10/06/22,Shrimp,1369-P
10/06/22,Minnow,30-P
10/06/22,Minnow,181-P
10/06/22,Shrimp,1191-R
10/06/22,Minnow,682-P
10/06/22,Minnow,670-P
10/06/22,Shrimp,1379-P
10/06/22,Minnow,1396-P
10/06/22,Minnow,158-P
10/06/22,Minnow,643-P
10/07/22,Minnow,684-P
10/07/22,Minnow,1381-P
10/07/22,Shrimp,1191-R
10/07/22,Minnow,670-P
10/07/22,Minnow,177-P
10/07/22,Minnow,30-P
10/07/22,Minnow,181-P
10/07/22,Minnow,682-P
10/07/22,Shrimp,1379-P
10/07/22,Minnow,1396-P
10/07/22,Minnow,158-P
10/07/22,Minnow,643-P
10/18/22,Shrimp,3100-P
10/18/22,Shrimp,893-P
10/18/22,Shrimp,1157-R
10/18/22,Shrimp,1166-R
10/18/22,Shrimp,1379-P
10/18/22,Shrimp,879-G
10/18/22,Shrimp,3085-P
10/18/22,Shrimp,3102-P
10/18/22,Shrimp,1151-R
10/18/22,Shrimp,1191-R
10/19/22,Shrimp,3085-P
10/19/22,Shrimp,3102-P
10/19/22,Shrimp,1151-R
10/19/22,Shrimp,1191-R
10/20/22,Shrimp,3085-P
10/20/22,Shrimp,3102-P
10/20/22,Shrimp,1151-R
10/20/22,Shrimp,1191-R
10/21/22,Shrimp,3085-P
10/21/22,Shrimp,3102-P
10/21/22,Shrimp,1151-R
10/21/22,Shrimp,1191-R
11/04/22,Shrimp,876-G
11/04/22,Shrimp,3174-R
11/04/22,Shrimp,1151-R
11/04/22,Shrimp,697-P
11/04/22,Shrimp,1166-R
11/04/22,Shrimp,3100-P
11/03/22,Minnow,169-P
11/03/22,Fukui,3079-P
11/03/22,Minnow,626-P
11/03/22,Fukui,1189-R
11/03/22,Minnow,663-P
11/03/22,Fukui,3161-P
11/03/22,Minnow,73-P
11/03/22,Fukui,3078-P
11/03/22,Fukui,3190-P
11/03/22,Minnow,145-P
11/03/22,Fukui,1187-R
11/03/22,Minnow,678-P
11/03/22,Fukui,3157-P
11/03/22,Minnow,188-P
11/03/22,Minnow,174-P
11/03/22,Fukui,3151-P
11/03/22,Minnow,692-P
11/03/22,Fukui,3153-P
11/03/22,Minnow,691-P
11/03/22,Fukui,3173-P
11/03/22,Minnow,177-P
11/03/22,Fukui,1387-G
11/03/22,Fukui,1169-R
11/03/22,Minnow,670-P
11/03/22,Minnow,185-P
11/03/22,Fukui,3103-P
11/03/22,Fukui,3172-P
11/03/22,Minnow,1366-P
11/03/22,Minnow,130-P
11/03/22,Fukui,3194-P
11/03/22,Shrimp,3090-P
11/03/22,Shrimp,3101-P
11/04/22,Minnow,169-P
11/04/22,Fukui,3079-P
11/04/22,Minnow,626-P
11/04/22,Fukui,1189-R
11/04/22,Minnow,663-P
11/04/22,Fukui,3161-P
11/04/22,Minnow,73-P
11/04/22,Fukui,3078-P
11/04/22,Fukui,3190-P
11/04/22,Minnow,145-P
11/04/22,Fukui,1187-R
11/04/22,Minnow,678-P
11/04/22,Fukui,3157-P
11/04/22,Minnow,188-P
11/04/22,Minnow,174-P
11/04/22,Fukui,3151-P
11/04/22,Minnow,692-P
11/04/22,Fukui,3153-P
11/04/22,Minnow,691-P
11/04/22,Fukui,3173-P
11/04/22,Minnow,177-P
11/04/22,Fukui,1387-G
11/04/22,Fukui,1169-R
11/04/22,Minnow,670-P
11/04/22,Minnow,185-P
11/04/22,Fukui,3103-P
11/04/22,Fukui,3172-P
11/04/22,Minnow,1366-P
11/04/22,Minnow,130-P
11/04/22,Fukui,3194-P
11/04/22,Shrimp,3090-P
11/04/22,Shrimp,3101-P
11/03/22,Minnow,1378-P
11/03/22,Minnow,658-P
11/03/22,Minnow,1367-P
11/03/22,Minnow,1368-P
11/03/22,Minnow,29-P
11/03/22,Minnow,668-P
11/03/22,Minnow,662-P
11/03/22,Minnow,643-P
11/03/22,Minnow,166-P
11/03/22,Minnow,684-P
11/03/22,Minnow,74-P
11/03/22,Minnow,189-P
11/03/22,Minnow,564-P
11/03/22,Minnow,180-P
11/03/22,Minnow,158-P
11/03/22,Shrimp,3192-P
11/03/22,Shrimp,1157-R
11/03/22,Shrimp,1379-P
11/04/22,Minnow,1367-P
11/04/22,Minnow,29-P
11/04/22,Minnow,668-P
11/04/22,Minnow,1368-P
11/04/22,Minnow,1378-P
11/04/22,Minnow,658-P
11/04/22,Minnow,662-P
11/04/22,Minnow,643-P
11/04/22,Minnow,684-P
11/04/22,Minnow,166-P
11/04/22,Minnow,74-P
11/04/22,Minnow,189-P
11/04/22,Minnow,564-P
11/04/22,Minnow,180-P
11/04/22,Minnow,158-P
11/04/22,Shrimp,3192-P
11/04/22,Shrimp,1157-R
11/04/22,Shrimp,1379-P
04/25/23,Fukui,172-Y
04/25/23,Minnow,643-P
04/25/23,Fukui,1141-B
04/25/23,Minnow,1381-P
04/25/23,Fukui,111-Y
04/25/23,Minnow,128-P
04/25/23,Fukui,62-P
04/25/23,Minnow,692-P
04/25/23,Fukui,1197-Y
04/25/23,Minnow,30-P
04/25/23,Fukui,1139-B
04/25/23,Minnow,185-P
04/25/23,Fukui,102-Y
04/25/23,Minnow,29-P
04/25/23,Fukui,23-P
04/25/23,Minnow,1383-P
04/25/23,Fukui,609-P
04/25/23,Minnow,691-P
04/25/23,Fukui,1173-P
04/25/23,Minnow,1382-P
04/25/23,Fukui,116-Y
04/25/23,Minnow,1396-P
04/25/23,Fukui,1144-B
04/25/23,Minnow,682-P
04/25/23,Fukui,117-Y
04/25/23,Minnow,115-P
04/25/23,Fukui,1108-Y
04/25/23,Minnow,626-P
04/25/23,Fukui,603-P
04/25/23,Minnow,No Tag
04/26/23,Fukui,172-Y
04/26/23,Minnow,643-P
04/26/23,Fukui,1141-B
04/26/23,Minnow,1381-P
04/26/23,Fukui,111-Y
04/26/23,Minnow,128-P
04/26/23,Fukui,62-P
04/26/23,Minnow,692-P
04/26/23,Fukui,1197-Y
04/26/23,Minnow,30-P
04/26/23,Fukui,1139-B
04/26/23,Minnow,185-P
04/26/23,Fukui,102-Y
04/26/23,Minnow,29-P
04/26/23,Fukui,23-P
04/26/23,Minnow,1383-P
04/26/23,Fukui,609-P
04/26/23,Minnow,691-P
04/26/23,Fukui,1173-P
04/26/23,Minnow,1382-P
04/26/23,Fukui,116-Y
04/26/23,Minnow,1396-P
04/26/23,Fukui,1144-B
04/26/23,Minnow,682-P
04/26/23,Fukui,117-Y
04/26/23,Minnow,115-P
04/26/23,Fukui,1108-Y
04/26/23,Minnow,626-P
04/26/23,Fukui,603-P
04/26/23,Minnow,No Tag
04/25/23,Shrimp,2457
04/25/23,Shrimp,2484
04/26/23,Shrimp,2457
04/26/23,Shrimp,2484
04/27/23,Shrimp,2457
04/27/23,Shrimp,2484
04/25/23,Minnow,163-P
04/25/23,Fukui,1139-Y
04/25/23,Minnow,174-P
04/25/23,Fukui,1135-B
04/25/23,Minnow,1390-P
04/25/23,Fukui,1126-B
04/25/23,Minnow,1398-P
04/25/23,Fukui,1129-B
04/25/23,Minnow,132-P
04/25/23,Fukui,128-Y
04/25/23,Minnow,169-P
04/25/23,Fukui,1167-Y
04/25/23,Minnow,150-P
04/25/23,Fukui,1192-Y
04/25/23,Minnow,170-P
04/25/23,Fukui,127-Y
04/25/23,Minnow,70-P
04/25/23,Fukui,21-P
04/25/23,Minnow,65-P
04/25/23,Fukui,1122-B
04/25/23,Minnow,183-P
04/25/23,Fukui,638-P
04/25/23,Minnow,1394-P
04/25/23,Fukui,1128-B
04/25/23,Minnow,670-P
04/25/23,Fukui,1132-B
04/25/23,Minnow,145-P
04/25/23,Fukui,1174-Y
04/25/23,Minnow,585-P
04/25/23,Fukui,1176-Y
04/26/23,Minnow,163-P
04/26/23,Fukui,1139-Y
04/26/23,Minnow,174-P
04/26/23,Fukui,1135-B
04/26/23,Minnow,1390-P
04/26/23,Fukui,1126-B
04/26/23,Minnow,1398-P
04/26/23,Fukui,1129-B
04/26/23,Minnow,132-P
04/26/23,Fukui,128-Y
04/26/23,Minnow,169-P
04/26/23,Fukui,1167-Y
04/26/23,Minnow,150-P
04/26/23,Fukui,1192-Y
04/26/23,Minnow,170-P
04/26/23,Fukui,127-Y
04/26/23,Minnow,70-P
04/26/23,Fukui,21-P
04/26/23,Minnow,65-P
04/26/23,Fukui,1122-B
04/26/23,Minnow,183-P
04/26/23,Fukui,638-P
04/26/23,Minnow,1394-P
04/26/23,Fukui,1128-B
04/26/23,Minnow,670-P
04/26/23,Fukui,1132-B
04/26/23,Minnow,145-P
04/26/23,Fukui,1174-Y
04/26/23,Minnow,585-P
04/26/23,Fukui,1176-Y
04/25/23,Shrimp,2487
04/25/23,Shrimp,1828
04/26/23,Shrimp,2487
04/26/23,Shrimp,1828
04/27/23,Shrimp,2487
04/27/23,Shrimp,1828
04/25/23,Minnow,131-P
04/25/23,Fukui,3103-P
04/25/23,Minnow,1387
04/25/23,Fukui,3190-P
04/25/23,Minnow,684-P
04/25/23,Fukui,1393-G
04/25/23,Minnow,658-P
04/25/23,Fukui,3078-P
04/25/23,Fukui,3194-P
04/25/23,Minnow,662-P
04/25/23,Fukui,1387-G
04/25/23,Minnow,130-P
04/25/23,Fukui,3161-P
04/25/23,Minnow,175-P
04/25/23,Minnow,74-P
04/25/23,Fukui,505-G
04/25/23,Minnow,564-P
04/25/23,Fukui,3173-P
04/25/23,Minnow,189-P
04/25/23,Fukui,1169-R
04/25/23,Minnow,678-P
04/25/23,Fukui,1398-G
04/25/23,Fukui,1367-P
04/25/23,Minnow,3114-P
04/25/23,Minnow,1396-G
04/25/23,Fukui,180-P
04/25/23,Fukui,1368-P
04/25/23,Minnow,3079-P
04/25/23,Minnow,1374-P
04/25/23,Fukui,166-P
04/26/23,Minnow,131-P
04/26/23,Fukui,3103-P
04/26/23,Minnow,1387
04/26/23,Fukui,3190-P
04/26/23,Minnow,684-P
04/26/23,Fukui,1393-G
04/26/23,Minnow,658-P
04/26/23,Fukui,3078-P
04/26/23,Fukui,3194-P
04/26/23,Minnow,662-P
04/26/23,Fukui,1387-G
04/26/23,Minnow,130-P
04/26/23,Fukui,3161-P
04/26/23,Minnow,175-P
04/26/23,Minnow,74-P
04/26/23,Fukui,505-G
04/26/23,Minnow,564-P
04/26/23,Fukui,3173-P
04/26/23,Minnow,189-P
04/26/23,Fukui,1169-R
04/26/23,Minnow,678-P
04/26/23,Fukui,1398-G
04/26/23,Fukui,1367-P
04/26/23,Minnow,3114-P
04/26/23,Minnow,1396-G
04/26/23,Fukui,180-P
04/26/23,Fukui,1368-P
04/26/23,Minnow,3079-P
04/26/23,Minnow,1374-P
04/26/23,Fukui,166-P
04/27/23,Minnow,131-P
04/27/23,Fukui,3103-P
04/27/23,Minnow,1387
04/27/23,Fukui,3190-P
04/27/23,Minnow,684-P
04/27/23,Fukui,1393-G
04/27/23,Minnow,658-P
04/27/23,Fukui,3078-P
04/27/23,Fukui,3194-P
04/27/23,Minnow,662-P
04/27/23,Fukui,1387-G
04/27/23,Minnow,130-P
04/27/23,Fukui,3161-P
04/27/23,Minnow,175-P
04/27/23,Minnow,74-P
04/27/23,Fukui,505-G
04/27/23,Minnow,564-P
04/27/23,Fukui,3173-P
04/27/23,Minnow,189-P
04/27/23,Fukui,1169-R
04/27/23,Minnow,678-P
04/27/23,Fukui,1398-G
04/27/23,Fukui,1367-P
04/27/23,Minnow,3114-P
04/27/23,Minnow,1396-G
04/27/23,Fukui,180-P
04/27/23,Fukui,1368-P
04/27/23,Minnow,3079-P
04/27/23,Minnow,1374-P
04/27/23,Fukui,166-P
04/28/23,Minnow,131-P
04/28/23,Fukui,3103-P
04/28/23,Minnow,1387
04/28/23,Fukui,3190-P
04/28/23,Minnow,684-P
04/28/23,Fukui,1393-G
04/28/23,Minnow,658-P
04/28/23,Fukui,3078-P
04/28/23,Fukui,3194-P
04/28/23,Minnow,662-P
04/28/23,Fukui,1387-G
04/28/23,Minnow,130-P
04/28/23,Fukui,3161-P
04/28/23,Minnow,175-P
04/28/23,Minnow,74-P
04/28/23,Fukui,505-G
04/28/23,Minnow,564-P
04/28/23,Fukui,3173-P
04/28/23,Minnow,189-P
04/28/23,Fukui,1169-R
04/28/23,Minnow,678-P
04/28/23,Fukui,1398-G
04/28/23,Fukui,1367-P
04/28/23,Minnow,3114-P
04/28/23,Minnow,1396-G
04/28/23,Fukui,180-P
04/28/23,Fukui,1368-P
04/28/23,Minnow,3079-P
04/28/23,Minnow,1374-P
04/28/23,Fukui,166-P
04/25/23,Shrimp,821
04/25/23,Shrimp,2486
04/26/23,Shrimp,821
04/26/23,Shrimp,2486
04/27/23,Shrimp,821
04/27/23,Shrimp,2486
04/28/23,Shrimp,821
04/28/23,Shrimp,2486
04/27/23,Minnow,632-P
04/27/23,Fukui,581-P
04/27/23,Minnow,64-P
04/27/23,Fukui,1179-Y
04/27/23,Minnow,36-P
04/27/23,Fukui,1121-B
04/27/23,Shrimp,2076
04/27/23,Minnow,1366-P
04/27/23,Fukui,1198-R
04/27/23,Minnow,73-P
04/27/23,Minnow,188-P
04/27/23,Fukui,1187-R
04/27/23,Fukui,3149-P
04/27/23,Minnow,138-P
04/27/23,Fukui,3088-P
04/27/23,Minnow,1378-P
04/27/23,Minnow,663-P
04/27/23,Fukui,3158-P
04/27/23,Shrimp,2468
04/27/23,Fukui,20-P
04/27/23,Minnow,85-P
04/27/23,Fukui,1200-Y
04/28/23,Minnow,632-P
04/28/23,Fukui,581-P
04/28/23,Minnow,64-P
04/28/23,Fukui,1179-Y
04/28/23,Minnow,36-P
04/28/23,Fukui,1121-B
04/28/23,Shrimp,2076
04/28/23,Minnow,1366-P
04/28/23,Fukui,1198-R
04/28/23,Minnow,73-P
04/28/23,Minnow,188-P
04/28/23,Fukui,1187-R
04/28/23,Fukui,3149-P
04/28/23,Minnow,138-P
04/28/23,Fukui,3088-P
04/28/23,Minnow,1378-P
04/28/23,Minnow,663-P
04/28/23,Fukui,3158-P
04/28/23,Shrimp,2468
04/28/23,Fukui,20-P
04/28/23,Minnow,85-P
04/28/23,Fukui,1200-Y
05/09/23,Minnow,1378-P
05/09/23,Fukui,116-Y
05/09/23,Minnow,678-P
05/09/23,Fukui,1198-Y
05/09/23,Minnow,684-P
05/09/23,Fukui,1129-B
05/09/23,Minnow,180-P
05/09/23,Fukui,21-P
05/09/23,Minnow,189-P
05/09/23,Fukui,1141-B
05/09/23,Minnow,662-P
05/09/23,Fukui,172-Y
05/09/23,Minnow,658-P
05/09/23,Fukui,1126-B
05/09/23,Minnow,1387-P
05/09/23,Fukui,102-Y
05/09/23,Minnow,73-P
05/09/23,Fukui,1139-Y
05/09/23,Minnow,74-P
05/09/23,Fukui,1108-Y
05/09/23,Minnow,1367-P
05/09/23,Fukui,1132-B
05/09/23,Minnow,138-P
05/09/23,Fukui,3158-P
05/09/23,Minnow,1366-P
05/09/23,Fukui,127-Y
05/09/23,Minnow,64-P
05/09/23,Fukui,23-P
05/09/23,Minnow,188-P
05/09/23,Fukui,1139-B
05/10/23,Minnow,1378-P
05/10/23,Fukui,116-Y
05/10/23,Minnow,678-P
05/10/23,Fukui,1198-Y
05/10/23,Minnow,684-P
05/10/23,Fukui,1129-B
05/10/23,Minnow,180-P
05/10/23,Fukui,21-P
05/10/23,Minnow,189-P
05/10/23,Fukui,1141-B
05/10/23,Minnow,662-P
05/10/23,Fukui,172-Y
05/10/23,Minnow,658-P
05/10/23,Fukui,1126-B
05/10/23,Minnow,1387-P
05/10/23,Fukui,102-Y
05/10/23,Minnow,73-P
05/10/23,Fukui,1139-Y
05/10/23,Minnow,74-P
05/10/23,Fukui,1108-Y
05/10/23,Minnow,1367-P
05/10/23,Fukui,1132-B
05/10/23,Minnow,138-P
05/10/23,Fukui,3158-P
05/10/23,Minnow,1366-P
05/10/23,Fukui,127-Y
05/10/23,Minnow,64-P
05/10/23,Fukui,23-P
05/10/23,Minnow,188-P
05/10/23,Fukui,1139-B
05/11/23,Minnow,1378-P
05/11/23,Fukui,116-Y
05/11/23,Minnow,678-P
05/11/23,Fukui,1198-Y
05/11/23,Minnow,684-P
05/11/23,Fukui,1129-B
05/11/23,Minnow,180-P
05/11/23,Fukui,21-P
05/11/23,Minnow,189-P
05/11/23,Fukui,1141-B
05/11/23,Minnow,662-P
05/11/23,Fukui,172-Y
05/11/23,Minnow,658-P
05/11/23,Fukui,1126-B
05/11/23,Minnow,1387-P
05/11/23,Fukui,102-Y
05/11/23,Minnow,73-P
05/11/23,Fukui,1139-Y
05/11/23,Minnow,74-P
05/11/23,Fukui,1108-Y
05/11/23,Minnow,1367-P
05/11/23,Fukui,1132-B
05/11/23,Minnow,138-P
05/11/23,Fukui,3158-P
05/11/23,Minnow,1366-P
05/11/23,Fukui,127-Y
05/11/23,Minnow,64-P
05/11/23,Fukui,23-P
05/11/23,Minnow,188-P
05/11/23,Fukui,1139-B
05/09/23,Shrimp,2486
05/09/23,Shrimp,2457
05/10/23,Shrimp,2486
05/10/23,Shrimp,2457
05/11/23,Shrimp,2486
05/11/23,Shrimp,2457
05/09/23,Minnow,564-P
05/09/23,Fukui,1387-G
05/09/23,Minnow,166-P
05/09/23,Fukui,3194-P
05/09/23,Minnow,663-P
05/09/23,Fukui,3078-P
05/09/23,Minnow,160-Y
05/09/23,Fukui,1374-P
05/09/23,Minnow,1398-P
05/09/23,Fukui,1398
05/09/23,Minnow,585-P
05/09/23,Fukui,3088-P
05/09/23,Minnow,85-P
05/09/23,Fukui,1393
05/09/23,Minnow,175-P
05/09/23,Fukui,3114-P
05/09/23,Minnow,130-P
05/09/23,Fukui,505
05/09/23,Minnow,1396-P
05/09/23,Fukui,3173-P
05/09/23,Minnow,692-P
05/09/23,Fukui,20-P
05/09/23,Minnow,155-P
05/09/23,Fukui,1179-Y
05/09/23,Minnow,626-P
05/09/23,Fukui,5811-P
05/09/23,Minnow,1381-P
05/09/23,Fukui,3079-P
05/09/23,Minnow,682-P
05/09/23,Fukui,117-Y
05/09/23,Minnow,668-P
05/09/23,Fukui,1167-Y
05/09/23,Minnow,177-P
05/09/23,Fukui,1121-B
05/09/23,Minnow,146-P
05/09/23,Fukui,1135-B
05/09/23,Minnow,630-P
05/09/23,Fukui,62-P
05/09/23,Minnow,674-P
05/09/23,Fukui,1174-Y
05/09/23,Minnow,643-P
05/09/23,Fukui,120-Y
05/09/23,Minnow,128-P
05/09/23,Fukui,3161-P
05/09/23,Minnow,1382-P
05/09/23,Fukui,1169-R
05/09/23,Minnow,30-P
05/09/23,Fukui,128-Y
05/10/23,Minnow,1396-P
05/10/23,Fukui,3173-P
05/10/23,Minnow,692-P
05/10/23,Fukui,20-P
05/10/23,Minnow,155-P
05/10/23,Fukui,1179-Y
05/10/23,Minnow,626-P
05/10/23,Fukui,5811-P
05/10/23,Minnow,1381-P
05/10/23,Fukui,3079-P
05/10/23,Minnow,682-P
05/10/23,Fukui,117-Y
05/10/23,Minnow,668-P
05/10/23,Fukui,1167-Y
05/10/23,Minnow,177-P
05/10/23,Fukui,1121-B
05/10/23,Minnow,146-P
05/10/23,Fukui,1135-B
05/10/23,Minnow,630-P
05/10/23,Fukui,62-P
05/10/23,Minnow,674-P
05/10/23,Fukui,1174-Y
05/10/23,Minnow,643-P
05/10/23,Fukui,120-Y
05/10/23,Minnow,128-P
05/11/23,Fukui,3161-P
05/11/23,Minnow,1382-P
05/11/23,Fukui,1169-R
05/11/23,Minnow,30-P
05/11/23,Fukui,128-Y
05/11/23,Minnow,1396-P
05/11/23,Fukui,3173-P
05/11/23,Minnow,692-P
05/11/23,Fukui,20-P
05/11/23,Minnow,155-P
05/11/23,Fukui,1179-Y
05/11/23,Minnow,626-P
05/11/23,Fukui,5811-P
05/11/23,Minnow,1381-P
05/11/23,Fukui,3079-P
05/11/23,Minnow,682-P
05/11/23,Fukui,117-Y
05/11/23,Minnow,668-P
05/11/23,Fukui,1167-Y
05/11/23,Minnow,177-P
05/11/23,Fukui,1121-B
05/11/23,Minnow,146-P
05/11/23,Fukui,1135-B
05/11/23,Minnow,630-P
05/11/23,Fukui,62-P
05/11/23,Minnow,674-P
05/11/23,Fukui,1174-Y
05/11/23,Minnow,643-P
05/11/23,Fukui,120-Y
05/11/23,Minnow,128-P
05/11/23,Fukui,3161-P
05/11/23,Minnow,1382-P
05/11/23,Fukui,1169-R
05/11/23,Minnow,30-P
05/11/23,Fukui,128-Y
05/09/23,Shrimp,2487
05/09/23,Shrimp,2468
05/10/23,Shrimp,2487
05/10/23,Shrimp,2468
05/10/23,Shrimp,821
05/10/23,Shrimp,1828
05/11/23,Shrimp,2487
05/11/23,Shrimp,2468
05/11/23,Shrimp,821
05/11/23,Shrimp,1828
05/12/23,Shrimp,2487
05/12/23,Shrimp,2468
05/12/23,Shrimp,821
05/12/23,Shrimp,1828
05/12/23,Shrimp,2457
05/12/23,Shrimp,2486
05/10/23,Minnow,65-P
05/10/23,Fukui,3157-P
05/10/23,Minnow,150-P
05/10/23,Fukui,3172-P
05/10/23,Minnow,670-P
05/10/23,Fukui,111-Y
05/10/23,Minnow,691-P
05/10/23,Fukui,609-P
05/10/23,Fukui,1197-Y
05/10/23,Minnow,70-P
05/10/23,Fukui,1144-B
05/10/23,Minnow,170-P
05/10/23,Fukui,1128-B
05/10/23,Minnow,132-P
05/10/23,Fukui,603-P
05/10/23,Minnow,185-P
05/10/23,Minnow,1383-P
05/10/23,Fukui,3153-P
05/10/23,Minnow,145-P
05/10/23,Fukui,1189-Y
05/10/23,Minnow,163-P
05/10/23,Fukui,3151-P
05/10/23,Fukui,174-P
05/10/23,Minnow,1386
05/10/23,Minnow,907
05/10/23,Fukui,1390-P
05/10/23,Fukui,29-P
05/10/23,Minnow,1122-B
05/10/23,Minnow,992
05/10/23,Fukui,169-P
05/11/23,Minnow,65-P
05/11/23,Fukui,3157-P
05/11/23,Minnow,150-P
05/11/23,Fukui,3172-P
05/11/23,Minnow,670-P
05/11/23,Fukui,111-Y
05/11/23,Minnow,691-P
05/11/23,Fukui,609-P
05/11/23,Fukui,1197-Y
05/11/23,Minnow,70-P
05/11/23,Fukui,1144-B
05/11/23,Minnow,170-P
05/11/23,Fukui,1128-B
05/11/23,Minnow,132-P
05/11/23,Fukui,603-P
05/11/23,Minnow,185-P
05/11/23,Minnow,1383-P
05/11/23,Fukui,3153-P
05/11/23,Minnow,145-P
05/11/23,Fukui,1189-Y
05/11/23,Minnow,163-P
05/11/23,Fukui,3151-P
05/11/23,Fukui,174-P
05/11/23,Minnow,1386
05/11/23,Minnow,907
05/11/23,Fukui,1390-P
05/11/23,Fukui,29-P
05/11/23,Minnow,1122-B
05/11/23,Minnow,992
05/11/23,Fukui,169-P
05/12/23,Minnow,65-P
05/12/23,Fukui,3157-P
05/12/23,Minnow,150-P
05/12/23,Fukui,3172-P
05/12/23,Minnow,670
05/12/23,Fukui,111-Y
05/12/23,Minnow,691-P
05/12/23,Fukui,609-P
05/12/23,Fukui,1197-Y
05/12/23,Minnow,70-P
05/12/23,Fukui,1144-B
05/12/23,Minnow,170-P
05/12/23,Fukui,1128-B
05/12/23,Minnow,132-P
05/12/23,Fukui,603-P
05/12/23,Minnow,185-P
05/12/23,Minnow,1383-P
05/12/23,Fukui,3153-P
05/12/23,Minnow,145-P
05/12/23,Fukui,1189-Y
05/12/23,Minnow,163
05/12/23,Fukui,3151-P
05/12/23,Fukui,174-P
05/12/23,Minnow,1386
05/12/23,Minnow,907
05/12/23,Fukui,1390-P
05/12/23,Fukui,29-P
05/12/23,Minnow,1122-B
05/12/23,Minnow,992
05/12/23,Fukui,169-P
05/10/23,Shrimp,2076
05/10/23,Shrimp,2484
05/11/23,Shrimp,2076
05/11/23,Shrimp,2484
05/12/23,Shrimp,2076
05/12/23,Shrimp,2484
05/09/23,Minnow,131-P
05/09/23,Fukui,1173-Y
05/09/23,Minnow,632-P
05/09/23,Fukui,1176-Y
05/09/23,Minnow,36-P
05/09/23,Fukui,638-P
05/09/23,Minnow,3192-P
05/09/23,Fukui,1396
05/09/23,Minnow,309-P
05/09/23,Fukui,3103-P
05/09/23,Minnow,3085-P
05/09/23,Fukui,4139-P
05/09/23,Minnow,1368-P
05/09/23,Fukui,1198-R
05/09/23,Minnow,192-P
05/09/23,Fukui,3190-P
05/09/23,Minnow,158-P
05/09/23,Fukui,1187-R
05/19/23,Shrimp,2468
05/19/23,Shrimp,821
05/18/23,Fukui,3151-P
05/18/23,Minnow,170-P
05/18/23,Fukui,3172
05/18/23,Minnow,163
05/18/23,Minnow,132-P
05/18/23,Fukui,3149-P
05/18/23,Minnow,145-P
05/18/23,Fukui,1189-R
05/18/23,Fukui,3153-P
05/18/23,Minnow,1383-P
05/18/23,Shrimp,2076
05/19/23,Fukui,3151-P
05/19/23,Minnow,170-P
05/19/23,Fukui,3172
05/19/23,Minnow,163
05/19/23,Minnow,132-P
05/19/23,Fukui,3149-P
05/19/23,Minnow,145-P
05/19/23,Fukui,1189-R
05/19/23,Fukui,3153-P
05/19/23,Minnow,1383-P
05/19/23,Shrimp,2076
05/18/23,Minnow,1387-P
05/18/23,Fukui,1398
05/18/23,Minnow,174-R
05/18/23,Fukui,1387-G
05/18/23,Minnow,1378-P
05/18/23,Fukui,3157-P
05/18/23,Minnow,70-P
05/18/23,Fukui,3114-P
05/18/23,Minnow,643-P
05/18/23,Fukui,505
05/18/23,Shrimp,2487
05/18/23,Shrimp,2457
05/19/23,Minnow,1387-P
05/19/23,Fukui,1398
05/19/23,Minnow,174-R
05/19/23,Fukui,1387-G
05/19/23,Minnow,1378-P
05/19/23,Fukui,3157-P
05/19/23,Minnow,70-P
05/19/23,Fukui,3114-P
05/19/23,Minnow,643-P
05/19/23,Fukui,505
05/19/23,Shrimp,2487
05/19/23,Shrimp,2457
05/23/23,Minnow,163-P
05/23/23,Fukui,117-Y
05/23/23,Minnow,132-P
05/23/23,Fukui,1144-B
05/23/23,Minnow,678-P
05/23/23,Fukui,609-P
05/23/23,Minnow,3085-P
05/23/23,Fukui,111-Y
05/23/23,Minnow,145-P
05/23/23,Fukui,172-Y
05/23/23,Minnow,668-P
05/23/23,Fukui,638-P
05/23/23,Minnow,643-P
05/23/23,Fukui,1197-Y
05/23/23,Minnow,1387-P
05/23/23,Fukui,571-P
05/23/23,Minnow,130-P
05/23/23,Fukui,1122-B
05/23/23,Minnow,146-P
05/23/23,Fukui,1128-B
05/23/23,Minnow,1378-P
05/23/23,Fukui,1139-Y
05/23/23,Minnow,174-P
05/23/23,Fukui,1176-Y
05/23/23,Minnow,70-P
05/23/23,Fukui,1126-B
05/23/23,Minnow,1383-P
05/23/23,Fukui,603-P
05/23/23,Minnow,170-P
05/23/23,Fukui,127-Y
05/24/23,Minnow,163-P
05/24/23,Fukui,117-Y
05/24/23,Minnow,132-P
05/24/23,Fukui,1144-B
05/24/23,Minnow,678-P
05/24/23,Fukui,609-P
05/24/23,Minnow,3085-P
05/24/23,Fukui,111-Y
05/24/23,Minnow,145-P
05/24/23,Fukui,172-Y
05/24/23,Minnow,668-P
05/24/23,Fukui,638-P
05/24/23,Minnow,643-P
05/24/23,Fukui,1197-Y
05/24/23,Minnow,1387-P
05/24/23,Fukui,571-P
05/24/23,Minnow,130-P
05/24/23,Fukui,1122-B
05/24/23,Minnow,146-P
05/24/23,Fukui,1128-B
05/24/23,Minnow,1378-P
05/24/23,Fukui,1139-Y
05/24/23,Minnow,174-P
05/24/23,Fukui,1176-Y
05/24/23,Minnow,70-P
05/24/23,Fukui,1126-B
05/24/23,Minnow,1383-P
05/24/23,Fukui,603-P
05/24/23,Minnow,170-P
05/24/23,Fukui,127-Y
05/25/23,Minnow,163-P
05/25/23,Fukui,117-Y
05/25/23,Minnow,132-P
05/25/23,Fukui,1144-B
05/25/23,Minnow,678-P
05/25/23,Fukui,609-P
05/25/23,Minnow,3085-P
05/25/23,Fukui,111-Y
05/25/23,Minnow,145-P
05/25/23,Fukui,172-Y
05/25/23,Minnow,668-P
05/25/23,Fukui,638-P
05/25/23,Minnow,643-P
05/25/23,Fukui,1197-Y
05/25/23,Minnow,1387-P
05/25/23,Fukui,571-P
05/25/23,Minnow,130-P
05/25/23,Fukui,1122-B
05/25/23,Minnow,146-P
05/25/23,Fukui,1128-B
05/25/23,Minnow,1378-P
05/25/23,Fukui,1139-Y
05/25/23,Minnow,174-P
05/25/23,Fukui,1176-Y
05/25/23,Minnow,70-P
05/25/23,Fukui,1126-B
05/25/23,Minnow,1383-P
05/25/23,Fukui,603-P
05/25/23,Minnow,170-P
05/25/23,Fukui,127-Y
05/23/23,Shrimp,2457
05/23/23,Shrimp,2484
05/24/23,Shrimp,2457
05/24/23,Shrimp,2484
05/24/23,Shrimp,1758
05/24/23,Shrimp,1886
05/24/23,Shrimp,1828
05/24/23,Shrimp,2076
05/25/23,Shrimp,2457
05/25/23,Shrimp,2484
05/25/23,Shrimp,1758
05/25/23,Shrimp,1886
05/25/23,Shrimp,1828
05/25/23,Shrimp,2076
05/25/23,Minnow,682-P
05/25/23,Fukui,3153-P
05/25/23,Minnow,128-P
05/25/23,Fukui,3151-P
05/25/23,Minnow,189-P
05/25/23,Fukui,3158-P
05/25/23,Minnow,177-P
05/25/23,Fukui,3103-P
05/25/23,Fukui,3149-P
05/25/23,Minnow,175-P
05/25/23,Fukui,1387-G
05/25/23,Minnow,1396-P
05/25/23,Fukui,3172-P
05/25/23,Minnow,658-P
05/25/23,Minnow,188-P
05/25/23,Fukui,1398-G
05/25/23,Minnow,684-P
05/25/23,Fukui,3078-P
05/25/23,Minnow,1394-P
05/25/23,Fukui,1198-Y
05/25/23,Fukui,674-P
05/25/23,Minnow,3157-P
05/25/23,Minnow,3088-P
05/25/23,Fukui,1366-P
05/25/23,Fukui,180-P
05/25/23,Minnow,3190-P
05/25/23,Minnow,1187-R
05/25/23,Fukui,73-P
05/25/23,Minnow,1382-P
05/25/23,Fukui,3114-P
05/26/23,Minnow,682-P
05/26/23,Fukui,3153-P
05/26/23,Minnow,128-P
05/26/23,Fukui,3151-P
05/26/23,Minnow,189-P
05/26/23,Fukui,3158-P
05/26/23,Minnow,177-P
05/26/23,Fukui,3103-P
05/26/23,Fukui,3149-P
05/26/23,Minnow,175-P
05/26/23,Fukui,1387-G
05/26/23,Minnow,1396-P
05/26/23,Fukui,3172-P
05/26/23,Minnow,658-P
05/26/23,Minnow,188-P
05/26/23,Fukui,1398-G
05/26/23,Minnow,684-P
05/26/23,Fukui,3078-P
05/26/23,Minnow,1394-P
05/26/23,Fukui,1198-Y
05/26/23,Fukui,674-P
05/26/23,Minnow,3157-P
05/26/23,Minnow,3088-P
05/26/23,Fukui,1366-P
05/26/23,Fukui,180-P
05/26/23,Minnow,3190-P
05/26/23,Minnow,1187-R
05/26/23,Fukui,73-P
05/26/23,Minnow,1382-P
05/26/23,Fukui,3114-P
05/25/23,Shrimp,2432
05/25/23,Shrimp,No tag
05/26/23,Shrimp,2432
05/23/23,Minnow,626-P
05/23/23,Fukui,1173-Y
05/23/23,Minnow,692-P
05/23/23,Fukui,1200-Y
05/23/23,Minnow,192-P
05/23/23,Fukui,62-P
05/23/23,Minnow,158-P
05/23/23,Fukui,21-P
05/23/23,Minnow,630-P
05/23/23,Fukui,1132-B
05/24/23,Minnow,626-P
05/24/23,Fukui,1173-Y
05/24/23,Minnow,692-P
05/24/23,Fukui,1200-Y
05/24/23,Minnow,192-P
05/24/23,Fukui,62-P
05/24/23,Minnow,158-P
05/24/23,Fukui,21-P
05/24/23,Minnow,630-P
05/24/23,Fukui,1132-B
05/23/23,Shrimp,2466
05/23/23,Shrimp,2468
05/23/23,Shrimp,2450
05/23/23,Shrimp,2486
05/24/23,Shrimp,2466
05/24/23,Shrimp,2468
05/24/23,Shrimp,2450
05/24/23,Shrimp,2486
05/25/23,Shrimp,2468
05/25/23,Shrimp,2450
05/25/23,Shrimp,2486
05/25/23,Shrimp,2466
05/23/23,Shrimp,821
05/23/23,Shrimp,2487
05/23/23,Shrimp,2321
05/24/23,Shrimp,861
05/24/23,Shrimp,2321
05/25/23,Minnow,670-P
05/25/23,Fukui,505
05/25/23,Minnow,29-P
05/25/23,Fukui,3079-P
05/25/23,Minnow,74-P
05/25/23,Fukui,1189-R
05/25/23,Minnow,663-P
05/25/23,Fukui,23-P
05/25/23,Minnow,85-P
05/25/23,Fukui,3194
05/25/23,Minnow,585-P
05/25/23,Fukui,1167-Y
05/25/23,Minnow,150-P
05/25/23,Shrimp,2458
05/25/23,Minnow,691-P
05/25/23,Minnow,564-P
05/25/23,Fukui,1393
05/25/23,Minnow,65-P
05/25/23,Fukui,1396
05/25/23,Fukui,102-P
05/25/23,Shrimp,2455
05/25/23,Fukui,1374
05/26/23,Minnow,670-P
05/26/23,Fukui,505
05/26/23,Minnow,29-P
05/26/23,Fukui,3079-P
05/26/23,Minnow,74-P
05/26/23,Fukui,1189-R
05/26/23,Minnow,663-P
05/26/23,Fukui,23-P
05/26/23,Minnow,85-P
05/26/23,Fukui,3194
05/26/23,Minnow,585-P
05/26/23,Fukui,1167-Y
05/26/23,Minnow,150-P
05/26/23,Shrimp,2458
05/26/23,Minnow,691-P
05/26/23,Minnow,564-P
05/26/23,Fukui,1393
05/26/23,Minnow,65-P
05/26/23,Fukui,1396
05/26/23,Fukui,102-P
05/26/23,Shrimp,2455
05/26/23,Fukui,1374
06/06/23,Shrimp,2450
06/06/23,Shrimp,1758
06/06/23,Shrimp,2484
06/06/23,Shrimp,2468
06/07/23,Shrimp,2450
06/07/23,Shrimp,1758
06/07/23,Shrimp,2484
06/07/23,Shrimp,2468
06/06/23,Shrimp,2076
06/06/23,Shrimp,1828
06/06/23,Shrimp,821
06/06/23,Shrimp,2457
06/07/23,Shrimp,2076
06/07/23,Shrimp,1828
06/07/23,Shrimp,821
06/07/23,Shrimp,2457
06/06/23,Shrimp,1886
06/06/23,Shrimp,2458
06/06/23,Shrimp,2432
06/06/23,Shrimp,2455
06/06/23,Shrimp,2487
06/07/23,Shrimp,1886
06/07/23,Shrimp,2432
06/07/23,Shrimp,2458
06/07/23,Shrimp,2455
06/07/23,Shrimp,2487
06/21/23,Minnow,160-Y
06/21/23,Fukui,111-Y
06/21/23,Minnow,174-P
06/21/23,Fukui,1128-B
06/21/23,Minnow,146-P
06/21/23,Fukui,3172-P
06/21/23,Minnow,1390-P
06/21/23,Fukui,1187-Y
06/21/23,Minnow,3192-P
06/21/23,Fukui,3079-P
06/21/23,Minnow,166-P
06/21/23,Fukui,1139-Y
06/21/23,Minnow,163-P
06/21/23,Fukui,3157
06/21/23,Minnow,662-P
06/21/23,Fukui,1144-B
06/21/23,Minnow,180-P
06/21/23,Fukui,3151-P
06/21/23,Minnow,70-P
06/21/23,Fukui,1126-B
06/21/23,Minnow,643-P
06/21/23,Fukui,3114-P
06/21/23,Minnow,155-P
06/21/23,Fukui,127-Y
06/21/23,Minnow,183-P
06/21/23,Fukui,1173-Y
06/21/23,Minnow,64-P
06/21/23,Fukui,505
06/21/23,Minnow,3090-P
06/21/23,Fukui,609-P
06/22/23,Minnow,160-Y
06/22/23,Fukui,111-Y
06/22/23,Minnow,174-P
06/22/23,Fukui,1128-B
06/22/23,Minnow,146-P
06/22/23,Fukui,3172-P
06/22/23,Minnow,1390-P
06/22/23,Fukui,1187-Y
06/22/23,Minnow,3192-P
06/22/23,Fukui,3079-P
06/22/23,Minnow,166-P
06/22/23,Fukui,1139-Y
06/22/23,Minnow,163-P
06/22/23,Fukui,3157
06/22/23,Minnow,662-P
06/22/23,Fukui,1144-B
06/22/23,Minnow,180-P
06/22/23,Fukui,3151-P
06/22/23,Minnow,70-P
06/22/23,Fukui,1126-B
06/22/23,Minnow,643-P
06/22/23,Fukui,3114-P
06/22/23,Minnow,155-P
06/22/23,Fukui,127-Y
06/22/23,Minnow,183-P
06/22/23,Fukui,1173-Y
06/22/23,Minnow,64-P
06/22/23,Fukui,505
06/22/23,Minnow,3090-P
06/22/23,Fukui,609-P
06/22/23,Shrimp,821
06/22/23,Shrimp,2468
06/22/23,Shrimp,2457
06/22/23,Shrimp,1828
06/23/23,Shrimp,821
06/23/23,Shrimp,2468
06/23/23,Shrimp,2457
06/23/23,Shrimp,1828
06/21/23,Minnow,145-P
06/21/23,Fukui,1374-P
06/21/23,Minnow,175-P
06/21/23,Fukui,1189-Y
06/21/23,Minnow,663-P
06/21/23,Fukui,1393-G
06/21/23,Minnow,1383-P
06/21/23,Fukui,3078-P
06/21/23,Fukui,1198-Y
06/21/23,Minnow,1398-P
06/21/23,Fukui,1398-G
06/21/23,Minnow,564-P
06/21/23,Fukui,3158-P
06/21/23,Minnow,668-P
06/21/23,Minnow,1378-P
06/21/23,Fukui,102-Y
06/21/23,Minnow,170-P
06/21/23,Fukui,3194-P
06/21/23,Minnow,1368-P
06/21/23,Fukui,3153-P
06/21/23,Fukui,678-P
06/21/23,Minnow,3149-P
06/21/23,Minnow,3190-P
06/21/23,Fukui,130-P
06/21/23,Fukui,132-P
06/21/23,Minnow,3088-P
06/21/23,Minnow,1396-G
06/21/23,Fukui,1387-P
06/21/23,Minnow,74-P
06/21/23,Fukui,3103-P
06/22/23,Minnow,145-P
06/22/23,Fukui,1374-P
06/22/23,Minnow,175-P
06/22/23,Fukui,1189-Y
06/22/23,Minnow,663-P
06/22/23,Fukui,1393-G
06/22/23,Minnow,1383-P
06/22/23,Fukui,3078-P
06/22/23,Fukui,1198-Y
06/22/23,Minnow,1398-P
06/22/23,Fukui,1398-G
06/22/23,Minnow,564-P
06/22/23,Fukui,3158-P
06/22/23,Minnow,668-P
06/22/23,Minnow,1378-P
06/22/23,Fukui,102-Y
06/22/23,Minnow,170-P
06/22/23,Fukui,3194-P
06/22/23,Minnow,1368-P
06/22/23,Fukui,3153-P
06/22/23,Fukui,678-P
06/22/23,Minnow,3149-P
06/22/23,Minnow,3190-P
06/22/23,Fukui,130-P
06/22/23,Fukui,132-P
06/22/23,Minnow,3088-P
06/22/23,Minnow,1396-G
06/22/23,Fukui,1387-P
06/22/23,Minnow,74-P
06/22/23,Fukui,3103-P
06/22/23,Shrimp,2455
06/22/23,Shrimp,2466
06/22/23,Shrimp,2076
06/22/23,Shrimp,2486
06/23/23,Shrimp,2455
06/23/23,Shrimp,2466
06/23/23,Shrimp,2076
06/23/23,Shrimp,2486
06/21/23,Shrimp,2458
06/21/23,Shrimp,2484
06/21/23,Shrimp,1758
06/21/23,Shrimp,2487
06/22/23,Shrimp,2458
06/22/23,Shrimp,2484
06/22/23,Shrimp,1758
06/22/23,Shrimp,2487
06/23/23,Shrimp,2458
06/23/23,Shrimp,2484
06/23/23,Shrimp,1758
06/23/23,Shrimp,2487
07/06/23,Minnow,674p
07/06/23,Shrimp,1758g
07/06/23,Fukui,3114p
07/06/23,Minnow,585p
07/06/23,Fukui,3088p
07/06/23,Minnow,65p
07/06/23,Fukui,1396g
07/06/23,Shrimp,2458g
07/06/23,Fukui,505g
07/06/23,Minnow,682p
07/06/23,Fukui,3194p
07/06/23,Minnow,684p
07/06/23,Fukui,1398g
07/06/23,Minnow,128p
07/06/23,Fukui,1189r
07/06/23,Minnow,85p
07/06/23,Minnow,3085p
07/06/23,Fukui,3151p
07/06/23,Minnow,150p
07/06/23,Fukui,3103p
07/06/23,Minnow,1367p
07/06/23,Fukui,3190p
07/06/23,Minnow,1366p
07/06/23,Fukui,3149p
07/06/23,Fukui,3172p
07/06/23,Minnow,1394p
07/06/23,Fukui,3157p
07/06/23,Minnow,658p
07/06/23,Fukui,3079p
07/06/23,Minnow,691p
07/06/23,Fukui,1187 R
07/06/23,Minnow,189P
07/06/23,Fukui,111y
07/06/23,Minnow,1390p
07/06/23,Fukui,23p
07/06/23,Minnow,29p
07/06/23,Fukui,127y
07/06/23,Minnow,309p
07/06/23,Fukui,638p
07/06/23,Minnow,146p
07/06/23,Fukui,1139y
07/06/23,Minnow,183p
07/06/23,Fukui,102y
07/06/23,Minnow,138p
07/06/23,Fukui,62p
07/06/23,Minnow,632p
07/06/23,Fukui,1139b
07/06/23,Minnow,64p
07/06/23,Fukui,1128b
07/06/23,Minnow,180p
07/06/23,Fukui,1176y
07/06/23,Minnow,160y
07/06/23,Fukui,1173y
07/06/23,Minnow,174p
07/06/23,Shrimp,2076
07/06/23,Fukui,1167y
07/06/23,Shrimp,2486
07/06/23,Minnow,155p
07/06/23,Fukui,172y
07/06/23,Minnow,1381p
07/06/23,Fukui,1144y
07/06/23,Fukui,1197y
07/07/23,Minnow,674p
07/07/23,Shrimp,1758g
07/07/23,Fukui,3088p
07/07/23,Fukui,3114p
07/07/23,Fukui,1396g
07/07/23,Minnow,585p
07/07/23,Minnow,682p
07/07/23,Minnow,65p
07/07/23,Minnow,684p
07/07/23,Fukui,505g
07/07/23,Minnow,128p
07/07/23,Fukui,3194p
07/07/23,Minnow,85p
07/07/23,Fukui,1398g
07/07/23,Minnow,3085p
07/07/23,Fukui,1189r
07/07/23,Fukui,3151p
07/07/23,Fukui,3103p
07/07/23,Minnow,150p
07/07/23,Minnow,1366p
07/07/23,Minnow,1367p
07/07/23,Minnow,1394p
07/07/23,Fukui,3190p
07/07/23,Minnow,658p
07/07/23,Fukui,3149p
07/07/23,Minnow,691p
07/07/23,Fukui,3172p
07/07/23,Fukui,3157p
07/07/23,Minnow,189P
07/07/23,Fukui,3079p
07/07/23,Fukui,1187 R
07/07/23,Shrimp,2458g
07/07/23,Fukui,1173y
07/07/23,Minnow,174p
07/07/23,Shrimp,2076
07/07/23,Fukui,1167y
07/07/23,Shrimp,2486
07/07/23,Minnow,155p
07/07/23,Fukui,172y
07/07/23,Minnow,1381p
07/07/23,Fukui,1144y
07/07/23,Fukui,1197y
07/06/23,Minnow,3192p
07/07/23,Minnow,3192p
07/07/23,Fukui,609p
07/07/23,Minnow,192p
07/07/23,Fukui,581p
07/07/23,Minnow,630p
07/07/23,Shrimp,821g
07/07/23,Fukui,1200y
07/07/23,Minnow,30p
07/07/23,Fukui,1129b
07/07/23,Minnow,692p
07/07/23,Fukui,21p
07/07/23,Minnow,1396p
07/07/23,Shrimp,2468
07/07/23,Fukui,117y
07/07/23,Minnow,188p
07/06/23,Minnow,670p
07/06/23,Fukui,1126
07/06/23,Minnow,185p
07/06/23,Fukui,1122b
07/06/23,Minnow,1382p
07/06/23,Fukui,1132b
07/06/23,Minnow,177p
07/06/23,Fukui,1192y
07/06/23,Fukui,609p
07/06/23,Minnow,192p
07/06/23,Fukui,581p
07/06/23,Minnow,630p
07/06/23,Shrimp,821g
07/06/23,Fukui,1200y
07/06/23,Minnow,30p
07/06/23,Fukui,1129b
07/06/23,Minnow,692p
07/06/23,Fukui,21p
07/06/23,Minnow,1396p
07/06/23,Shrimp,2468
07/06/23,Fukui,117y
07/07/23,Fukui,111y
07/07/23,Minnow,1390p
07/07/23,Fukui,23p
07/07/23,Minnow,29p
07/07/23,Fukui,127y
07/07/23,Minnow,309p
07/07/23,Fukui,638p
07/07/23,Minnow,146p
07/07/23,Fukui,1139y
07/07/23,Minnow,183p
07/07/23,Fukui,102y
07/07/23,Minnow,138p
07/07/23,Fukui,62p
07/07/23,Minnow,632p
07/07/23,Fukui,1139b
07/07/23,Minnow,64p
07/07/23,Fukui,1128b
07/07/23,Minnow,180p
07/07/23,Fukui,1176y
07/07/23,Minnow,160y
07/06/23,Minnow,73p
07/07/23,Minnow,73p
07/07/23,Minnow,670p
07/07/23,Fukui,1126
07/07/23,Minnow,185p
07/07/23,Fukui,1122b
07/07/23,Minnow,1382p
07/07/23,Fukui,1132b
07/07/23,Minnow,177p
07/07/23,Fukui,1192y
07/07/23,Shrimp,2484
07/07/23,Shrimp,2455
08/01/23,Fukui,3149
08/01/23,Minnow,158p
08/01/23,Minnow,626p
08/01/23,Fukui,3194p
08/01/23,Fukui,1187r
08/01/23,Minnow,181p
08/01/23,Fukui,1398g
08/01/23,Minnow,691p
08/01/23,Fukui,505g
08/01/23,Fukui,3079p
08/01/23,Minnow,630p
08/01/23,Fukui,1396g
08/01/23,Minnow,131p
08/01/23,Fukui,3103p
08/01/23,Minnow,65p
08/01/23,Minnow,3090p
08/01/23,Fukui,3151p
08/01/23,Fukui,1189r
08/01/23,Minnow,189p
08/01/23,Fukui,3190p
08/01/23,Minnow,36p
08/01/23,Fukui,3088p
08/01/23,Minnow,73p
08/01/23,Fukui,3172p
08/01/23,Minnow,1367p
08/01/23,Fukui,3114p
08/01/23,Minnow,174p
08/01/23,Fukui,3157p
08/01/23,Minnow,658p
08/01/23,Minnow,180p
08/01/23,Shrimp,2455
08/01/23,Shrimp,348
08/01/23,Shrimp,552
08/01/23,Shrimp ñ other,1830g
08/01/23,Shrimp,1758
08/01/23,Shrimp,2457
08/01/23,Shrimp,2487
08/01/23,Shrimp,2458g
08/01/23,Shrimp ñ other,2321g
08/01/23,Shrimp,2484g
08/01/23,Fukui,581p
08/01/23,Fukui,1144b
08/01/23,Minnow,177p
08/01/23,Minnow,1381p
08/01/23,Fukui,1128b
08/01/23,Minnow,670p
08/01/23,Fukui,1126b
08/01/23,Shrimp ñ other,2445g
08/01/23,Shrimp ñ other,2432g
08/01/23,Minnow,1396p
08/01/23,Fukui,172y
08/01/23,Minnow,185p
08/01/23,Fukui,102y
08/01/23,Minnow,692p
08/01/23,Fukui,1122b
08/01/23,Fukui,1139y
08/01/23,Minnow,30p
08/01/23,Minnow,1382p
08/01/23,Fukui,1139b
08/01/23,Minnow,1390p
08/01/23,Fukui,1192y
08/01/23,Fukui,1176y
08/01/23,Minnow,1188p
08/01/23,Minnow,3192p
08/01/23,Fukui,609p
08/01/23,Minnow,64p
08/01/23,Fukui,62p
08/01/23,Minnow,155p
08/01/23,Fukui,1167y
08/01/23,Minnow,632p
08/01/23,Fukui,1200y
08/01/23,Minnow,192p
08/02/23,Fukui,3149
08/02/23,Minnow,158p
08/02/23,Minnow,626p
08/02/23,Fukui,3194p
08/02/23,Fukui,1187r
08/02/23,Minnow,181p
08/02/23,Fukui,1398g
08/02/23,Minnow,691p
08/02/23,Fukui,505g
08/02/23,Fukui,3079p
08/02/23,Minnow,630p
08/02/23,Fukui,1396g
08/02/23,Minnow,131p
08/02/23,Fukui,3103p
08/02/23,Minnow,65p
08/02/23,Minnow,3090p
08/02/23,Fukui,3151p
08/02/23,Fukui,1189r
08/02/23,Minnow,189p
08/02/23,Fukui,3190p
08/02/23,Minnow,36p
08/02/23,Fukui,3088p
08/02/23,Minnow,73p
08/02/23,Fukui,3172p
08/02/23,Minnow,1367p
08/02/23,Fukui,3114p
08/02/23,Minnow,174p
08/02/23,Fukui,3157p
08/02/23,Minnow,658p
08/02/23,Minnow,180p
08/02/23,Shrimp ñ other,1828
08/02/23,Shrimp,2466
08/02/23,Shrimp,2455
08/02/23,Shrimp,348
08/02/23,Shrimp ñ other,1830g
08/02/23,Shrimp,552
08/02/23,Shrimp,1758
08/02/23,Shrimp,2457
08/02/23,Shrimp,2487
08/02/23,Shrimp,2458g
08/02/23,Shrimp ñ other,2321g
08/02/23,Shrimp,2484g
08/02/23,Fukui,581p
08/02/23,Fukui,1144b
08/02/23,Minnow,177p
08/02/23,Minnow,1381p
08/02/23,Fukui,1128b
08/02/23,Minnow,670p
08/02/23,Fukui,1126b
08/02/23,Minnow,1396p
08/02/23,Shrimp ñ other,2445g
08/02/23,Shrimp ñ other,2432g
08/02/23,Fukui,172y
08/02/23,Minnow,185p
08/02/23,Fukui,102y
08/02/23,Minnow,692p
08/02/23,Fukui,1122b
08/02/23,Fukui,1139y
08/02/23,Minnow,30p
08/02/23,Minnow,1382p
08/02/23,Fukui,1139b
08/02/23,Minnow,1390p
08/02/23,Fukui,1192y
08/02/23,Fukui,1176y
08/02/23,Minnow,1188p
08/02/23,Minnow,3192p
08/02/23,Fukui,609p
08/02/23,Minnow,64p
08/02/23,Fukui,62p
08/02/23,Minnow,155p
08/02/23,Fukui,1167y
08/02/23,Minnow,632p
08/02/23,Fukui,1200y
08/02/23,Minnow,192p
08/03/23,Shrimp ñ other,1828
08/03/23,Shrimp,2466
08/03/23,Minnow,1387p
08/03/23,Minnow,183p
08/03/23,Fukui,1374p
08/03/23,Minnow,1383p
08/03/23,Fukui,21p
08/03/23,Minnow,146p
08/03/23,Fukui,3153
08/03/23,Minnow,1368p
08/03/23,Fukui,3161p
08/03/23,Minnow,160y
08/03/23,Minnow,138p
08/03/23,Shrimp,2458g
08/03/23,Shrimp ñ other,2321g
08/03/23,Shrimp,2484g
08/03/23,Fukui,1169r
08/03/23,Fukui,3158p
08/03/23,Minnow,170p
08/03/23,Fukui,1387g
08/03/23,Minnow,564p
08/03/23,Fukui,117y
08/03/23,Minnow,130p
08/03/23,Minnow,175p
08/03/23,Fukui,1393
08/03/23,Shrimp,1758
08/03/23,Shrimp,2457
08/03/23,Shrimp,2487
08/03/23,Fukui,3173p
08/03/23,Fukui,547
08/03/23,Minnow,1378p
08/03/23,Fukui,3078p
08/03/23,Minnow,29p
08/03/23,Minnow,678p
08/03/23,Fukui,1198r
08/03/23,Minnow,132p
08/03/23,Fukui,1386g
08/03/23,Fukui,581p
08/03/23,Fukui,1144b
08/03/23,Minnow,177p
08/03/23,Minnow,1381p
08/03/23,Fukui,1128b
08/03/23,Minnow,670p
08/03/23,Fukui,1126b
08/03/23,Fukui,102y
08/03/23,Minnow,692p
08/03/23,Fukui,1122b
08/03/23,Fukui,1139y
08/03/23,Minnow,30p
08/03/23,Minnow,1382p
08/03/23,Fukui,1139b
08/03/23,Minnow,1390p
08/03/23,Fukui,1192y
08/03/23,Fukui,1176y
08/03/23,Minnow,1188p
08/03/23,Minnow,3192p
08/03/23,Fukui,609p
08/03/23,Minnow,64p
08/03/23,Fukui,62p
08/03/23,Minnow,155p
08/03/23,Fukui,1167y
08/03/23,Minnow,632p
08/03/23,Fukui,1200y
08/03/23,Minnow,192p
08/03/23,Minnow,1396p
08/03/23,Shrimp ñ other,2445g
08/03/23,Shrimp ñ other,2432g
08/03/23,Fukui,172y
08/03/23,Minnow,185p
08/04/23,Shrimp,1758
08/04/23,Shrimp,2457
08/04/23,Shrimp,2487
08/04/23,Minnow,1378p
08/04/23,Fukui,1198r
08/04/23,Shrimp,2466
08/04/23,Shrimp ñ other,1828
08/04/23,Shrimp,2455
08/04/23,Shrimp,552
08/04/23,Fukui,1393
08/04/23,Minnow,1387p
08/04/23,Fukui,547
08/04/23,Fukui,3078p
08/04/23,Minnow,29p
08/04/23,Fukui,1386g
08/04/23,Minnow,678p
08/04/23,Minnow,132p
08/04/23,Minnow,183p
08/04/23,Shrimp,2484g
08/04/23,Shrimp,2458g
08/04/23,Shrimp ñ other,2321g
08/04/23,Fukui,1374p
08/04/23,Minnow,1383p
08/04/23,Fukui,21p
08/04/23,Minnow,146p
08/04/23,Fukui,3153
08/04/23,Minnow,1368p
08/04/23,Fukui,3161p
08/04/23,Minnow,160y
08/04/23,Fukui,1169r
08/04/23,Minnow,138p
08/04/23,Fukui,3158p
08/04/23,Minnow,170p
08/04/23,Fukui,1387g
08/04/23,Minnow,564p
08/04/23,Fukui,117y
08/04/23,Minnow,130p
08/04/23,Fukui,3173p
08/04/23,Minnow,175p
08/04/23,Shrimp ñ other,2445g
08/04/23,Shrimp ñ other,2432g
07/06/23,Minnow,188p
08/29/23,Shrimp,552
08/29/23,Shrimp,2487
08/29/23,Minnow,158p
08/29/23,Fukui,117y
08/29/23,Minnow,3090p
08/29/23,Fukui,21p
08/29/23,Minnow,181p
08/29/23,Fukui,1200y
08/29/23,Minnow,73p
08/29/23,Fukui,1187r
08/29/23,Minnow,691p
08/29/23,Minnow,684p
08/29/23,Fukui,1122b
08/29/23,Fukui,3151p
08/29/23,Minnow,1394p
08/29/23,Fukui,3088p
08/29/23,Minnow,1367p
08/29/23,Fukui,3190p
08/29/23,Minnow,131p
08/29/23,Fukui,3157p
08/29/23,Minnow,85P
08/29/23,Fukui,1396
08/29/23,Minnow,585p
08/29/23,Fukui,3194p
08/29/23,Minnow,674p
08/29/23,Fukui,3149p
08/29/23,Minnow,626p
08/29/23,Fukui,1189r
08/29/23,Minnow,180p
08/29/23,Fukui,3172p
08/29/23,Minnow,65p
08/29/23,Fukui,3114p
08/29/23,Fukui,3103
08/29/23,Minnow,189p
08/29/23,Fukui,1126b
08/29/23,Minnow,36p
08/29/23,Fukui,505
08/29/23,Minnow,188p
08/29/23,Fukui,3173p
08/29/23,Minnow,155p
08/29/23,Fukui,1398
08/29/23,Minnow,630p
08/29/23,Fukui, 3079p
08/29/23,Minnow,174p
08/29/23,Minnow,658p
08/29/23,Fukui,1139y
08/29/23,Minnow,192p
08/29/23,Fukui,1192y
08/29/23,Shrimp,2457
08/29/23,Fukui,1176y
08/29/23,Minnow,692p
08/29/23,Shrimp,1758
08/29/23,Fukui,581p
08/29/23,Minnow,3192p
08/29/23,Minnow,678
08/29/23,Fukui,1169
08/29/23,Minnow,1382
08/29/23,Fukui,1374
08/29/23,Minnow,177P
08/29/23,Fukui,3153P
08/29/23,Minnow,64P
08/29/23,Minnow,30 P
08/29/23,Fukui,1386g
08/29/23,Fukui,3161p
08/29/23,Minnow,1390p
08/29/23,Fukui,547
08/29/23,Minnow,138 p
08/29/23,Fukui,1198r
08/29/23,Minnow,130p
08/29/23,Fukui,3158 p
08/29/23,Minnow,185 p
08/29/23,Fukui,1393
08/29/23,Fukui,1387
08/29/23,Minnow,132P
08/29/23,Minnow,1381p
08/29/23,Minnow,175P
08/29/23,Shrimp,348
08/29/23,Minnow,632P
08/29/23,Shrimp,2466
08/29/23,Minnow,183P
08/29/23,Minnow,1378P
08/29/23,Minnow,1396P
08/29/23,Shrimp,2484
08/29/23,Minnow,1368P
08/29/23,Minnow,670P
08/29/23,Minnow,1383P
08/29/23,Shrimp,2458
08/29/23,Minnow,146P
08/29/23,Minnow,29P
08/29/23,Minnow,169P
08/29/23,Shrimp,2455
08/29/23,Minnow,170P
08/29/23,Minnow,160Y
08/29/23,Minnow,1387P
08/30/23,Shrimp,2457
08/30/23,Fukui,1396
08/30/23,Minnow,585p
08/30/23,Fukui,3194p
08/30/23,Minnow,674p
08/30/23,Fukui,3149p
08/30/23,Minnow,626p
08/30/23,Shrimp,552
08/30/23,Shrimp,2487
08/30/23,Fukui,1189r
08/30/23,Minnow,180p
08/30/23,Fukui,3172p
08/30/23,Minnow,65p
08/30/23,Fukui,3114p
08/30/23,Minnow,158p
08/30/23,Fukui,117y
08/30/23,Minnow,3090p
08/30/23,Fukui,21p
08/30/23,Minnow,181p
08/30/23,Fukui,1200y
08/30/23,Minnow,73p
08/30/23,Fukui,1187r
08/30/23,Minnow,684p
08/30/23,Fukui,3151p
08/30/23,Minnow,1394p
08/30/23,Fukui,3088p
08/30/23,Minnow,1367p
08/30/23,Fukui,3190p
08/30/23,Minnow,131p
08/30/23,Fukui,3157p
08/30/23,Minnow,85P
08/30/23,Minnow,691p
08/30/23,Fukui,1122b
08/30/23,Minnow,3085p
08/30/23,Minnow,643p
08/30/23,Shrimp ñ other,2321
08/30/23,Minnow,163p
08/30/23,Minnow,1366p
08/30/23,Minnow,663p
08/30/23,Minnow,682p
08/30/23,Minnow,150p
08/30/23,Minnow,1398p
08/30/23,Minnow,145p
08/30/23,Minnow,128p
08/30/23,Minnow,70p
08/30/23,Minnow,74p
08/30/23,Shrimp ñ other,1828
08/30/23,Minnow,662p
08/30/23,Minnow,668p
08/30/23,Minnow,166p
08/30/23,Minnow,1390p
08/30/23,Fukui,547
08/30/23,Minnow,138 p
08/30/23,Fukui,1198r
08/30/23,Minnow,130p
08/30/23,Fukui,3158 p
08/30/23,Minnow,185 p
08/30/23,Fukui,1393
08/30/23,Fukui,1387
08/30/23,Minnow,1381p
08/30/23,Shrimp,348
08/30/23,Shrimp,2466
08/30/23,Minnow,132P
08/30/23,Minnow,175P
08/30/23,Minnow,632P
08/30/23,Minnow,183P
08/30/23,Minnow,1378P
08/30/23,Minnow,1396P
08/30/23,Shrimp,2484
08/30/23,Minnow,1368P
08/30/23,Minnow,670P
08/30/23,Minnow,1383P
08/30/23,Minnow,146P
08/30/23,Minnow,29P
08/30/23,Minnow,169P
08/30/23,Shrimp,2455
08/30/23,Minnow,170P
08/30/23,Minnow,160Y
08/30/23,Minnow,1387P
08/30/23,Minnow,30p
08/30/23,Fukui,3153p
08/30/23,Minnow,177p
08/30/23,Minnow,673p
08/30/23,Minnow,1382p
08/30/23,Fukui,1169R
08/30/23,Minnow,64p
08/30/23,Fukui,1374p
08/30/23,Fukui,1386g
08/30/23,Fukui,3161p
08/30/23,Shrimp,2458
08/31/23,Shrimp,552
08/31/23,Shrimp,2487
08/31/23,Fukui,1189r
08/31/23,Fukui,3172p
08/31/23,Minnow,65p
08/31/23,Fukui,3114p
08/31/23,Minnow,158p
08/31/23,Fukui,117y
08/31/23,Minnow,3090p
08/31/23,Fukui,21p
08/31/23,Minnow,181p
08/31/23,Fukui,1200y
08/31/23,Minnow,73p
08/31/23,Fukui,1187r
08/31/23,Minnow,691p
08/31/23,Minnow,684p
08/31/23,Fukui,1122b
08/31/23,Fukui,3151p
08/31/23,Minnow,1394p
08/31/23,Fukui,3088p
08/31/23,Minnow,1367p
08/31/23,Fukui,3190p
08/31/23,Minnow,131p
08/31/23,Fukui,3157p
08/31/23,Minnow,85P
08/31/23,Fukui,1396
08/31/23,Minnow,585p
08/31/23,Fukui,3194p
08/31/23,Minnow,674p
08/31/23,Fukui,3149p
08/31/23,Minnow,626p
08/31/23,Minnow,180p
08/31/23,Minnow,74p
08/31/23,Shrimp ñ other,2321
08/31/23,Minnow,163p
08/31/23,Minnow,1366p
08/31/23,Minnow,663p
08/31/23,Minnow,682p
08/31/23,Minnow,150p
08/31/23,Minnow,1398p
08/31/23,Minnow,145p
08/31/23,Minnow,128p
08/31/23,Minnow,70p
08/31/23,Shrimp ñ other,1828
08/31/23,Minnow,662p
08/31/23,Minnow,668p
08/31/23,Minnow,166p
08/31/23,Minnow,3085p
08/31/23,Minnow,643p
08/31/23,Shrimp,2457
08/31/23,Shrimp,1758
08/31/23,Shrimp,2484
08/31/23,Shrimp,2455
08/31/23,Shrimp,2458
09/01/23,Fukui,I.DC.I5B.3153P
09/01/23,Minnow,I.DC.I5B.1387P
09/01/23,Fukui,I.DC.I5B.3158P
09/01/23,Minnow,I.DC.I5B.632P
09/01/23,Fukui,I.DC.I5B.1386
09/01/23,Minnow,I.DC.I5B.1382P
09/01/23,Fukui,I.DC.M.1169y
09/01/23,Minnow,I.DC.M.30p
09/01/23,Fukui,I.DC.M.1198r
09/01/23,Fukui,I.DC.M.547G
09/01/23,Minnow,I.DC.M.130P
09/01/23,Fukui,1396
09/01/23,Minnow,585p
09/01/23,Fukui,3194p
09/01/23,Minnow,674p
09/01/23,Fukui,3149p
09/01/23,Minnow,626p
09/01/23,Shrimp,552
09/01/23,Shrimp,2487
09/01/23,Fukui,3172p
09/01/23,Minnow,65p
09/01/23,Fukui,3114p
09/01/23,Minnow,158p
09/01/23,Fukui,117y
09/01/23,Minnow,3090p
09/01/23,Fukui,21p
09/01/23,Minnow,181p
09/01/23,Fukui,1200y
09/01/23,Minnow,73p
09/01/23,Fukui,1187r
09/01/23,Minnow,691p
09/01/23,Minnow,684p
09/01/23,Fukui,1122b
09/01/23,Fukui,3151p
09/01/23,Minnow,1394p
09/01/23,Fukui,3088p
09/01/23,Minnow,1367p
09/01/23,Fukui,3190p
09/01/23,Minnow,131p
09/01/23,Fukui,3157p
09/01/23,Minnow,85P
09/01/23,Shrimp,2457
09/01/23,Shrimp,1758
09/01/23,Fukui,1189r
09/01/23,Minnow,180p
09/01/23,Fukui,505
09/01/23,Minnow,36g
09/01/23,Fukui,1387g
09/01/23,Minnow,658p
09/01/23,Fukui,1373p
09/01/23,Minnow,192p
09/01/23,Shrimp,2484
09/01/23,Shrimp,2455
09/01/23,Shrimp,2458
09/01/23,Shrimp,214 g 
09/01/23,Shrimp,2466g
09/01/23,Shrimp,348g
09/01/23,Shrimp ñ other,1886g
09/01/23,Shrimp ñ other,2450g
09/01/23,Shrimp ñ other,2321
09/01/23,Minnow,166p
09/01/23,Minnow,3085p
09/01/23,Minnow,643p
09/01/23,Minnow,692p
09/01/23,Minnow,174p
09/01/23,Minnow,189p
09/01/23,Minnow,668p
09/01/23,Minnow,3192p
09/01/23,Fukui,3079p
09/01/23,Minnow,630p
09/01/23,Fukui,3103p
09/01/23,Minnow,155p
09/01/23,Fukui,9311y
09/01/23,Minnow,163p
09/01/23,Minnow,1366p
09/01/23,Minnow,663p
09/01/23,Minnow,682p
09/01/23,Minnow,150p
09/01/23,Minnow,1398p
09/01/23,Minnow,145p
09/01/23,Minnow,128p
09/01/23,Minnow,70p
09/01/23,Minnow,74p
09/01/23,Shrimp ñ other,1828
09/01/23,Minnow,662p
09/12/23,Shrimp,3184p
09/12/23,Shrimp,2455
09/12/23,Shrimp,1758
09/12/23,Shrimp ñ other,2450
09/12/23,Shrimp,159p
09/12/23,Shrimp,2486
09/12/23,Shrimp ñ other,1828
09/12/23,Shrimp,2466
09/12/23,Minnow,160p
09/12/23,Minnow,170p
09/12/23,Minnow,177p
09/12/23,Minnow,185p
09/12/23,Minnow,678p
09/12/23,Minnow,1390p
09/12/23,Minnow,183p
09/12/23,Minnow,29p
09/12/23,Minnow,1378p
09/12/23,Minnow,691p
09/12/23,Minnow,175p
09/12/23,Minnow,1394p
09/12/23,Minnow,684p
09/12/23,Minnow,626p
09/12/23,Minnow,73
09/12/23,Shrimp,2458
09/12/23,Shrimp,2457
09/12/23,Shrimp,552
09/13/23,Shrimp,2457
09/13/23,Shrimp,552
09/13/23,Shrimp,2486
09/13/23,Shrimp ñ other,1828
09/13/23,Shrimp,2466
09/13/23,Minnow,160p
09/13/23,Minnow,170p
09/13/23,Minnow,177p
09/13/23,Minnow,185p
09/13/23,Minnow,678p
09/13/23,Minnow,1390p
09/13/23,Minnow,183p
09/13/23,Minnow,29p
09/13/23,Minnow,1378p
09/13/23,Minnow,691p
09/13/23,Minnow,175p
09/13/23,Minnow,1394p
09/13/23,Minnow,684p
09/13/23,Minnow,626p
09/13/23,Minnow,73
09/13/23,Shrimp,2458
09/13/23,Shrimp,3184p
09/13/23,Shrimp,2455
09/13/23,Shrimp,1758
09/13/23,Shrimp ñ other,2450
09/13/23,Shrimp,159p
09/13/23,Fukui,1187r
09/13/23,Minnow,3090p
09/13/23,Minnow,674p
09/13/23,Fukui,21p
09/13/23,Fukui,3190p
09/13/23,Minnow,1398p
09/13/23,Fukui,3161p
09/13/23,Minnow,663p
09/13/23,Fukui,1122b
09/13/23,Fukui,3114p
09/13/23,Minnow,1366p
09/13/23,Minnow,85p
09/13/23,Fukui,3149p
09/13/23,Minnow,65p
09/13/23,Minnow,585p
09/13/23,Minnow,145p
09/13/23,Fukui,117y
09/13/23,Fukui,3172p
09/13/23,Minnow,131p
09/13/23,Fukui,3088p
09/13/23,Minnow,1367p
09/13/23,Fukui,3151p
09/13/23,Fukui,1209y
09/13/23,Minnow,181p
09/13/23,Fukui,1192p
09/13/23,Minnow,180p
09/13/23,Fukui,1396p
09/13/23,Minnow,158p
09/13/23,Fukui,3194p
09/13/23,Minnow,70p
09/26/23,Minnow,185p
09/26/23,Fukui,3194p
09/26/23,Minnow,170p
09/26/23,Fukui,1187r
09/26/23,Minnow,1378p
09/26/23,Fukui,1192y
09/26/23,Fukui,1122b
09/26/23,Minnow,36p
09/26/23,Minnow,177p
09/26/23,Fukui,3161p
09/26/23,Minnow,183p
09/26/23,Fukui,1200y
09/26/23,Fukui,3114p
09/26/23,Minnow,1390p
09/26/23,Fukui,3172p
09/26/23,Minnow,192p
09/26/23,Fukui,3088p
09/26/23,Fukui,3151p
09/26/23,Minnow,1394p
09/26/23,Minnow,29p
09/26/23,Minnow,626p
09/26/23,Fukui,1396
09/26/23,Shrimp,2458
09/26/23,Shrimp,2487
09/26/23,Fukui,21p
09/26/23,Fukui,3190p
09/26/23,Minnow,658p
09/26/23,Fukui,117y
09/26/23,Minnow,128p
09/26/23,Minnow,678p
09/26/23,Minnow,155p
09/26/23,Fukui,3149p
09/26/23,Minnow,73p
09/26/23,Minnow,684p
09/26/23,Minnow,175p
09/26/23,Minnow,160y
09/26/23,Minnow,70p
09/26/23,Minnow,65p
09/26/23,Minnow,1366p
09/26/23,Minnow,181p
09/26/23,Minnow,1367p
09/26/23,Minnow,163p
09/26/23,Shrimp,348
09/26/23,Shrimp ñ other,214
09/26/23,Minnow,74p
09/26/23,Minnow,3192p
09/26/23,Minnow,180p
09/26/23,Minnow,630p
09/26/23,Minnow,691p
09/26/23,Shrimp ñ other,2450
09/26/23,Minnow,3085p
09/26/23,Minnow,174p
09/26/23,Minnow,130p
09/26/23,Minnow,30p
09/26/23,Minnow,692p
09/26/23,Minnow,668p
09/26/23,Minnow,166p
09/26/23,Minnow,682p
09/26/23,Minnow,189p
09/26/23,Minnow, 1387p
09/26/23,Minnow,632p
09/26/23,Minnow,150p
09/26/23,Minnow,1382p
09/26/23,Minnow,643p
09/26/23,Minnow,662p
09/26/23,Shrimp,2468
09/26/23,Shrimp,2486
09/26/23,Shrimp,1758
09/27/23,Minnow,626p
09/27/23,Fukui,1396
09/27/23,Shrimp,2458
09/27/23,Shrimp,2487
09/27/23,Fukui,21p
09/27/23,Fukui,3161p
09/27/23,Minnow,183p
09/27/23,Fukui,3088p
09/27/23,Fukui,1187r
09/27/23,Minnow,185p
09/27/23,Fukui,3194p
09/27/23,Minnow,170p
09/27/23,Minnow,1378p
09/27/23,Fukui,1192y
09/27/23,Fukui,1122b
09/27/23,Minnow,36p
09/27/23,Minnow,177p
09/27/23,Fukui,1200y
09/27/23,Fukui,3114p
09/27/23,Minnow,1390p
09/27/23,Fukui,3172p
09/27/23,Minnow,192p
09/27/23,Fukui,3151p
09/27/23,Minnow,1394p
09/27/23,Minnow,29p
09/27/23,Fukui,3190p
09/27/23,Minnow,658p
09/27/23,Fukui,117y
09/27/23,Minnow,128p
09/27/23,Minnow,678p
09/27/23,Minnow,155p
09/27/23,Fukui,3149p
09/27/23,Minnow,691p
09/27/23,Minnow,73p
09/27/23,Minnow,684p
09/27/23,Minnow,175p
09/27/23,Minnow,160y
09/27/23,Minnow,70p
09/27/23,Minnow,65p
09/27/23,Minnow,1366p
09/27/23,Minnow,181p
09/27/23,Minnow,1367p
09/27/23,Minnow,163p
09/27/23,Shrimp,348
09/27/23,Shrimp ñ other,214
09/27/23,Minnow,74p
09/27/23,Minnow,3192p
09/27/23,Minnow,180p
09/27/23,Minnow,630p
09/27/23,Minnow,668p
09/27/23,Minnow,166p
09/27/23,Minnow,682p
09/27/23,Minnow,189p
09/27/23,Minnow, 1387p
09/27/23,Minnow,632p
09/27/23,Minnow,150p
09/27/23,Minnow,1382p
09/27/23,Minnow,643p
09/27/23,Minnow,662p
09/27/23,Shrimp,2468
09/27/23,Shrimp,2486
09/27/23,Shrimp,1758
09/27/23,Shrimp ñ other,2450
09/27/23,Minnow,3085p
09/27/23,Minnow,174p
09/27/23,Minnow,130p
09/27/23,Minnow,30p
09/27/23,Minnow,692p
09/28/23,Fukui,3172p
09/28/23,Shrimp,2458g
09/28/23,Minnow,128p
09/28/23,Fukui,3190p
09/28/23,Minnow,29p
09/28/23,Fukui,177y
09/28/23,Minnow,185p
09/28/23,Shrimp,2487g
09/28/23,Fukui,3151p
09/28/23,Minnow,678p
09/28/23,Fukui,1187r
09/28/23,Minnow,170p
09/28/23,Fukui,3161p
09/28/23,Minnow,36p
09/28/23,Fukui,3149p
09/28/23,Minnow,1390p
09/28/23,Fukui,21p
09/28/23,Minnow,192p
09/28/23,Fukui,3114p
09/28/23,Minnow,155p
09/28/23,Minnow,1378p
09/28/23,Fukui,1396g
09/28/23,Minnow,177p
09/28/23,Fukui,3088p
09/28/23,Fukui,3194p
09/28/23,Minnow,1394p
09/28/23,Fukui,1122b
09/28/23,Minnow,658p
09/28/23,Fukui,1192y
09/28/23,Minnow,626p
09/28/23,Fukui,1200y
09/28/23,Minnow,183p
09/28/23,Shrimp,2468
09/28/23,Shrimp,2486
09/28/23,Shrimp,1758
09/28/23,Shrimp ñ other,2450
09/28/23,Minnow,691p
09/28/23,Minnow,73p
09/28/23,Minnow,684p
09/28/23,Minnow,175p
09/28/23,Minnow,160y
09/28/23,Minnow,70p
09/28/23,Minnow,65p
09/28/23,Minnow,1366p
09/28/23,Minnow,181p
09/28/23,Minnow,1367p
09/28/23,Minnow,163p
09/28/23,Shrimp,348
09/28/23,Shrimp ñ other,214
09/28/23,Minnow,74p
09/28/23,Minnow,3192p
09/28/23,Minnow,180p
09/28/23,Minnow,630p
09/29/23,Shrimp,2487g
09/29/23,Fukui,3151p
09/29/23,Minnow,678p
09/29/23,Fukui,1187r
09/29/23,Minnow,170p
09/29/23,Fukui,3161p
09/29/23,Minnow,36p
09/29/23,Fukui,3149p
09/29/23,Minnow,1390p
09/29/23,Fukui,21p
09/29/23,Minnow,192p
09/29/23,Fukui,3114p
09/29/23,Minnow,155p
09/29/23,Minnow,1378p
09/29/23,Fukui,1396g
09/29/23,Minnow,177p
09/29/23,Fukui,3088p
09/29/23,Fukui,3194p
09/29/23,Minnow,1394p
09/29/23,Fukui,1122b
09/29/23,Minnow,658p
09/29/23,Minnow,626p
09/29/23,Fukui,1200y
09/29/23,Minnow,183p
09/29/23,Fukui,1192y
09/29/23,Fukui,3172p
09/29/23,Shrimp,2458g
09/29/23,Minnow,128p
09/29/23,Fukui,3190p
09/29/23,Minnow,29p
09/29/23,Fukui,177y
09/29/23,Minnow,185p
09/29/23,Shrimp ñ other,2450
09/29/23,Shrimp,2468
09/29/23,Shrimp,2486
09/29/23,Shrimp,1758
09/30/23,Shrimp ñ other,2450
09/30/23,Shrimp,2468
09/30/23,Shrimp,2486
09/30/23,Shrimp,1758
10/10/23,Minnow,185p
10/10/23,Shrimp,1758
10/10/23,Shrimp,3184p
10/10/23,Minnow,29p
10/10/23,Shrimp,2486
10/10/23,Shrimp,2468
10/10/23,Shrimp,2487
10/10/23,Minnow,1390p
10/10/23,Minnow,128p
10/10/23,Minnow,678p
10/10/23,Minnow,658p
10/10/23,Minnow,183p
10/11/23,Minnow,185p
10/11/23,Shrimp,1758
10/11/23,Shrimp,3184p
10/11/23,Minnow,29p
10/11/23,Shrimp,2486
10/11/23,Shrimp,2468
10/11/23,Shrimp,2487
10/11/23,Minnow,1390p
10/11/23,Minnow,128p
10/11/23,Minnow,678p
10/11/23,Minnow,658p
10/11/23,Minnow,183p
10/24/23,Minnow,185p
10/24/23,Minnow,128p
10/24/23,Minnow,658p
10/24/23,Minnow,74p
10/24/23,Minnow,585p
10/24/23,Minnow,85p
10/24/23,Minnow,663p
10/24/23,Minnow,1398p
10/24/23,Minnow,3090p
10/24/23,Minnow,158p
10/24/23,Minnow,131p
10/24/23,Minnow,145p
10/24/23,Minnow,1390p
10/24/23,Shrimp ñ other,2321
10/24/23,Shrimp ñ other,214
10/24/23,Minnow,29p
10/24/23,Minnow,678p
10/24/23,Shrimp,2455
10/24/23,Minnow,1367p
10/24/23,Minnow,691p
10/24/23,Minnow,630p
10/24/23,Minnow,74p
10/24/23,Minnow,181p
10/24/23,Minnow,684p
10/24/23,Minnow,70p
10/24/23,Minnow,175p
10/24/23,Minnow,163p
10/24/23,Minnow,65p
10/24/23,Minnow,1366p
10/24/23,Minnow,160y
10/24/23,Minnow,180p
10/24/23,Shrimp ñ other,1886
10/24/23,Minnow,73p
10/24/23,Minnow,3192p
10/24/23,Fukui,3194p
10/24/23,Minnow,670p
10/24/23,Fukui,1187r
10/24/23,Minnow,132p
10/24/23,Fukui,3161
10/24/23,Minnow,1378p
10/24/23,Shrimp,2484
10/24/23,Shrimp,2486
10/24/23,Fukui,3088p
10/24/23,Minnow,36p
10/24/23,Fukui,1192y
10/24/23,Minnow,64p
10/24/23,Fukui,1200y
10/24/23,Fukui,3114p
10/24/23,Minnow,1381p
10/24/23,Minnow,1396p
10/24/23,Minnow,169p
10/24/23,Fukui,1122b
10/24/23,Minnow,1383p
10/24/23,Fukui,3190p
10/24/23,Minnow,1368p
10/24/23,Fukui,117y
10/24/23,Minnow,146p
10/24/23,Fukui,3172p
10/24/23,Fukui,1396
10/24/23,Minnow,1394p
10/24/23,Fukui,3149p
10/24/23,Minnow,138p
10/24/23,Shrimp,552
10/24/23,Fukui,21p
10/24/23,Minnow,155p
10/24/23,Fukui,3151p
10/24/23,Minnow,177p
10/24/23,Shrimp,2851
10/24/23,Shrimp,1158r
10/24/23,Shrimp ñ other,2401
10/24/23,Shrimp,2117
10/24/23,Shrimp,1749
10/24/23,Shrimp,2014
10/24/23,Shrimp ñ other,842
10/24/23,Shrimp,2076
10/24/23,Shrimp,1013
10/24/23,Shrimp,1867
10/24/23,Shrimp,3184p
10/24/23,Shrimp,348
10/24/23,Shrimp,1758
10/24/23,Shrimp,2468
10/24/23,Shrimp,2487
10/24/23,Shrimp,2457
10/24/23,Shrimp,159p
10/24/23,Shrimp,2458
10/24/23,Shrimp,2466
10/24/23,Shrimp,840
10/24/23,Shrimp ñ other,3188p
10/24/23,Shrimp ñ other,2503
10/24/23,Shrimp ñ other,953
10/24/23,Shrimp ñ other,2523
10/24/23,Shrimp ñ other,433
10/24/23,Shrimp ñ other,1817
10/24/23,Shrimp,1748
10/24/23,Shrimp,2145
10/24/23,Shrimp,1734
10/24/23,Shrimp,2003
10/24/23,Shrimp,605
10/24/23,Shrimp,2517
10/25/23,Minnow,74p
10/25/23,Minnow,585p
10/25/23,Minnow,85p
10/25/23,Minnow,663p
10/25/23,Minnow,1398p
10/25/23,Minnow,3090p
10/25/23,Minnow,158p
10/25/23,Minnow,131p
10/25/23,Minnow,145p
10/25/23,Minnow,1390p
10/25/23,Shrimp ñ other,2321
10/25/23,Shrimp ñ other,214
10/25/23,Minnow,29p
10/25/23,Minnow,678p
10/25/23,Minnow,185p
10/25/23,Minnow,128p
10/25/23,Minnow,658p
10/25/23,Fukui,3194p
10/25/23,Minnow,670p
10/25/23,Fukui,1187r
10/25/23,Minnow,132p
10/25/23,Fukui,3161
10/25/23,Minnow,1378p
10/25/23,Shrimp,2484
10/25/23,Shrimp,2486
10/25/23,Fukui,3088p
10/25/23,Minnow,36p
10/25/23,Fukui,1192y
10/25/23,Minnow,64p
10/25/23,Fukui,1200y
10/25/23,Fukui,3114p
10/25/23,Minnow,1381p
10/25/23,Minnow,1396p
10/25/23,Minnow,169p
10/25/23,Fukui,1122b
10/25/23,Minnow,1383p
10/25/23,Fukui,3190p
10/25/23,Minnow,1368p
10/25/23,Fukui,117y
10/25/23,Minnow,146p
10/25/23,Fukui,3172p
10/25/23,Fukui,1396
10/25/23,Minnow,1394p
10/25/23,Fukui,3149p
10/25/23,Minnow,138p
10/25/23,Shrimp,552
10/25/23,Fukui,21p
10/25/23,Minnow,155p
10/25/23,Fukui,3151p
10/25/23,Minnow,177p
10/25/23,Shrimp,840
10/25/23,Shrimp,2466
10/25/23,Shrimp,2458
10/25/23,Shrimp,159p
10/25/23,Shrimp,2457
10/25/23,Shrimp,2487
10/25/23,Shrimp,2468
10/25/23,Shrimp,348
10/25/23,Shrimp ñ other,3188p
10/25/23,Shrimp,1758
10/25/23,Shrimp,2145
10/25/23,Shrimp,1748
10/25/23,Shrimp,1734
10/25/23,Shrimp,2003
10/25/23,Shrimp,2517
10/25/23,Shrimp,1749
10/25/23,Shrimp,2117
10/25/23,Shrimp ñ other,2401
10/25/23,Shrimp,1158r
10/25/23,Shrimp,2851
10/25/23,Shrimp,2014
10/25/23,Shrimp,1867
10/25/23,Shrimp,1013
10/25/23,Shrimp,2076
10/25/23,Shrimp ñ other,842
10/25/23,Shrimp,3184p
10/25/23,Shrimp,605
10/25/23,Shrimp ñ other,2503
10/25/23,Shrimp ñ other,953
10/25/23,Shrimp ñ other,2523
10/25/23,Shrimp ñ other,433
10/25/23,Shrimp ñ other,1817
10/26/23,Shrimp,2468
10/26/23,Shrimp,2145
10/26/23,Shrimp,1748
10/26/23,Shrimp,2003
10/26/23,Shrimp,1734
10/26/23,Shrimp,605
10/26/23,Shrimp ñ other,2503
10/26/23,Shrimp ñ other,1817
10/26/23,Shrimp ñ other,953
10/26/23,Shrimp ñ other,2523
10/26/23,Shrimp ñ other,433
10/26/23,Shrimp,1013
10/26/23,Shrimp ñ other,1158r
10/26/23,Shrimp ñ other,2401
10/26/23,Shrimp,2076
10/26/23,Shrimp ñ other,842
10/26/23,Shrimp,2117
10/26/23,Shrimp,1749
10/26/23,Shrimp,3184p
10/26/23,Shrimp,2851
10/26/23,Shrimp,2014
10/26/23,Shrimp,1867
10/26/23,Shrimp ñ other,3188p
10/26/23,Shrimp,1758
10/26/23,Shrimp,348
10/26/23,Shrimp,2458
10/26/23,Shrimp,2457
10/26/23,Shrimp,2487
10/26/23,Shrimp,159p
10/26/23,Shrimp,840
10/26/23,Shrimp,2466
10/26/23,Fukui,1189r
10/26/23,Minnow,158p
10/26/23,Fukui,1393g
10/26/23,Minnow,131p
10/26/23,Fukui,3079p
10/26/23,Minnow,185p
10/26/23,Fukui,1387g
10/26/23,Minnow,128p
10/26/23,Fukui,3157p
10/26/23,Minnow,585p
10/26/23,Fukui,1374p
10/26/23,Minnow,145p
10/26/23,Fukui,3078p
10/26/23,Minnow,658p
10/26/23,Fukui,505g
10/26/23,Minnow,678p
10/26/23,Fukui,3173p
10/26/23,Minnow,29p
10/26/23,Fukui,1139y
10/26/23,Minnow,1390p
10/26/23,Shrimp ñ other,1886g
10/26/23,Shrimp ñ other,2321
10/26/23,Shrimp ñ other,214
10/26/23,Fukui,3194p
10/26/23,Minnow,670p
10/26/23,Fukui,1187r
10/26/23,Minnow,132p
10/26/23,Fukui,3161
10/26/23,Minnow,1378p
10/26/23,Shrimp,2484
10/26/23,Shrimp,2486
10/26/23,Fukui,3088p
10/26/23,Minnow,36p
10/26/23,Fukui,1192y
10/26/23,Minnow,64p
10/26/23,Fukui,1200y
10/26/23,Fukui,3114p
10/26/23,Minnow,1381p
10/26/23,Minnow,1396p
10/26/23,Minnow,169p
10/26/23,Fukui,1122b
10/26/23,Minnow,1383p
10/26/23,Fukui,3190p
10/26/23,Minnow,1368p
10/26/23,Fukui,117y
10/26/23,Minnow,146p
10/26/23,Fukui,3172p
10/26/23,Fukui,1396
10/26/23,Minnow,1394p
10/26/23,Fukui,3149p
10/26/23,Minnow,138p
10/26/23,Shrimp,552
10/26/23,Fukui,21p
10/26/23,Minnow,155p
10/26/23,Fukui,3151p
10/26/23,Minnow,177p